service,start_time,end_time,consumption
ELECTRIC,2026-08-13 00:00:00-04:00,2026-08-13 00:14:59-04:00,0
ELECTRIC,2026-08-13 00:15:00-04:00,2026-08-13 00:29:59-04:00,0
ELECTRIC,2026-08-13 00:30:00-04:00,2026-08-13 00:44:59-04:00,0
ELECTRIC,2026-08-13 00:45:00-04:00,2026-08-13 00:59:59-04:00,0
ELECTRIC,2026-08-13 01:00:00-04:00,2026-08-13 01:14:59-04:00,0
ELECTRIC,2026-08-13 01:15:00-04:00,2026-08-13 01:29:59-04:00,0
ELECTRIC,2026-08-13 01:30:00-04:00,2026-08-13 01:44:59-04:00,0
ELECTRIC,2026-08-13 01:45:00-04:00,2026-08-13 01:59:59-04:00,0
ELECTRIC,2026-08-13 02:00:00-04:00,2026-08-13 02:14:59-04:00,0
ELECTRIC,2026-08-13 02:15:00-04:00,2026-08-13 02:29:59-04:00,0
ELECTRIC,2026-08-13 02:30:00-04:00,2026-08-13 02:44:59-04:00,0
ELECTRIC,2026-08-13 02:45:00-04:00,2026-08-13 02:59:59-04:00,0
ELECTRIC,2026-08-13 03:00:00-04:00,2026-08-13 03:14:59-04:00,0
ELECTRIC,2026-08-13 03:15:00-04:00,2026-08-13 03:29:59-04:00,0
ELECTRIC,2026-08-13 03:30:00-04:00,2026-08-13 03:44:59-04:00,0
ELECTRIC,2026-08-13 03:45:00-04:00,2026-08-13 03:59:59-04:00,0
ELECTRIC,2026-08-13 04:00:00-04:00,2026-08-13 04:14:59-04:00,0
ELECTRIC,2026-08-13 04:15:00-04:00,2026-08-13 04:29:59-04:00,0
ELECTRIC,2026-08-13 04:30:00-04:00,2026-08-13 04:44:59-04:00,0
ELECTRIC,2026-08-13 04:45:00-04:00,2026-08-13 04:59:59-04:00,0
ELECTRIC,2026-08-13 05:00:00-04:00,2026-08-13 05:14:59-04:00,0
ELECTRIC,2026-08-13 05:15:00-04:00,2026-08-13 05:29:59-04:00,0
ELECTRIC,2026-08-13 05:30:00-04:00,2026-08-13 05:44:59-04:00,0
ELECTRIC,2026-08-13 05:45:00-04:00,2026-08-13 05:59:59-04:00,0
ELECTRIC,2026-08-13 06:00:00-04:00,2026-08-13 06:14:59-04:00,0
ELECTRIC,2026-08-13 06:15:00-04:00,2026-08-13 06:29:59-04:00,0
ELECTRIC,2026-08-13 06:30:00-04:00,2026-08-13 06:44:59-04:00,0
ELECTRIC,2026-08-13 06:45:00-04:00,2026-08-13 06:59:59-04:00,0
ELECTRIC,2026-08-13 07:00:00-04:00,2026-08-13 07:14:59-04:00,0
ELECTRIC,2026-08-13 07:15:00-04:00,2026-08-13 07:29:59-04:00,0
ELECTRIC,2026-08-13 07:30:00-04:00,2026-08-13 07:44:59-04:00,0
ELECTRIC,2026-08-13 07:45:00-04:00,2026-08-13 07:59:59-04:00,0
ELECTRIC,2026-08-13 08:00:00-04:00,2026-08-13 08:14:59-04:00,0
ELECTRIC,2026-08-13 08:15:00-04:00,2026-08-13 08:29:59-04:00,0
ELECTRIC,2026-08-13 08:30:00-04:00,2026-08-13 08:44:59-04:00,0
ELECTRIC,2026-08-13 08:45:00-04:00,2026-08-13 08:59:59-04:00,0
ELECTRIC,2026-08-13 09:00:00-04:00,2026-08-13 09:14:59-04:00,0
ELECTRIC,2026-08-13 09:15:00-04:00,2026-08-13 09:29:59-04:00,0
ELECTRIC,2026-08-13 09:30:00-04:00,2026-08-13 09:44:59-04:00,0
ELECTRIC,2026-08-13 09:45:00-04:00,2026-08-13 09:59:59-04:00,-49
ELECTRIC,2026-08-13 10:00:00-04:00,2026-08-13 10:14:59-04:00,-132
ELECTRIC,2026-08-13 10:15:00-04:00,2026-08-13 10:29:59-04:00,-206
ELECTRIC,2026-08-13 10:30:00-04:00,2026-08-13 10:44:59-04:00,-27
ELECTRIC,2026-08-13 10:45:00-04:00,2026-08-13 10:59:59-04:00,-115
ELECTRIC,2026-08-13 11:00:00-04:00,2026-08-13 11:14:59-04:00,-358
ELECTRIC,2026-08-13 11:15:00-04:00,2026-08-13 11:29:59-04:00,-90
ELECTRIC,2026-08-13 11:30:00-04:00,2026-08-13 11:44:59-04:00,-92
ELECTRIC,2026-08-13 11:45:00-04:00,2026-08-13 11:59:59-04:00,-356
ELECTRIC,2026-08-13 12:00:00-04:00,2026-08-13 12:14:59-04:00,-124
ELECTRIC,2026-08-13 12:15:00-04:00,2026-08-13 12:29:59-04:00,-170
ELECTRIC,2026-08-13 12:30:00-04:00,2026-08-13 12:44:59-04:00,-243
ELECTRIC,2026-08-13 12:45:00-04:00,2026-08-13 12:59:59-04:00,-241
ELECTRIC,2026-08-13 13:00:00-04:00,2026-08-13 13:14:59-04:00,-313
ELECTRIC,2026-08-13 13:15:00-04:00,2026-08-13 13:29:59-04:00,-409
ELECTRIC,2026-08-13 13:30:00-04:00,2026-08-13 13:44:59-04:00,-267
ELECTRIC,2026-08-13 13:45:00-04:00,2026-08-13 13:59:59-04:00,-242
ELECTRIC,2026-08-13 14:00:00-04:00,2026-08-13 14:14:59-04:00,-169
ELECTRIC,2026-08-13 14:15:00-04:00,2026-08-13 14:29:59-04:00,-201
ELECTRIC,2026-08-13 14:30:00-04:00,2026-08-13 14:44:59-04:00,-179
ELECTRIC,2026-08-13 14:45:00-04:00,2026-08-13 14:59:59-04:00,-129
ELECTRIC,2026-08-13 15:00:00-04:00,2026-08-13 15:14:59-04:00,-93
ELECTRIC,2026-08-13 15:15:00-04:00,2026-08-13 15:29:59-04:00,-213
ELECTRIC,2026-08-13 15:30:00-04:00,2026-08-13 15:44:59-04:00,-138
ELECTRIC,2026-08-13 15:45:00-04:00,2026-08-13 15:59:59-04:00,-215
ELECTRIC,2026-08-13 16:00:00-04:00,2026-08-13 16:14:59-04:00,-49
ELECTRIC,2026-08-13 16:15:00-04:00,2026-08-13 16:29:59-04:00,-10
ELECTRIC,2026-08-13 16:30:00-04:00,2026-08-13 16:44:59-04:00,-6
ELECTRIC,2026-08-13 16:45:00-04:00,2026-08-13 16:59:59-04:00,-11
ELECTRIC,2026-08-13 17:00:00-04:00,2026-08-13 17:14:59-04:00,0
ELECTRIC,2026-08-13 17:15:00-04:00,2026-08-13 17:29:59-04:00,0
ELECTRIC,2026-08-13 17:30:00-04:00,2026-08-13 17:44:59-04:00,0
ELECTRIC,2026-08-13 17:45:00-04:00,2026-08-13 17:59:59-04:00,0
ELECTRIC,2026-08-13 18:00:00-04:00,2026-08-13 18:14:59-04:00,0
ELECTRIC,2026-08-13 18:15:00-04:00,2026-08-13 18:29:59-04:00,0
ELECTRIC,2026-08-13 18:30:00-04:00,2026-08-13 18:44:59-04:00,0
ELECTRIC,2026-08-13 18:45:00-04:00,2026-08-13 18:59:59-04:00,0
ELECTRIC,2026-08-13 19:00:00-04:00,2026-08-13 19:14:59-04:00,0
ELECTRIC,2026-08-13 19:15:00-04:00,2026-08-13 19:29:59-04:00,0
ELECTRIC,2026-08-13 19:30:00-04:00,2026-08-13 19:44:59-04:00,0
ELECTRIC,2026-08-13 19:45:00-04:00,2026-08-13 19:59:59-04:00,0
ELECTRIC,2026-08-13 20:00:00-04:00,2026-08-13 20:14:59-04:00,0
ELECTRIC,2026-08-13 20:15:00-04:00,2026-08-13 20:29:59-04:00,0
ELECTRIC,2026-08-13 20:30:00-04:00,2026-08-13 20:44:59-04:00,0
ELECTRIC,2026-08-13 20:45:00-04:00,2026-08-13 20:59:59-04:00,0
ELECTRIC,2026-08-13 21:00:00-04:00,2026-08-13 21:14:59-04:00,0
ELECTRIC,2026-08-13 21:15:00-04:00,2026-08-13 21:29:59-04:00,0
ELECTRIC,2026-08-13 21:30:00-04:00,2026-08-13 21:44:59-04:00,0
ELECTRIC,2026-08-13 21:45:00-04:00,2026-08-13 21:59:59-04:00,0
ELECTRIC,2026-08-13 22:00:00-04:00,2026-08-13 22:14:59-04:00,0
ELECTRIC,2026-08-13 22:15:00-04:00,2026-08-13 22:29:59-04:00,0
ELECTRIC,2026-08-13 22:30:00-04:00,2026-08-13 22:44:59-04:00,0
ELECTRIC,2026-08-13 22:45:00-04:00,2026-08-13 22:59:59-04:00,0
ELECTRIC,2026-08-13 23:00:00-04:00,2026-08-13 23:14:59-04:00,0
ELECTRIC,2026-08-13 23:15:00-04:00,2026-08-13 23:29:59-04:00,0
ELECTRIC,2026-08-13 23:30:00-04:00,2026-08-13 23:44:59-04:00,0
ELECTRIC,2026-08-13 23:45:00-04:00,2026-08-13 23:59:59-04:00,0
ELECTRIC,2026-08-14 00:00:00-04:00,2026-08-14 00:14:59-04:00,0
ELECTRIC,2026-08-14 00:15:00-04:00,2026-08-14 00:29:59-04:00,0
ELECTRIC,2026-08-14 00:30:00-04:00,2026-08-14 00:44:59-04:00,0
ELECTRIC,2026-08-14 00:45:00-04:00,2026-08-14 00:59:59-04:00,0
ELECTRIC,2026-08-14 01:00:00-04:00,2026-08-14 01:14:59-04:00,0
ELECTRIC,2026-08-14 01:15:00-04:00,2026-08-14 01:29:59-04:00,0
ELECTRIC,2026-08-14 01:30:00-04:00,2026-08-14 01:44:59-04:00,0
ELECTRIC,2026-08-14 01:45:00-04:00,2026-08-14 01:59:59-04:00,0
ELECTRIC,2026-08-14 02:00:00-04:00,2026-08-14 02:14:59-04:00,0
ELECTRIC,2026-08-14 02:15:00-04:00,2026-08-14 02:29:59-04:00,0
ELECTRIC,2026-08-14 02:30:00-04:00,2026-08-14 02:44:59-04:00,0
ELECTRIC,2026-08-14 02:45:00-04:00,2026-08-14 02:59:59-04:00,0
ELECTRIC,2026-08-14 03:00:00-04:00,2026-08-14 03:14:59-04:00,0
ELECTRIC,2026-08-14 03:15:00-04:00,2026-08-14 03:29:59-04:00,0
ELECTRIC,2026-08-14 03:30:00-04:00,2026-08-14 03:44:59-04:00,0
ELECTRIC,2026-08-14 03:45:00-04:00,2026-08-14 03:59:59-04:00,0
ELECTRIC,2026-08-14 04:00:00-04:00,2026-08-14 04:14:59-04:00,0
ELECTRIC,2026-08-14 04:15:00-04:00,2026-08-14 04:29:59-04:00,0
ELECTRIC,2026-08-14 04:30:00-04:00,2026-08-14 04:44:59-04:00,0
ELECTRIC,2026-08-14 04:45:00-04:00,2026-08-14 04:59:59-04:00,0
ELECTRIC,2026-08-14 05:00:00-04:00,2026-08-14 05:14:59-04:00,0
ELECTRIC,2026-08-14 05:15:00-04:00,2026-08-14 05:29:59-04:00,0
ELECTRIC,2026-08-14 05:30:00-04:00,2026-08-14 05:44:59-04:00,0
ELECTRIC,2026-08-14 05:45:00-04:00,2026-08-14 05:59:59-04:00,0
ELECTRIC,2026-08-14 06:00:00-04:00,2026-08-14 06:14:59-04:00,0
ELECTRIC,2026-08-14 06:15:00-04:00,2026-08-14 06:29:59-04:00,0
ELECTRIC,2026-08-14 06:30:00-04:00,2026-08-14 06:44:59-04:00,0
ELECTRIC,2026-08-14 06:45:00-04:00,2026-08-14 06:59:59-04:00,0
ELECTRIC,2026-08-14 07:00:00-04:00,2026-08-14 07:14:59-04:00,0
ELECTRIC,2026-08-14 07:15:00-04:00,2026-08-14 07:29:59-04:00,0
ELECTRIC,2026-08-14 07:30:00-04:00,2026-08-14 07:44:59-04:00,0
ELECTRIC,2026-08-14 07:45:00-04:00,2026-08-14 07:59:59-04:00,0
ELECTRIC,2026-08-14 08:00:00-04:00,2026-08-14 08:14:59-04:00,0
ELECTRIC,2026-08-14 08:15:00-04:00,2026-08-14 08:29:59-04:00,0
ELECTRIC,2026-08-14 08:30:00-04:00,2026-08-14 08:44:59-04:00,0
ELECTRIC,2026-08-14 08:45:00-04:00,2026-08-14 08:59:59-04:00,0
ELECTRIC,2026-08-14 09:00:00-04:00,2026-08-14 09:14:59-04:00,0
ELECTRIC,2026-08-14 09:15:00-04:00,2026-08-14 09:29:59-04:00,0
ELECTRIC,2026-08-14 09:30:00-04:00,2026-08-14 09:44:59-04:00,-7
ELECTRIC,2026-08-14 09:45:00-04:00,2026-08-14 09:59:59-04:00,0
ELECTRIC,2026-08-14 10:00:00-04:00,2026-08-14 10:14:59-04:00,-11
ELECTRIC,2026-08-14 10:15:00-04:00,2026-08-14 10:29:59-04:00,-175
ELECTRIC,2026-08-14 10:30:00-04:00,2026-08-14 10:44:59-04:00,-95
ELECTRIC,2026-08-14 10:45:00-04:00,2026-08-14 10:59:59-04:00,-448
ELECTRIC,2026-08-14 11:00:00-04:00,2026-08-14 11:14:59-04:00,-166
ELECTRIC,2026-08-14 11:15:00-04:00,2026-08-14 11:29:59-04:00,-173
ELECTRIC,2026-08-14 11:30:00-04:00,2026-08-14 11:44:59-04:00,-736
ELECTRIC,2026-08-14 11:45:00-04:00,2026-08-14 11:59:59-04:00,-302
ELECTRIC,2026-08-14 12:00:00-04:00,2026-08-14 12:14:59-04:00,-214
ELECTRIC,2026-08-14 12:15:00-04:00,2026-08-14 12:29:59-04:00,-160
ELECTRIC,2026-08-14 12:30:00-04:00,2026-08-14 12:44:59-04:00,-30
ELECTRIC,2026-08-14 12:45:00-04:00,2026-08-14 12:59:59-04:00,-162
ELECTRIC,2026-08-14 13:00:00-04:00,2026-08-14 13:14:59-04:00,-250
ELECTRIC,2026-08-14 13:15:00-04:00,2026-08-14 13:29:59-04:00,-644
ELECTRIC,2026-08-14 13:30:00-04:00,2026-08-14 13:44:59-04:00,-531
ELECTRIC,2026-08-14 13:45:00-04:00,2026-08-14 13:59:59-04:00,-283
ELECTRIC,2026-08-14 14:00:00-04:00,2026-08-14 14:14:59-04:00,-257
ELECTRIC,2026-08-14 14:15:00-04:00,2026-08-14 14:29:59-04:00,-242
ELECTRIC,2026-08-14 14:30:00-04:00,2026-08-14 14:44:59-04:00,-239
ELECTRIC,2026-08-14 14:45:00-04:00,2026-08-14 14:59:59-04:00,-223
ELECTRIC,2026-08-14 15:00:00-04:00,2026-08-14 15:14:59-04:00,-209
ELECTRIC,2026-08-14 15:15:00-04:00,2026-08-14 15:29:59-04:00,-147
ELECTRIC,2026-08-14 15:30:00-04:00,2026-08-14 15:44:59-04:00,-140
ELECTRIC,2026-08-14 15:45:00-04:00,2026-08-14 15:59:59-04:00,-166
ELECTRIC,2026-08-14 16:00:00-04:00,2026-08-14 16:14:59-04:00,-57
ELECTRIC,2026-08-14 16:15:00-04:00,2026-08-14 16:29:59-04:00,-6
ELECTRIC,2026-08-14 16:30:00-04:00,2026-08-14 16:44:59-04:00,0
ELECTRIC,2026-08-14 16:45:00-04:00,2026-08-14 16:59:59-04:00,0
ELECTRIC,2026-08-14 17:00:00-04:00,2026-08-14 17:14:59-04:00,0
ELECTRIC,2026-08-14 17:15:00-04:00,2026-08-14 17:29:59-04:00,0
ELECTRIC,2026-08-14 17:30:00-04:00,2026-08-14 17:44:59-04:00,0
ELECTRIC,2026-08-14 17:45:00-04:00,2026-08-14 17:59:59-04:00,0
ELECTRIC,2026-08-14 18:00:00-04:00,2026-08-14 18:14:59-04:00,0
ELECTRIC,2026-08-14 18:15:00-04:00,2026-08-14 18:29:59-04:00,0
ELECTRIC,2026-08-14 18:30:00-04:00,2026-08-14 18:44:59-04:00,0
ELECTRIC,2026-08-14 18:45:00-04:00,2026-08-14 18:59:59-04:00,0
ELECTRIC,2026-08-14 19:00:00-04:00,2026-08-14 19:14:59-04:00,0
ELECTRIC,2026-08-14 19:15:00-04:00,2026-08-14 19:29:59-04:00,0
ELECTRIC,2026-08-14 19:30:00-04:00,2026-08-14 19:44:59-04:00,0
ELECTRIC,2026-08-14 19:45:00-04:00,2026-08-14 19:59:59-04:00,0
ELECTRIC,2026-08-14 20:00:00-04:00,2026-08-14 20:14:59-04:00,0
ELECTRIC,2026-08-14 20:15:00-04:00,2026-08-14 20:29:59-04:00,0
ELECTRIC,2026-08-14 20:30:00-04:00,2026-08-14 20:44:59-04:00,0
ELECTRIC,2026-08-14 20:45:00-04:00,2026-08-14 20:59:59-04:00,0
ELECTRIC,2026-08-14 21:00:00-04:00,2026-08-14 21:14:59-04:00,0
ELECTRIC,2026-08-14 21:15:00-04:00,2026-08-14 21:29:59-04:00,0
ELECTRIC,2026-08-14 21:30:00-04:00,2026-08-14 21:44:59-04:00,0
ELECTRIC,2026-08-14 21:45:00-04:00,2026-08-14 21:59:59-04:00,0
ELECTRIC,2026-08-14 22:00:00-04:00,2026-08-14 22:14:59-04:00,0
ELECTRIC,2026-08-14 22:15:00-04:00,2026-08-14 22:29:59-04:00,0
ELECTRIC,2026-08-14 22:30:00-04:00,2026-08-14 22:44:59-04:00,0
ELECTRIC,2026-08-14 22:45:00-04:00,2026-08-14 22:59:59-04:00,0
ELECTRIC,2026-08-14 23:00:00-04:00,2026-08-14 23:14:59-04:00,0
ELECTRIC,2026-08-14 23:15:00-04:00,2026-08-14 23:29:59-04:00,0
ELECTRIC,2026-08-14 23:30:00-04:00,2026-08-14 23:44:59-04:00,0
ELECTRIC,2026-08-14 23:45:00-04:00,2026-08-14 23:59:59-04:00,0
ELECTRIC,2026-08-15 00:00:00-04:00,2026-08-15 00:14:59-04:00,0
ELECTRIC,2026-08-15 00:15:00-04:00,2026-08-15 00:29:59-04:00,0
ELECTRIC,2026-08-15 00:30:00-04:00,2026-08-15 00:44:59-04:00,0
ELECTRIC,2026-08-15 00:45:00-04:00,2026-08-15 00:59:59-04:00,0
ELECTRIC,2026-08-15 01:00:00-04:00,2026-08-15 01:14:59-04:00,0
ELECTRIC,2026-08-15 01:15:00-04:00,2026-08-15 01:29:59-04:00,0
ELECTRIC,2026-08-15 01:30:00-04:00,2026-08-15 01:44:59-04:00,0
ELECTRIC,2026-08-15 01:45:00-04:00,2026-08-15 01:59:59-04:00,0
ELECTRIC,2026-08-15 02:00:00-04:00,2026-08-15 02:14:59-04:00,0
ELECTRIC,2026-08-15 02:15:00-04:00,2026-08-15 02:29:59-04:00,0
ELECTRIC,2026-08-15 02:30:00-04:00,2026-08-15 02:44:59-04:00,0
ELECTRIC,2026-08-15 02:45:00-04:00,2026-08-15 02:59:59-04:00,0
ELECTRIC,2026-08-15 03:00:00-04:00,2026-08-15 03:14:59-04:00,0
ELECTRIC,2026-08-15 03:15:00-04:00,2026-08-15 03:29:59-04:00,0
ELECTRIC,2026-08-15 03:30:00-04:00,2026-08-15 03:44:59-04:00,0
ELECTRIC,2026-08-15 03:45:00-04:00,2026-08-15 03:59:59-04:00,0
ELECTRIC,2026-08-15 04:00:00-04:00,2026-08-15 04:14:59-04:00,0
ELECTRIC,2026-08-15 04:15:00-04:00,2026-08-15 04:29:59-04:00,0
ELECTRIC,2026-08-15 04:30:00-04:00,2026-08-15 04:44:59-04:00,0
ELECTRIC,2026-08-15 04:45:00-04:00,2026-08-15 04:59:59-04:00,0
ELECTRIC,2026-08-15 05:00:00-04:00,2026-08-15 05:14:59-04:00,0
ELECTRIC,2026-08-15 05:15:00-04:00,2026-08-15 05:29:59-04:00,0
ELECTRIC,2026-08-15 05:30:00-04:00,2026-08-15 05:44:59-04:00,0
ELECTRIC,2026-08-15 05:45:00-04:00,2026-08-15 05:59:59-04:00,0
ELECTRIC,2026-08-15 06:00:00-04:00,2026-08-15 06:14:59-04:00,0
ELECTRIC,2026-08-15 06:15:00-04:00,2026-08-15 06:29:59-04:00,0
ELECTRIC,2026-08-15 06:30:00-04:00,2026-08-15 06:44:59-04:00,0
ELECTRIC,2026-08-15 06:45:00-04:00,2026-08-15 06:59:59-04:00,0
ELECTRIC,2026-08-15 07:00:00-04:00,2026-08-15 07:14:59-04:00,0
ELECTRIC,2026-08-15 07:15:00-04:00,2026-08-15 07:29:59-04:00,0
ELECTRIC,2026-08-15 07:30:00-04:00,2026-08-15 07:44:59-04:00,0
ELECTRIC,2026-08-15 07:45:00-04:00,2026-08-15 07:59:59-04:00,0
ELECTRIC,2026-08-15 08:00:00-04:00,2026-08-15 08:14:59-04:00,0
ELECTRIC,2026-08-15 08:15:00-04:00,2026-08-15 08:29:59-04:00,0
ELECTRIC,2026-08-15 08:30:00-04:00,2026-08-15 08:44:59-04:00,0
ELECTRIC,2026-08-15 08:45:00-04:00,2026-08-15 08:59:59-04:00,0
ELECTRIC,2026-08-15 09:00:00-04:00,2026-08-15 09:14:59-04:00,0
ELECTRIC,2026-08-15 09:15:00-04:00,2026-08-15 09:29:59-04:00,-36
ELECTRIC,2026-08-15 09:30:00-04:00,2026-08-15 09:44:59-04:00,-51
ELECTRIC,2026-08-15 09:45:00-04:00,2026-08-15 09:59:59-04:00,-60
ELECTRIC,2026-08-15 10:00:00-04:00,2026-08-15 10:14:59-04:00,-55
ELECTRIC,2026-08-15 10:15:00-04:00,2026-08-15 10:29:59-04:00,-116
ELECTRIC,2026-08-15 10:30:00-04:00,2026-08-15 10:44:59-04:00,-220
ELECTRIC,2026-08-15 10:45:00-04:00,2026-08-15 10:59:59-04:00,-533
ELECTRIC,2026-08-15 11:00:00-04:00,2026-08-15 11:14:59-04:00,-24
ELECTRIC,2026-08-15 11:15:00-04:00,2026-08-15 11:29:59-04:00,-491
ELECTRIC,2026-08-15 11:30:00-04:00,2026-08-15 11:44:59-04:00,-574
ELECTRIC,2026-08-15 11:45:00-04:00,2026-08-15 11:59:59-04:00,-439
ELECTRIC,2026-08-15 12:00:00-04:00,2026-08-15 12:14:59-04:00,-806
ELECTRIC,2026-08-15 12:15:00-04:00,2026-08-15 12:29:59-04:00,-249
ELECTRIC,2026-08-15 12:30:00-04:00,2026-08-15 12:44:59-04:00,-576
ELECTRIC,2026-08-15 12:45:00-04:00,2026-08-15 12:59:59-04:00,-225
ELECTRIC,2026-08-15 13:00:00-04:00,2026-08-15 13:14:59-04:00,-265
ELECTRIC,2026-08-15 13:15:00-04:00,2026-08-15 13:29:59-04:00,-175
ELECTRIC,2026-08-15 13:30:00-04:00,2026-08-15 13:44:59-04:00,-252
ELECTRIC,2026-08-15 13:45:00-04:00,2026-08-15 13:59:59-04:00,-253
ELECTRIC,2026-08-15 14:00:00-04:00,2026-08-15 14:14:59-04:00,-223
ELECTRIC,2026-08-15 14:15:00-04:00,2026-08-15 14:29:59-04:00,-268
ELECTRIC,2026-08-15 14:30:00-04:00,2026-08-15 14:44:59-04:00,-257
ELECTRIC,2026-08-15 14:45:00-04:00,2026-08-15 14:59:59-04:00,-262
ELECTRIC,2026-08-15 15:00:00-04:00,2026-08-15 15:14:59-04:00,-178
ELECTRIC,2026-08-15 15:15:00-04:00,2026-08-15 15:29:59-04:00,-174
ELECTRIC,2026-08-15 15:30:00-04:00,2026-08-15 15:44:59-04:00,-150
ELECTRIC,2026-08-15 15:45:00-04:00,2026-08-15 15:59:59-04:00,-180
ELECTRIC,2026-08-15 16:00:00-04:00,2026-08-15 16:14:59-04:00,-112
ELECTRIC,2026-08-15 16:15:00-04:00,2026-08-15 16:29:59-04:00,-84
ELECTRIC,2026-08-15 16:30:00-04:00,2026-08-15 16:44:59-04:00,-40
ELECTRIC,2026-08-15 16:45:00-04:00,2026-08-15 16:59:59-04:00,-22
ELECTRIC,2026-08-15 17:00:00-04:00,2026-08-15 17:14:59-04:00,0
ELECTRIC,2026-08-15 17:15:00-04:00,2026-08-15 17:29:59-04:00,0
ELECTRIC,2026-08-15 17:30:00-04:00,2026-08-15 17:44:59-04:00,0
ELECTRIC,2026-08-15 17:45:00-04:00,2026-08-15 17:59:59-04:00,0
ELECTRIC,2026-08-15 18:00:00-04:00,2026-08-15 18:14:59-04:00,0
ELECTRIC,2026-08-15 18:15:00-04:00,2026-08-15 18:29:59-04:00,0
ELECTRIC,2026-08-15 18:30:00-04:00,2026-08-15 18:44:59-04:00,0
ELECTRIC,2026-08-15 18:45:00-04:00,2026-08-15 18:59:59-04:00,0
ELECTRIC,2026-08-15 19:00:00-04:00,2026-08-15 19:14:59-04:00,0
ELECTRIC,2026-08-15 19:15:00-04:00,2026-08-15 19:29:59-04:00,0
ELECTRIC,2026-08-15 19:30:00-04:00,2026-08-15 19:44:59-04:00,0
ELECTRIC,2026-08-15 19:45:00-04:00,2026-08-15 19:59:59-04:00,0
ELECTRIC,2026-08-15 20:00:00-04:00,2026-08-15 20:14:59-04:00,0
ELECTRIC,2026-08-15 20:15:00-04:00,2026-08-15 20:29:59-04:00,0
ELECTRIC,2026-08-15 20:30:00-04:00,2026-08-15 20:44:59-04:00,0
ELECTRIC,2026-08-15 20:45:00-04:00,2026-08-15 20:59:59-04:00,0
ELECTRIC,2026-08-15 21:00:00-04:00,2026-08-15 21:14:59-04:00,0
ELECTRIC,2026-08-15 21:15:00-04:00,2026-08-15 21:29:59-04:00,0
ELECTRIC,2026-08-15 21:30:00-04:00,2026-08-15 21:44:59-04:00,0
ELECTRIC,2026-08-15 21:45:00-04:00,2026-08-15 21:59:59-04:00,0
ELECTRIC,2026-08-15 22:00:00-04:00,2026-08-15 22:14:59-04:00,0
ELECTRIC,2026-08-15 22:15:00-04:00,2026-08-15 22:29:59-04:00,0
ELECTRIC,2026-08-15 22:30:00-04:00,2026-08-15 22:44:59-04:00,0
ELECTRIC,2026-08-15 22:45:00-04:00,2026-08-15 22:59:59-04:00,0
ELECTRIC,2026-08-15 23:00:00-04:00,2026-08-15 23:14:59-04:00,0
ELECTRIC,2026-08-15 23:15:00-04:00,2026-08-15 23:29:59-04:00,0
ELECTRIC,2026-08-15 23:30:00-04:00,2026-08-15 23:44:59-04:00,0
ELECTRIC,2026-08-15 23:45:00-04:00,2026-08-15 23:59:59-04:00,0
ELECTRIC,2026-08-16 00:00:00-04:00,2026-08-16 00:14:59-04:00,0
ELECTRIC,2026-08-16 00:15:00-04:00,2026-08-16 00:29:59-04:00,0
ELECTRIC,2026-08-16 00:30:00-04:00,2026-08-16 00:44:59-04:00,0
ELECTRIC,2026-08-16 00:45:00-04:00,2026-08-16 00:59:59-04:00,0
ELECTRIC,2026-08-16 01:00:00-04:00,2026-08-16 01:14:59-04:00,0
ELECTRIC,2026-08-16 01:15:00-04:00,2026-08-16 01:29:59-04:00,0
ELECTRIC,2026-08-16 01:30:00-04:00,2026-08-16 01:44:59-04:00,0
ELECTRIC,2026-08-16 01:45:00-04:00,2026-08-16 01:59:59-04:00,0
ELECTRIC,2026-08-16 02:00:00-04:00,2026-08-16 02:14:59-04:00,0
ELECTRIC,2026-08-16 02:15:00-04:00,2026-08-16 02:29:59-04:00,0
ELECTRIC,2026-08-16 02:30:00-04:00,2026-08-16 02:44:59-04:00,0
ELECTRIC,2026-08-16 02:45:00-04:00,2026-08-16 02:59:59-04:00,0
ELECTRIC,2026-08-16 03:00:00-04:00,2026-08-16 03:14:59-04:00,0
ELECTRIC,2026-08-16 03:15:00-04:00,2026-08-16 03:29:59-04:00,0
ELECTRIC,2026-08-16 03:30:00-04:00,2026-08-16 03:44:59-04:00,0
ELECTRIC,2026-08-16 03:45:00-04:00,2026-08-16 03:59:59-04:00,0
ELECTRIC,2026-08-16 04:00:00-04:00,2026-08-16 04:14:59-04:00,0
ELECTRIC,2026-08-16 04:15:00-04:00,2026-08-16 04:29:59-04:00,0
ELECTRIC,2026-08-16 04:30:00-04:00,2026-08-16 04:44:59-04:00,0
ELECTRIC,2026-08-16 04:45:00-04:00,2026-08-16 04:59:59-04:00,0
ELECTRIC,2026-08-16 05:00:00-04:00,2026-08-16 05:14:59-04:00,0
ELECTRIC,2026-08-16 05:15:00-04:00,2026-08-16 05:29:59-04:00,0
ELECTRIC,2026-08-16 05:30:00-04:00,2026-08-16 05:44:59-04:00,0
ELECTRIC,2026-08-16 05:45:00-04:00,2026-08-16 05:59:59-04:00,0
ELECTRIC,2026-08-16 06:00:00-04:00,2026-08-16 06:14:59-04:00,0
ELECTRIC,2026-08-16 06:15:00-04:00,2026-08-16 06:29:59-04:00,0
ELECTRIC,2026-08-16 06:30:00-04:00,2026-08-16 06:44:59-04:00,0
ELECTRIC,2026-08-16 06:45:00-04:00,2026-08-16 06:59:59-04:00,0
ELECTRIC,2026-08-16 07:00:00-04:00,2026-08-16 07:14:59-04:00,0
ELECTRIC,2026-08-16 07:15:00-04:00,2026-08-16 07:29:59-04:00,0
ELECTRIC,2026-08-16 07:30:00-04:00,2026-08-16 07:44:59-04:00,0
ELECTRIC,2026-08-16 07:45:00-04:00,2026-08-16 07:59:59-04:00,0
ELECTRIC,2026-08-16 08:00:00-04:00,2026-08-16 08:14:59-04:00,0
ELECTRIC,2026-08-16 08:15:00-04:00,2026-08-16 08:29:59-04:00,0
ELECTRIC,2026-08-16 08:30:00-04:00,2026-08-16 08:44:59-04:00,0
ELECTRIC,2026-08-16 08:45:00-04:00,2026-08-16 08:59:59-04:00,0
ELECTRIC,2026-08-16 09:00:00-04:00,2026-08-16 09:14:59-04:00,0
ELECTRIC,2026-08-16 09:15:00-04:00,2026-08-16 09:29:59-04:00,0
ELECTRIC,2026-08-16 09:30:00-04:00,2026-08-16 09:44:59-04:00,0
ELECTRIC,2026-08-16 09:45:00-04:00,2026-08-16 09:59:59-04:00,-3
ELECTRIC,2026-08-16 10:00:00-04:00,2026-08-16 10:14:59-04:00,-88
ELECTRIC,2026-08-16 10:15:00-04:00,2026-08-16 10:29:59-04:00,-21
ELECTRIC,2026-08-16 10:30:00-04:00,2026-08-16 10:44:59-04:00,-261
ELECTRIC,2026-08-16 10:45:00-04:00,2026-08-16 10:59:59-04:00,-550
ELECTRIC,2026-08-16 11:00:00-04:00,2026-08-16 11:14:59-04:00,-650
ELECTRIC,2026-08-16 11:15:00-04:00,2026-08-16 11:29:59-04:00,-678
ELECTRIC,2026-08-16 11:30:00-04:00,2026-08-16 11:44:59-04:00,-732
ELECTRIC,2026-08-16 11:45:00-04:00,2026-08-16 11:59:59-04:00,-214
ELECTRIC,2026-08-16 12:00:00-04:00,2026-08-16 12:14:59-04:00,-225
ELECTRIC,2026-08-16 12:15:00-04:00,2026-08-16 12:29:59-04:00,-252
ELECTRIC,2026-08-16 12:30:00-04:00,2026-08-16 12:44:59-04:00,-266
ELECTRIC,2026-08-16 12:45:00-04:00,2026-08-16 12:59:59-04:00,-302
ELECTRIC,2026-08-16 13:00:00-04:00,2026-08-16 13:14:59-04:00,-286
ELECTRIC,2026-08-16 13:15:00-04:00,2026-08-16 13:29:59-04:00,-325
ELECTRIC,2026-08-16 13:30:00-04:00,2026-08-16 13:44:59-04:00,-331
ELECTRIC,2026-08-16 13:45:00-04:00,2026-08-16 13:59:59-04:00,-371
ELECTRIC,2026-08-16 14:00:00-04:00,2026-08-16 14:14:59-04:00,-213
ELECTRIC,2026-08-16 14:15:00-04:00,2026-08-16 14:29:59-04:00,-360
ELECTRIC,2026-08-16 14:30:00-04:00,2026-08-16 14:44:59-04:00,-327
ELECTRIC,2026-08-16 14:45:00-04:00,2026-08-16 14:59:59-04:00,-313
ELECTRIC,2026-08-16 15:00:00-04:00,2026-08-16 15:14:59-04:00,-176
ELECTRIC,2026-08-16 15:15:00-04:00,2026-08-16 15:29:59-04:00,-19
ELECTRIC,2026-08-16 15:30:00-04:00,2026-08-16 15:44:59-04:00,-17
ELECTRIC,2026-08-16 15:45:00-04:00,2026-08-16 15:59:59-04:00,-24
ELECTRIC,2026-08-16 16:00:00-04:00,2026-08-16 16:14:59-04:00,-196
ELECTRIC,2026-08-16 16:15:00-04:00,2026-08-16 16:29:59-04:00,-12
ELECTRIC,2026-08-16 16:30:00-04:00,2026-08-16 16:44:59-04:00,-42
ELECTRIC,2026-08-16 16:45:00-04:00,2026-08-16 16:59:59-04:00,0
ELECTRIC,2026-08-16 17:00:00-04:00,2026-08-16 17:14:59-04:00,0
ELECTRIC,2026-08-16 17:15:00-04:00,2026-08-16 17:29:59-04:00,0
ELECTRIC,2026-08-16 17:30:00-04:00,2026-08-16 17:44:59-04:00,0
ELECTRIC,2026-08-16 17:45:00-04:00,2026-08-16 17:59:59-04:00,0
ELECTRIC,2026-08-16 18:00:00-04:00,2026-08-16 18:14:59-04:00,0
ELECTRIC,2026-08-16 18:15:00-04:00,2026-08-16 18:29:59-04:00,0
ELECTRIC,2026-08-16 18:30:00-04:00,2026-08-16 18:44:59-04:00,0
ELECTRIC,2026-08-16 18:45:00-04:00,2026-08-16 18:59:59-04:00,0
ELECTRIC,2026-08-16 19:00:00-04:00,2026-08-16 19:14:59-04:00,0
ELECTRIC,2026-08-16 19:15:00-04:00,2026-08-16 19:29:59-04:00,0
ELECTRIC,2026-08-16 19:30:00-04:00,2026-08-16 19:44:59-04:00,0
ELECTRIC,2026-08-16 19:45:00-04:00,2026-08-16 19:59:59-04:00,0
ELECTRIC,2026-08-16 20:00:00-04:00,2026-08-16 20:14:59-04:00,0
ELECTRIC,2026-08-16 20:15:00-04:00,2026-08-16 20:29:59-04:00,0
ELECTRIC,2026-08-16 20:30:00-04:00,2026-08-16 20:44:59-04:00,0
ELECTRIC,2026-08-16 20:45:00-04:00,2026-08-16 20:59:59-04:00,0
ELECTRIC,2026-08-16 21:00:00-04:00,2026-08-16 21:14:59-04:00,0
ELECTRIC,2026-08-16 21:15:00-04:00,2026-08-16 21:29:59-04:00,0
ELECTRIC,2026-08-16 21:30:00-04:00,2026-08-16 21:44:59-04:00,0
ELECTRIC,2026-08-16 21:45:00-04:00,2026-08-16 21:59:59-04:00,0
ELECTRIC,2026-08-16 22:00:00-04:00,2026-08-16 22:14:59-04:00,0
ELECTRIC,2026-08-16 22:15:00-04:00,2026-08-16 22:29:59-04:00,0
ELECTRIC,2026-08-16 22:30:00-04:00,2026-08-16 22:44:59-04:00,0
ELECTRIC,2026-08-16 22:45:00-04:00,2026-08-16 22:59:59-04:00,0
ELECTRIC,2026-08-16 23:00:00-04:00,2026-08-16 23:14:59-04:00,0
ELECTRIC,2026-08-16 23:15:00-04:00,2026-08-16 23:29:59-04:00,0
ELECTRIC,2026-08-16 23:30:00-04:00,2026-08-16 23:44:59-04:00,0
ELECTRIC,2026-08-16 23:45:00-04:00,2026-08-16 23:59:59-04:00,0
ELECTRIC,2026-08-17 00:00:00-04:00,2026-08-17 00:14:59-04:00,0
ELECTRIC,2026-08-17 00:15:00-04:00,2026-08-17 00:29:59-04:00,0
ELECTRIC,2026-08-17 00:30:00-04:00,2026-08-17 00:44:59-04:00,0
ELECTRIC,2026-08-17 00:45:00-04:00,2026-08-17 00:59:59-04:00,0
ELECTRIC,2026-08-17 01:00:00-04:00,2026-08-17 01:14:59-04:00,0
ELECTRIC,2026-08-17 01:15:00-04:00,2026-08-17 01:29:59-04:00,0
ELECTRIC,2026-08-17 01:30:00-04:00,2026-08-17 01:44:59-04:00,0
ELECTRIC,2026-08-17 01:45:00-04:00,2026-08-17 01:59:59-04:00,0
ELECTRIC,2026-08-17 02:00:00-04:00,2026-08-17 02:14:59-04:00,0
ELECTRIC,2026-08-17 02:15:00-04:00,2026-08-17 02:29:59-04:00,0
ELECTRIC,2026-08-17 02:30:00-04:00,2026-08-17 02:44:59-04:00,0
ELECTRIC,2026-08-17 02:45:00-04:00,2026-08-17 02:59:59-04:00,0
ELECTRIC,2026-08-17 03:00:00-04:00,2026-08-17 03:14:59-04:00,0
ELECTRIC,2026-08-17 03:15:00-04:00,2026-08-17 03:29:59-04:00,0
ELECTRIC,2026-08-17 03:30:00-04:00,2026-08-17 03:44:59-04:00,0
ELECTRIC,2026-08-17 03:45:00-04:00,2026-08-17 03:59:59-04:00,0
ELECTRIC,2026-08-17 04:00:00-04:00,2026-08-17 04:14:59-04:00,0
ELECTRIC,2026-08-17 04:15:00-04:00,2026-08-17 04:29:59-04:00,0
ELECTRIC,2026-08-17 04:30:00-04:00,2026-08-17 04:44:59-04:00,0
ELECTRIC,2026-08-17 04:45:00-04:00,2026-08-17 04:59:59-04:00,0
ELECTRIC,2026-08-17 05:00:00-04:00,2026-08-17 05:14:59-04:00,0
ELECTRIC,2026-08-17 05:15:00-04:00,2026-08-17 05:29:59-04:00,0
ELECTRIC,2026-08-17 05:30:00-04:00,2026-08-17 05:44:59-04:00,0
ELECTRIC,2026-08-17 05:45:00-04:00,2026-08-17 05:59:59-04:00,0
ELECTRIC,2026-08-17 06:00:00-04:00,2026-08-17 06:14:59-04:00,0
ELECTRIC,2026-08-17 06:15:00-04:00,2026-08-17 06:29:59-04:00,0
ELECTRIC,2026-08-17 06:30:00-04:00,2026-08-17 06:44:59-04:00,0
ELECTRIC,2026-08-17 06:45:00-04:00,2026-08-17 06:59:59-04:00,0
ELECTRIC,2026-08-17 07:00:00-04:00,2026-08-17 07:14:59-04:00,0
ELECTRIC,2026-08-17 07:15:00-04:00,2026-08-17 07:29:59-04:00,0
ELECTRIC,2026-08-17 07:30:00-04:00,2026-08-17 07:44:59-04:00,0
ELECTRIC,2026-08-17 07:45:00-04:00,2026-08-17 07:59:59-04:00,0
ELECTRIC,2026-08-17 08:00:00-04:00,2026-08-17 08:14:59-04:00,0
ELECTRIC,2026-08-17 08:15:00-04:00,2026-08-17 08:29:59-04:00,0
ELECTRIC,2026-08-17 08:30:00-04:00,2026-08-17 08:44:59-04:00,0
ELECTRIC,2026-08-17 08:45:00-04:00,2026-08-17 08:59:59-04:00,0
ELECTRIC,2026-08-17 09:00:00-04:00,2026-08-17 09:14:59-04:00,0
ELECTRIC,2026-08-17 09:15:00-04:00,2026-08-17 09:29:59-04:00,0
ELECTRIC,2026-08-17 09:30:00-04:00,2026-08-17 09:44:59-04:00,0
ELECTRIC,2026-08-17 09:45:00-04:00,2026-08-17 09:59:59-04:00,-3
ELECTRIC,2026-08-17 10:00:00-04:00,2026-08-17 10:14:59-04:00,-71
ELECTRIC,2026-08-17 10:15:00-04:00,2026-08-17 10:29:59-04:00,-128
ELECTRIC,2026-08-17 10:30:00-04:00,2026-08-17 10:44:59-04:00,-8
ELECTRIC,2026-08-17 10:45:00-04:00,2026-08-17 10:59:59-04:00,-432
ELECTRIC,2026-08-17 11:00:00-04:00,2026-08-17 11:14:59-04:00,-335
ELECTRIC,2026-08-17 11:15:00-04:00,2026-08-17 11:29:59-04:00,-240
ELECTRIC,2026-08-17 11:30:00-04:00,2026-08-17 11:44:59-04:00,-47
ELECTRIC,2026-08-17 11:45:00-04:00,2026-08-17 11:59:59-04:00,-146
ELECTRIC,2026-08-17 12:00:00-04:00,2026-08-17 12:14:59-04:00,-184
ELECTRIC,2026-08-17 12:15:00-04:00,2026-08-17 12:29:59-04:00,-210
ELECTRIC,2026-08-17 12:30:00-04:00,2026-08-17 12:44:59-04:00,-228
ELECTRIC,2026-08-17 12:45:00-04:00,2026-08-17 12:59:59-04:00,-226
ELECTRIC,2026-08-17 13:00:00-04:00,2026-08-17 13:14:59-04:00,-229
ELECTRIC,2026-08-17 13:15:00-04:00,2026-08-17 13:29:59-04:00,-217
ELECTRIC,2026-08-17 13:30:00-04:00,2026-08-17 13:44:59-04:00,-235
ELECTRIC,2026-08-17 13:45:00-04:00,2026-08-17 13:59:59-04:00,-245
ELECTRIC,2026-08-17 14:00:00-04:00,2026-08-17 14:14:59-04:00,-206
ELECTRIC,2026-08-17 14:15:00-04:00,2026-08-17 14:29:59-04:00,-187
ELECTRIC,2026-08-17 14:30:00-04:00,2026-08-17 14:44:59-04:00,-171
ELECTRIC,2026-08-17 14:45:00-04:00,2026-08-17 14:59:59-04:00,-228
ELECTRIC,2026-08-17 15:00:00-04:00,2026-08-17 15:14:59-04:00,-213
ELECTRIC,2026-08-17 15:15:00-04:00,2026-08-17 15:29:59-04:00,-178
ELECTRIC,2026-08-17 15:30:00-04:00,2026-08-17 15:44:59-04:00,-139
ELECTRIC,2026-08-17 15:45:00-04:00,2026-08-17 15:59:59-04:00,-53
ELECTRIC,2026-08-17 16:00:00-04:00,2026-08-17 16:14:59-04:00,-67
ELECTRIC,2026-08-17 16:15:00-04:00,2026-08-17 16:29:59-04:00,-19
ELECTRIC,2026-08-17 16:30:00-04:00,2026-08-17 16:44:59-04:00,0
ELECTRIC,2026-08-17 16:45:00-04:00,2026-08-17 16:59:59-04:00,0
ELECTRIC,2026-08-17 17:00:00-04:00,2026-08-17 17:14:59-04:00,0
ELECTRIC,2026-08-17 17:15:00-04:00,2026-08-17 17:29:59-04:00,0
ELECTRIC,2026-08-17 17:30:00-04:00,2026-08-17 17:44:59-04:00,0
ELECTRIC,2026-08-17 17:45:00-04:00,2026-08-17 17:59:59-04:00,0
ELECTRIC,2026-08-17 18:00:00-04:00,2026-08-17 18:14:59-04:00,0
ELECTRIC,2026-08-17 18:15:00-04:00,2026-08-17 18:29:59-04:00,0
ELECTRIC,2026-08-17 18:30:00-04:00,2026-08-17 18:44:59-04:00,0
ELECTRIC,2026-08-17 18:45:00-04:00,2026-08-17 18:59:59-04:00,0
ELECTRIC,2026-08-17 19:00:00-04:00,2026-08-17 19:14:59-04:00,0
ELECTRIC,2026-08-17 19:15:00-04:00,2026-08-17 19:29:59-04:00,0
ELECTRIC,2026-08-17 19:30:00-04:00,2026-08-17 19:44:59-04:00,0
ELECTRIC,2026-08-17 19:45:00-04:00,2026-08-17 19:59:59-04:00,0
ELECTRIC,2026-08-17 20:00:00-04:00,2026-08-17 20:14:59-04:00,0
ELECTRIC,2026-08-17 20:15:00-04:00,2026-08-17 20:29:59-04:00,0
ELECTRIC,2026-08-17 20:30:00-04:00,2026-08-17 20:44:59-04:00,0
ELECTRIC,2026-08-17 20:45:00-04:00,2026-08-17 20:59:59-04:00,0
ELECTRIC,2026-08-17 21:00:00-04:00,2026-08-17 21:14:59-04:00,0
ELECTRIC,2026-08-17 21:15:00-04:00,2026-08-17 21:29:59-04:00,0
ELECTRIC,2026-08-17 21:30:00-04:00,2026-08-17 21:44:59-04:00,0
ELECTRIC,2026-08-17 21:45:00-04:00,2026-08-17 21:59:59-04:00,0
ELECTRIC,2026-08-17 22:00:00-04:00,2026-08-17 22:14:59-04:00,0
ELECTRIC,2026-08-17 22:15:00-04:00,2026-08-17 22:29:59-04:00,0
ELECTRIC,2026-08-17 22:30:00-04:00,2026-08-17 22:44:59-04:00,0
ELECTRIC,2026-08-17 22:45:00-04:00,2026-08-17 22:59:59-04:00,0
ELECTRIC,2026-08-17 23:00:00-04:00,2026-08-17 23:14:59-04:00,0
ELECTRIC,2026-08-17 23:15:00-04:00,2026-08-17 23:29:59-04:00,0
ELECTRIC,2026-08-17 23:30:00-04:00,2026-08-17 23:44:59-04:00,0
ELECTRIC,2026-08-17 23:45:00-04:00,2026-08-17 23:59:59-04:00,0
ELECTRIC,2026-08-18 00:00:00-04:00,2026-08-18 00:14:59-04:00,0
ELECTRIC,2026-08-18 00:15:00-04:00,2026-08-18 00:29:59-04:00,0
ELECTRIC,2026-08-18 00:30:00-04:00,2026-08-18 00:44:59-04:00,0
ELECTRIC,2026-08-18 00:45:00-04:00,2026-08-18 00:59:59-04:00,0
ELECTRIC,2026-08-18 01:00:00-04:00,2026-08-18 01:14:59-04:00,0
ELECTRIC,2026-08-18 01:15:00-04:00,2026-08-18 01:29:59-04:00,0
ELECTRIC,2026-08-18 01:30:00-04:00,2026-08-18 01:44:59-04:00,0
ELECTRIC,2026-08-18 01:45:00-04:00,2026-08-18 01:59:59-04:00,0
ELECTRIC,2026-08-18 02:00:00-04:00,2026-08-18 02:14:59-04:00,0
ELECTRIC,2026-08-18 02:15:00-04:00,2026-08-18 02:29:59-04:00,0
ELECTRIC,2026-08-18 02:30:00-04:00,2026-08-18 02:44:59-04:00,0
ELECTRIC,2026-08-18 02:45:00-04:00,2026-08-18 02:59:59-04:00,0
ELECTRIC,2026-08-18 03:00:00-04:00,2026-08-18 03:14:59-04:00,0
ELECTRIC,2026-08-18 03:15:00-04:00,2026-08-18 03:29:59-04:00,0
ELECTRIC,2026-08-18 03:30:00-04:00,2026-08-18 03:44:59-04:00,0
ELECTRIC,2026-08-18 03:45:00-04:00,2026-08-18 03:59:59-04:00,0
ELECTRIC,2026-08-18 04:00:00-04:00,2026-08-18 04:14:59-04:00,0
ELECTRIC,2026-08-18 04:15:00-04:00,2026-08-18 04:29:59-04:00,0
ELECTRIC,2026-08-18 04:30:00-04:00,2026-08-18 04:44:59-04:00,0
ELECTRIC,2026-08-18 04:45:00-04:00,2026-08-18 04:59:59-04:00,0
ELECTRIC,2026-08-18 05:00:00-04:00,2026-08-18 05:14:59-04:00,0
ELECTRIC,2026-08-18 05:15:00-04:00,2026-08-18 05:29:59-04:00,0
ELECTRIC,2026-08-18 05:30:00-04:00,2026-08-18 05:44:59-04:00,0
ELECTRIC,2026-08-18 05:45:00-04:00,2026-08-18 05:59:59-04:00,0
ELECTRIC,2026-08-18 06:00:00-04:00,2026-08-18 06:14:59-04:00,0
ELECTRIC,2026-08-18 06:15:00-04:00,2026-08-18 06:29:59-04:00,0
ELECTRIC,2026-08-18 06:30:00-04:00,2026-08-18 06:44:59-04:00,0
ELECTRIC,2026-08-18 06:45:00-04:00,2026-08-18 06:59:59-04:00,0
ELECTRIC,2026-08-18 07:00:00-04:00,2026-08-18 07:14:59-04:00,0
ELECTRIC,2026-08-18 07:15:00-04:00,2026-08-18 07:29:59-04:00,0
ELECTRIC,2026-08-18 07:30:00-04:00,2026-08-18 07:44:59-04:00,0
ELECTRIC,2026-08-18 07:45:00-04:00,2026-08-18 07:59:59-04:00,0
ELECTRIC,2026-08-18 08:00:00-04:00,2026-08-18 08:14:59-04:00,0
ELECTRIC,2026-08-18 08:15:00-04:00,2026-08-18 08:29:59-04:00,0
ELECTRIC,2026-08-18 08:30:00-04:00,2026-08-18 08:44:59-04:00,0
ELECTRIC,2026-08-18 08:45:00-04:00,2026-08-18 08:59:59-04:00,0
ELECTRIC,2026-08-18 09:00:00-04:00,2026-08-18 09:14:59-04:00,0
ELECTRIC,2026-08-18 09:15:00-04:00,2026-08-18 09:29:59-04:00,0
ELECTRIC,2026-08-18 09:30:00-04:00,2026-08-18 09:44:59-04:00,0
ELECTRIC,2026-08-18 09:45:00-04:00,2026-08-18 09:59:59-04:00,-1
ELECTRIC,2026-08-18 10:00:00-04:00,2026-08-18 10:14:59-04:00,-71
ELECTRIC,2026-08-18 10:15:00-04:00,2026-08-18 10:29:59-04:00,-67
ELECTRIC,2026-08-18 10:30:00-04:00,2026-08-18 10:44:59-04:00,-156
ELECTRIC,2026-08-18 10:45:00-04:00,2026-08-18 10:59:59-04:00,-522
ELECTRIC,2026-08-18 11:00:00-04:00,2026-08-18 11:14:59-04:00,-58
ELECTRIC,2026-08-18 11:15:00-04:00,2026-08-18 11:29:59-04:00,-573
ELECTRIC,2026-08-18 11:30:00-04:00,2026-08-18 11:44:59-04:00,-363
ELECTRIC,2026-08-18 11:45:00-04:00,2026-08-18 11:59:59-04:00,-436
ELECTRIC,2026-08-18 12:00:00-04:00,2026-08-18 12:14:59-04:00,-242
ELECTRIC,2026-08-18 12:15:00-04:00,2026-08-18 12:29:59-04:00,-237
ELECTRIC,2026-08-18 12:30:00-04:00,2026-08-18 12:44:59-04:00,-183
ELECTRIC,2026-08-18 12:45:00-04:00,2026-08-18 12:59:59-04:00,-300
ELECTRIC,2026-08-18 13:00:00-04:00,2026-08-18 13:14:59-04:00,-371
ELECTRIC,2026-08-18 13:15:00-04:00,2026-08-18 13:29:59-04:00,-998
ELECTRIC,2026-08-18 13:30:00-04:00,2026-08-18 13:44:59-04:00,-462
ELECTRIC,2026-08-18 13:45:00-04:00,2026-08-18 13:59:59-04:00,-625
ELECTRIC,2026-08-18 14:00:00-04:00,2026-08-18 14:14:59-04:00,-357
ELECTRIC,2026-08-18 14:15:00-04:00,2026-08-18 14:29:59-04:00,-67
ELECTRIC,2026-08-18 14:30:00-04:00,2026-08-18 14:44:59-04:00,-337
ELECTRIC,2026-08-18 14:45:00-04:00,2026-08-18 14:59:59-04:00,-657
ELECTRIC,2026-08-18 15:00:00-04:00,2026-08-18 15:14:59-04:00,-181
ELECTRIC,2026-08-18 15:15:00-04:00,2026-08-18 15:29:59-04:00,-162
ELECTRIC,2026-08-18 15:30:00-04:00,2026-08-18 15:44:59-04:00,-144
ELECTRIC,2026-08-18 15:45:00-04:00,2026-08-18 15:59:59-04:00,-116
ELECTRIC,2026-08-18 16:00:00-04:00,2026-08-18 16:14:59-04:00,-88
ELECTRIC,2026-08-18 16:15:00-04:00,2026-08-18 16:29:59-04:00,-39
ELECTRIC,2026-08-18 16:30:00-04:00,2026-08-18 16:44:59-04:00,-1
ELECTRIC,2026-08-18 16:45:00-04:00,2026-08-18 16:59:59-04:00,-1
ELECTRIC,2026-08-18 17:00:00-04:00,2026-08-18 17:14:59-04:00,0
ELECTRIC,2026-08-18 17:15:00-04:00,2026-08-18 17:29:59-04:00,0
ELECTRIC,2026-08-18 17:30:00-04:00,2026-08-18 17:44:59-04:00,0
ELECTRIC,2026-08-18 17:45:00-04:00,2026-08-18 17:59:59-04:00,0
ELECTRIC,2026-08-18 18:00:00-04:00,2026-08-18 18:14:59-04:00,0
ELECTRIC,2026-08-18 18:15:00-04:00,2026-08-18 18:29:59-04:00,0
ELECTRIC,2026-08-18 18:30:00-04:00,2026-08-18 18:44:59-04:00,0
ELECTRIC,2026-08-18 18:45:00-04:00,2026-08-18 18:59:59-04:00,0
ELECTRIC,2026-08-18 19:00:00-04:00,2026-08-18 19:14:59-04:00,0
ELECTRIC,2026-08-18 19:15:00-04:00,2026-08-18 19:29:59-04:00,0
ELECTRIC,2026-08-18 19:30:00-04:00,2026-08-18 19:44:59-04:00,0
ELECTRIC,2026-08-18 19:45:00-04:00,2026-08-18 19:59:59-04:00,0
ELECTRIC,2026-08-18 20:00:00-04:00,2026-08-18 20:14:59-04:00,0
ELECTRIC,2026-08-18 20:15:00-04:00,2026-08-18 20:29:59-04:00,0
ELECTRIC,2026-08-18 20:30:00-04:00,2026-08-18 20:44:59-04:00,0
ELECTRIC,2026-08-18 20:45:00-04:00,2026-08-18 20:59:59-04:00,0
ELECTRIC,2026-08-18 21:00:00-04:00,2026-08-18 21:14:59-04:00,0
ELECTRIC,2026-08-18 21:15:00-04:00,2026-08-18 21:29:59-04:00,0
ELECTRIC,2026-08-18 21:30:00-04:00,2026-08-18 21:44:59-04:00,0
ELECTRIC,2026-08-18 21:45:00-04:00,2026-08-18 21:59:59-04:00,0
ELECTRIC,2026-08-18 22:00:00-04:00,2026-08-18 22:14:59-04:00,0
ELECTRIC,2026-08-18 22:15:00-04:00,2026-08-18 22:29:59-04:00,0
ELECTRIC,2026-08-18 22:30:00-04:00,2026-08-18 22:44:59-04:00,0
ELECTRIC,2026-08-18 22:45:00-04:00,2026-08-18 22:59:59-04:00,0
ELECTRIC,2026-08-18 23:00:00-04:00,2026-08-18 23:14:59-04:00,0
ELECTRIC,2026-08-18 23:15:00-04:00,2026-08-18 23:29:59-04:00,0
ELECTRIC,2026-08-18 23:30:00-04:00,2026-08-18 23:44:59-04:00,0
ELECTRIC,2026-08-18 23:45:00-04:00,2026-08-18 23:59:59-04:00,0
ELECTRIC,2026-08-19 00:00:00-04:00,2026-08-19 00:14:59-04:00,0
ELECTRIC,2026-08-19 00:15:00-04:00,2026-08-19 00:29:59-04:00,0
ELECTRIC,2026-08-19 00:30:00-04:00,2026-08-19 00:44:59-04:00,0
ELECTRIC,2026-08-19 00:45:00-04:00,2026-08-19 00:59:59-04:00,0
ELECTRIC,2026-08-19 01:00:00-04:00,2026-08-19 01:14:59-04:00,0
ELECTRIC,2026-08-19 01:15:00-04:00,2026-08-19 01:29:59-04:00,0
ELECTRIC,2026-08-19 01:30:00-04:00,2026-08-19 01:44:59-04:00,0
ELECTRIC,2026-08-19 01:45:00-04:00,2026-08-19 01:59:59-04:00,0
ELECTRIC,2026-08-19 02:00:00-04:00,2026-08-19 02:14:59-04:00,0
ELECTRIC,2026-08-19 02:15:00-04:00,2026-08-19 02:29:59-04:00,0
ELECTRIC,2026-08-19 02:30:00-04:00,2026-08-19 02:44:59-04:00,0
ELECTRIC,2026-08-19 02:45:00-04:00,2026-08-19 02:59:59-04:00,0
ELECTRIC,2026-08-19 03:00:00-04:00,2026-08-19 03:14:59-04:00,0
ELECTRIC,2026-08-19 03:15:00-04:00,2026-08-19 03:29:59-04:00,0
ELECTRIC,2026-08-19 03:30:00-04:00,2026-08-19 03:44:59-04:00,0
ELECTRIC,2026-08-19 03:45:00-04:00,2026-08-19 03:59:59-04:00,0
ELECTRIC,2026-08-19 04:00:00-04:00,2026-08-19 04:14:59-04:00,0
ELECTRIC,2026-08-19 04:15:00-04:00,2026-08-19 04:29:59-04:00,0
ELECTRIC,2026-08-19 04:30:00-04:00,2026-08-19 04:44:59-04:00,0
ELECTRIC,2026-08-19 04:45:00-04:00,2026-08-19 04:59:59-04:00,0
ELECTRIC,2026-08-19 05:00:00-04:00,2026-08-19 05:14:59-04:00,0
ELECTRIC,2026-08-19 05:15:00-04:00,2026-08-19 05:29:59-04:00,0
ELECTRIC,2026-08-19 05:30:00-04:00,2026-08-19 05:44:59-04:00,0
ELECTRIC,2026-08-19 05:45:00-04:00,2026-08-19 05:59:59-04:00,0
ELECTRIC,2026-08-19 06:00:00-04:00,2026-08-19 06:14:59-04:00,0
ELECTRIC,2026-08-19 06:15:00-04:00,2026-08-19 06:29:59-04:00,0
ELECTRIC,2026-08-19 06:30:00-04:00,2026-08-19 06:44:59-04:00,0
ELECTRIC,2026-08-19 06:45:00-04:00,2026-08-19 06:59:59-04:00,0
ELECTRIC,2026-08-19 07:00:00-04:00,2026-08-19 07:14:59-04:00,0
ELECTRIC,2026-08-19 07:15:00-04:00,2026-08-19 07:29:59-04:00,0
ELECTRIC,2026-08-19 07:30:00-04:00,2026-08-19 07:44:59-04:00,0
ELECTRIC,2026-08-19 07:45:00-04:00,2026-08-19 07:59:59-04:00,0
ELECTRIC,2026-08-19 08:00:00-04:00,2026-08-19 08:14:59-04:00,0
ELECTRIC,2026-08-19 08:15:00-04:00,2026-08-19 08:29:59-04:00,0
ELECTRIC,2026-08-19 08:30:00-04:00,2026-08-19 08:44:59-04:00,0
ELECTRIC,2026-08-19 08:45:00-04:00,2026-08-19 08:59:59-04:00,0
ELECTRIC,2026-08-19 09:00:00-04:00,2026-08-19 09:14:59-04:00,0
ELECTRIC,2026-08-19 09:15:00-04:00,2026-08-19 09:29:59-04:00,0
ELECTRIC,2026-08-19 09:30:00-04:00,2026-08-19 09:44:59-04:00,0
ELECTRIC,2026-08-19 09:45:00-04:00,2026-08-19 09:59:59-04:00,0
ELECTRIC,2026-08-19 10:00:00-04:00,2026-08-19 10:14:59-04:00,-49
ELECTRIC,2026-08-19 10:15:00-04:00,2026-08-19 10:29:59-04:00,-70
ELECTRIC,2026-08-19 10:30:00-04:00,2026-08-19 10:44:59-04:00,-134
ELECTRIC,2026-08-19 10:45:00-04:00,2026-08-19 10:59:59-04:00,-458
ELECTRIC,2026-08-19 11:00:00-04:00,2026-08-19 11:14:59-04:00,-540
ELECTRIC,2026-08-19 11:15:00-04:00,2026-08-19 11:29:59-04:00,-331
ELECTRIC,2026-08-19 11:30:00-04:00,2026-08-19 11:44:59-04:00,-88
ELECTRIC,2026-08-19 11:45:00-04:00,2026-08-19 11:59:59-04:00,-125
ELECTRIC,2026-08-19 12:00:00-04:00,2026-08-19 12:14:59-04:00,-138
ELECTRIC,2026-08-19 12:15:00-04:00,2026-08-19 12:29:59-04:00,-219
ELECTRIC,2026-08-19 12:30:00-04:00,2026-08-19 12:44:59-04:00,-260
ELECTRIC,2026-08-19 12:45:00-04:00,2026-08-19 12:59:59-04:00,-244
ELECTRIC,2026-08-19 13:00:00-04:00,2026-08-19 13:14:59-04:00,-267
ELECTRIC,2026-08-19 13:15:00-04:00,2026-08-19 13:29:59-04:00,-292
ELECTRIC,2026-08-19 13:30:00-04:00,2026-08-19 13:44:59-04:00,-278
ELECTRIC,2026-08-19 13:45:00-04:00,2026-08-19 13:59:59-04:00,-263
ELECTRIC,2026-08-19 14:00:00-04:00,2026-08-19 14:14:59-04:00,-251
ELECTRIC,2026-08-19 14:15:00-04:00,2026-08-19 14:29:59-04:00,-280
ELECTRIC,2026-08-19 14:30:00-04:00,2026-08-19 14:44:59-04:00,-301
ELECTRIC,2026-08-19 14:45:00-04:00,2026-08-19 14:59:59-04:00,-283
ELECTRIC,2026-08-19 15:00:00-04:00,2026-08-19 15:14:59-04:00,-254
ELECTRIC,2026-08-19 15:15:00-04:00,2026-08-19 15:29:59-04:00,-146
ELECTRIC,2026-08-19 15:30:00-04:00,2026-08-19 15:44:59-04:00,-173
ELECTRIC,2026-08-19 15:45:00-04:00,2026-08-19 15:59:59-04:00,-93
ELECTRIC,2026-08-19 16:00:00-04:00,2026-08-19 16:14:59-04:00,-12
ELECTRIC,2026-08-19 16:15:00-04:00,2026-08-19 16:29:59-04:00,-4
ELECTRIC,2026-08-19 16:30:00-04:00,2026-08-19 16:44:59-04:00,-2
ELECTRIC,2026-08-19 16:45:00-04:00,2026-08-19 16:59:59-04:00,-8
ELECTRIC,2026-08-19 17:00:00-04:00,2026-08-19 17:14:59-04:00,0
ELECTRIC,2026-08-19 17:15:00-04:00,2026-08-19 17:29:59-04:00,0
ELECTRIC,2026-08-19 17:30:00-04:00,2026-08-19 17:44:59-04:00,0
ELECTRIC,2026-08-19 17:45:00-04:00,2026-08-19 17:59:59-04:00,0
ELECTRIC,2026-08-19 18:00:00-04:00,2026-08-19 18:14:59-04:00,0
ELECTRIC,2026-08-19 18:15:00-04:00,2026-08-19 18:29:59-04:00,0
ELECTRIC,2026-08-19 18:30:00-04:00,2026-08-19 18:44:59-04:00,0
ELECTRIC,2026-08-19 18:45:00-04:00,2026-08-19 18:59:59-04:00,0
ELECTRIC,2026-08-19 19:00:00-04:00,2026-08-19 19:14:59-04:00,0
ELECTRIC,2026-08-19 19:15:00-04:00,2026-08-19 19:29:59-04:00,0
ELECTRIC,2026-08-19 19:30:00-04:00,2026-08-19 19:44:59-04:00,0
ELECTRIC,2026-08-19 19:45:00-04:00,2026-08-19 19:59:59-04:00,0
ELECTRIC,2026-08-19 20:00:00-04:00,2026-08-19 20:14:59-04:00,0
ELECTRIC,2026-08-19 20:15:00-04:00,2026-08-19 20:29:59-04:00,0
ELECTRIC,2026-08-19 20:30:00-04:00,2026-08-19 20:44:59-04:00,0
ELECTRIC,2026-08-19 20:45:00-04:00,2026-08-19 20:59:59-04:00,0
ELECTRIC,2026-08-19 21:00:00-04:00,2026-08-19 21:14:59-04:00,0
ELECTRIC,2026-08-19 21:15:00-04:00,2026-08-19 21:29:59-04:00,0
ELECTRIC,2026-08-19 21:30:00-04:00,2026-08-19 21:44:59-04:00,0
ELECTRIC,2026-08-19 21:45:00-04:00,2026-08-19 21:59:59-04:00,0
ELECTRIC,2026-08-19 22:00:00-04:00,2026-08-19 22:14:59-04:00,0
ELECTRIC,2026-08-19 22:15:00-04:00,2026-08-19 22:29:59-04:00,0
ELECTRIC,2026-08-19 22:30:00-04:00,2026-08-19 22:44:59-04:00,0
ELECTRIC,2026-08-19 22:45:00-04:00,2026-08-19 22:59:59-04:00,0
ELECTRIC,2026-08-19 23:00:00-04:00,2026-08-19 23:14:59-04:00,0
ELECTRIC,2026-08-19 23:15:00-04:00,2026-08-19 23:29:59-04:00,0
ELECTRIC,2026-08-19 23:30:00-04:00,2026-08-19 23:44:59-04:00,0
ELECTRIC,2026-08-19 23:45:00-04:00,2026-08-19 23:59:59-04:00,0
ELECTRIC,2026-08-20 00:00:00-04:00,2026-08-20 00:14:59-04:00,0
ELECTRIC,2026-08-20 00:15:00-04:00,2026-08-20 00:29:59-04:00,0
ELECTRIC,2026-08-20 00:30:00-04:00,2026-08-20 00:44:59-04:00,0
ELECTRIC,2026-08-20 00:45:00-04:00,2026-08-20 00:59:59-04:00,0
ELECTRIC,2026-08-20 01:00:00-04:00,2026-08-20 01:14:59-04:00,0
ELECTRIC,2026-08-20 01:15:00-04:00,2026-08-20 01:29:59-04:00,0
ELECTRIC,2026-08-20 01:30:00-04:00,2026-08-20 01:44:59-04:00,0
ELECTRIC,2026-08-20 01:45:00-04:00,2026-08-20 01:59:59-04:00,0
ELECTRIC,2026-08-20 02:00:00-04:00,2026-08-20 02:14:59-04:00,0
ELECTRIC,2026-08-20 02:15:00-04:00,2026-08-20 02:29:59-04:00,0
ELECTRIC,2026-08-20 02:30:00-04:00,2026-08-20 02:44:59-04:00,0
ELECTRIC,2026-08-20 02:45:00-04:00,2026-08-20 02:59:59-04:00,0
ELECTRIC,2026-08-20 03:00:00-04:00,2026-08-20 03:14:59-04:00,0
ELECTRIC,2026-08-20 03:15:00-04:00,2026-08-20 03:29:59-04:00,0
ELECTRIC,2026-08-20 03:30:00-04:00,2026-08-20 03:44:59-04:00,0
ELECTRIC,2026-08-20 03:45:00-04:00,2026-08-20 03:59:59-04:00,0
ELECTRIC,2026-08-20 04:00:00-04:00,2026-08-20 04:14:59-04:00,0
ELECTRIC,2026-08-20 04:15:00-04:00,2026-08-20 04:29:59-04:00,0
ELECTRIC,2026-08-20 04:30:00-04:00,2026-08-20 04:44:59-04:00,0
ELECTRIC,2026-08-20 04:45:00-04:00,2026-08-20 04:59:59-04:00,0
ELECTRIC,2026-08-20 05:00:00-04:00,2026-08-20 05:14:59-04:00,0
ELECTRIC,2026-08-20 05:15:00-04:00,2026-08-20 05:29:59-04:00,0
ELECTRIC,2026-08-20 05:30:00-04:00,2026-08-20 05:44:59-04:00,0
ELECTRIC,2026-08-20 05:45:00-04:00,2026-08-20 05:59:59-04:00,0
ELECTRIC,2026-08-20 06:00:00-04:00,2026-08-20 06:14:59-04:00,0
ELECTRIC,2026-08-20 06:15:00-04:00,2026-08-20 06:29:59-04:00,0
ELECTRIC,2026-08-20 06:30:00-04:00,2026-08-20 06:44:59-04:00,0
ELECTRIC,2026-08-20 06:45:00-04:00,2026-08-20 06:59:59-04:00,0
ELECTRIC,2026-08-20 07:00:00-04:00,2026-08-20 07:14:59-04:00,0
ELECTRIC,2026-08-20 07:15:00-04:00,2026-08-20 07:29:59-04:00,0
ELECTRIC,2026-08-20 07:30:00-04:00,2026-08-20 07:44:59-04:00,0
ELECTRIC,2026-08-20 07:45:00-04:00,2026-08-20 07:59:59-04:00,0
ELECTRIC,2026-08-20 08:00:00-04:00,2026-08-20 08:14:59-04:00,0
ELECTRIC,2026-08-20 08:15:00-04:00,2026-08-20 08:29:59-04:00,0
ELECTRIC,2026-08-20 08:30:00-04:00,2026-08-20 08:44:59-04:00,0
ELECTRIC,2026-08-20 08:45:00-04:00,2026-08-20 08:59:59-04:00,0
ELECTRIC,2026-08-20 09:00:00-04:00,2026-08-20 09:14:59-04:00,0
ELECTRIC,2026-08-20 09:15:00-04:00,2026-08-20 09:29:59-04:00,0
ELECTRIC,2026-08-20 09:30:00-04:00,2026-08-20 09:44:59-04:00,0
ELECTRIC,2026-08-20 09:45:00-04:00,2026-08-20 09:59:59-04:00,0
ELECTRIC,2026-08-20 10:00:00-04:00,2026-08-20 10:14:59-04:00,-27
ELECTRIC,2026-08-20 10:15:00-04:00,2026-08-20 10:29:59-04:00,-50
ELECTRIC,2026-08-20 10:30:00-04:00,2026-08-20 10:44:59-04:00,0
ELECTRIC,2026-08-20 10:45:00-04:00,2026-08-20 10:59:59-04:00,0
ELECTRIC,2026-08-20 11:00:00-04:00,2026-08-20 11:14:59-04:00,-4
ELECTRIC,2026-08-20 11:15:00-04:00,2026-08-20 11:29:59-04:00,-70
ELECTRIC,2026-08-20 11:30:00-04:00,2026-08-20 11:44:59-04:00,-117
ELECTRIC,2026-08-20 11:45:00-04:00,2026-08-20 11:59:59-04:00,-149
ELECTRIC,2026-08-20 12:00:00-04:00,2026-08-20 12:14:59-04:00,-185
ELECTRIC,2026-08-20 12:15:00-04:00,2026-08-20 12:29:59-04:00,-195
ELECTRIC,2026-08-20 12:30:00-04:00,2026-08-20 12:44:59-04:00,-223
ELECTRIC,2026-08-20 12:45:00-04:00,2026-08-20 12:59:59-04:00,-227
ELECTRIC,2026-08-20 13:00:00-04:00,2026-08-20 13:14:59-04:00,-261
ELECTRIC,2026-08-20 13:15:00-04:00,2026-08-20 13:29:59-04:00,-274
ELECTRIC,2026-08-20 13:30:00-04:00,2026-08-20 13:44:59-04:00,-129
ELECTRIC,2026-08-20 13:45:00-04:00,2026-08-20 13:59:59-04:00,0
ELECTRIC,2026-08-20 14:00:00-04:00,2026-08-20 14:14:59-04:00,0
ELECTRIC,2026-08-20 14:15:00-04:00,2026-08-20 14:29:59-04:00,0
ELECTRIC,2026-08-20 14:30:00-04:00,2026-08-20 14:44:59-04:00,0
ELECTRIC,2026-08-20 14:45:00-04:00,2026-08-20 14:59:59-04:00,0
ELECTRIC,2026-08-20 15:00:00-04:00,2026-08-20 15:14:59-04:00,-213
ELECTRIC,2026-08-20 15:15:00-04:00,2026-08-20 15:29:59-04:00,-369
ELECTRIC,2026-08-20 15:30:00-04:00,2026-08-20 15:44:59-04:00,-283
ELECTRIC,2026-08-20 15:45:00-04:00,2026-08-20 15:59:59-04:00,-214
ELECTRIC,2026-08-20 16:00:00-04:00,2026-08-20 16:14:59-04:00,-640
ELECTRIC,2026-08-20 16:15:00-04:00,2026-08-20 16:29:59-04:00,-132
ELECTRIC,2026-08-20 16:30:00-04:00,2026-08-20 16:44:59-04:00,0
ELECTRIC,2026-08-20 16:45:00-04:00,2026-08-20 16:59:59-04:00,0
ELECTRIC,2026-08-20 17:00:00-04:00,2026-08-20 17:14:59-04:00,0
ELECTRIC,2026-08-20 17:15:00-04:00,2026-08-20 17:29:59-04:00,0
ELECTRIC,2026-08-20 17:30:00-04:00,2026-08-20 17:44:59-04:00,0
ELECTRIC,2026-08-20 17:45:00-04:00,2026-08-20 17:59:59-04:00,0
ELECTRIC,2026-08-20 18:00:00-04:00,2026-08-20 18:14:59-04:00,0
ELECTRIC,2026-08-20 18:15:00-04:00,2026-08-20 18:29:59-04:00,0
ELECTRIC,2026-08-20 18:30:00-04:00,2026-08-20 18:44:59-04:00,0
ELECTRIC,2026-08-20 18:45:00-04:00,2026-08-20 18:59:59-04:00,0
ELECTRIC,2026-08-20 19:00:00-04:00,2026-08-20 19:14:59-04:00,0
ELECTRIC,2026-08-20 19:15:00-04:00,2026-08-20 19:29:59-04:00,0
ELECTRIC,2026-08-20 19:30:00-04:00,2026-08-20 19:44:59-04:00,0
ELECTRIC,2026-08-20 19:45:00-04:00,2026-08-20 19:59:59-04:00,0
ELECTRIC,2026-08-20 20:00:00-04:00,2026-08-20 20:14:59-04:00,0
ELECTRIC,2026-08-20 20:15:00-04:00,2026-08-20 20:29:59-04:00,0
ELECTRIC,2026-08-20 20:30:00-04:00,2026-08-20 20:44:59-04:00,0
ELECTRIC,2026-08-20 20:45:00-04:00,2026-08-20 20:59:59-04:00,0
ELECTRIC,2026-08-20 21:00:00-04:00,2026-08-20 21:14:59-04:00,0
ELECTRIC,2026-08-20 21:15:00-04:00,2026-08-20 21:29:59-04:00,0
ELECTRIC,2026-08-20 21:30:00-04:00,2026-08-20 21:44:59-04:00,0
ELECTRIC,2026-08-20 21:45:00-04:00,2026-08-20 21:59:59-04:00,0
ELECTRIC,2026-08-20 22:00:00-04:00,2026-08-20 22:14:59-04:00,0
ELECTRIC,2026-08-20 22:15:00-04:00,2026-08-20 22:29:59-04:00,0
ELECTRIC,2026-08-20 22:30:00-04:00,2026-08-20 22:44:59-04:00,0
ELECTRIC,2026-08-20 22:45:00-04:00,2026-08-20 22:59:59-04:00,0
ELECTRIC,2026-08-20 23:00:00-04:00,2026-08-20 23:14:59-04:00,0
ELECTRIC,2026-08-20 23:15:00-04:00,2026-08-20 23:29:59-04:00,0
ELECTRIC,2026-08-20 23:30:00-04:00,2026-08-20 23:44:59-04:00,0
ELECTRIC,2026-08-20 23:45:00-04:00,2026-08-20 23:59:59-04:00,0
ELECTRIC,2026-08-21 00:00:00-04:00,2026-08-21 00:14:59-04:00,0
ELECTRIC,2026-08-21 00:15:00-04:00,2026-08-21 00:29:59-04:00,0
ELECTRIC,2026-08-21 00:30:00-04:00,2026-08-21 00:44:59-04:00,0
ELECTRIC,2026-08-21 00:45:00-04:00,2026-08-21 00:59:59-04:00,0
ELECTRIC,2026-08-21 01:00:00-04:00,2026-08-21 01:14:59-04:00,0
ELECTRIC,2026-08-21 01:15:00-04:00,2026-08-21 01:29:59-04:00,0
ELECTRIC,2026-08-21 01:30:00-04:00,2026-08-21 01:44:59-04:00,0
ELECTRIC,2026-08-21 01:45:00-04:00,2026-08-21 01:59:59-04:00,0
ELECTRIC,2026-08-21 02:00:00-04:00,2026-08-21 02:14:59-04:00,0
ELECTRIC,2026-08-21 02:15:00-04:00,2026-08-21 02:29:59-04:00,0
ELECTRIC,2026-08-21 02:30:00-04:00,2026-08-21 02:44:59-04:00,0
ELECTRIC,2026-08-21 02:45:00-04:00,2026-08-21 02:59:59-04:00,0
ELECTRIC,2026-08-21 03:00:00-04:00,2026-08-21 03:14:59-04:00,0
ELECTRIC,2026-08-21 03:15:00-04:00,2026-08-21 03:29:59-04:00,0
ELECTRIC,2026-08-21 03:30:00-04:00,2026-08-21 03:44:59-04:00,0
ELECTRIC,2026-08-21 03:45:00-04:00,2026-08-21 03:59:59-04:00,0
ELECTRIC,2026-08-21 04:00:00-04:00,2026-08-21 04:14:59-04:00,0
ELECTRIC,2026-08-21 04:15:00-04:00,2026-08-21 04:29:59-04:00,0
ELECTRIC,2026-08-21 04:30:00-04:00,2026-08-21 04:44:59-04:00,0
ELECTRIC,2026-08-21 04:45:00-04:00,2026-08-21 04:59:59-04:00,0
ELECTRIC,2026-08-21 05:00:00-04:00,2026-08-21 05:14:59-04:00,0
ELECTRIC,2026-08-21 05:15:00-04:00,2026-08-21 05:29:59-04:00,0
ELECTRIC,2026-08-21 05:30:00-04:00,2026-08-21 05:44:59-04:00,0
ELECTRIC,2026-08-21 05:45:00-04:00,2026-08-21 05:59:59-04:00,0
ELECTRIC,2026-08-21 06:00:00-04:00,2026-08-21 06:14:59-04:00,0
ELECTRIC,2026-08-21 06:15:00-04:00,2026-08-21 06:29:59-04:00,0
ELECTRIC,2026-08-21 06:30:00-04:00,2026-08-21 06:44:59-04:00,0
ELECTRIC,2026-08-21 06:45:00-04:00,2026-08-21 06:59:59-04:00,0
ELECTRIC,2026-08-21 07:00:00-04:00,2026-08-21 07:14:59-04:00,0
ELECTRIC,2026-08-21 07:15:00-04:00,2026-08-21 07:29:59-04:00,0
ELECTRIC,2026-08-21 07:30:00-04:00,2026-08-21 07:44:59-04:00,0
ELECTRIC,2026-08-21 07:45:00-04:00,2026-08-21 07:59:59-04:00,0
ELECTRIC,2026-08-21 08:00:00-04:00,2026-08-21 08:14:59-04:00,0
ELECTRIC,2026-08-21 08:15:00-04:00,2026-08-21 08:29:59-04:00,0
ELECTRIC,2026-08-21 08:30:00-04:00,2026-08-21 08:44:59-04:00,0
ELECTRIC,2026-08-21 08:45:00-04:00,2026-08-21 08:59:59-04:00,0
ELECTRIC,2026-08-21 09:00:00-04:00,2026-08-21 09:14:59-04:00,-67
ELECTRIC,2026-08-21 09:15:00-04:00,2026-08-21 09:29:59-04:00,-13
ELECTRIC,2026-08-21 09:30:00-04:00,2026-08-21 09:44:59-04:00,-67
ELECTRIC,2026-08-21 09:45:00-04:00,2026-08-21 09:59:59-04:00,-51
ELECTRIC,2026-08-21 10:00:00-04:00,2026-08-21 10:14:59-04:00,-165
ELECTRIC,2026-08-21 10:15:00-04:00,2026-08-21 10:29:59-04:00,-54
ELECTRIC,2026-08-21 10:30:00-04:00,2026-08-21 10:44:59-04:00,-185
ELECTRIC,2026-08-21 10:45:00-04:00,2026-08-21 10:59:59-04:00,-156
ELECTRIC,2026-08-21 11:00:00-04:00,2026-08-21 11:14:59-04:00,-345
ELECTRIC,2026-08-21 11:15:00-04:00,2026-08-21 11:29:59-04:00,-614
ELECTRIC,2026-08-21 11:30:00-04:00,2026-08-21 11:44:59-04:00,-780
ELECTRIC,2026-08-21 11:45:00-04:00,2026-08-21 11:59:59-04:00,-279
ELECTRIC,2026-08-21 12:00:00-04:00,2026-08-21 12:14:59-04:00,0
ELECTRIC,2026-08-21 12:15:00-04:00,2026-08-21 12:29:59-04:00,0
ELECTRIC,2026-08-21 12:30:00-04:00,2026-08-21 12:44:59-04:00,0
ELECTRIC,2026-08-21 12:45:00-04:00,2026-08-21 12:59:59-04:00,-169
ELECTRIC,2026-08-21 13:00:00-04:00,2026-08-21 13:14:59-04:00,-265
ELECTRIC,2026-08-21 13:15:00-04:00,2026-08-21 13:29:59-04:00,-111
ELECTRIC,2026-08-21 13:30:00-04:00,2026-08-21 13:44:59-04:00,-342
ELECTRIC,2026-08-21 13:45:00-04:00,2026-08-21 13:59:59-04:00,-89
ELECTRIC,2026-08-21 14:00:00-04:00,2026-08-21 14:14:59-04:00,-309
ELECTRIC,2026-08-21 14:15:00-04:00,2026-08-21 14:29:59-04:00,-255
ELECTRIC,2026-08-21 14:30:00-04:00,2026-08-21 14:44:59-04:00,-49
ELECTRIC,2026-08-21 14:45:00-04:00,2026-08-21 14:59:59-04:00,0
ELECTRIC,2026-08-21 15:00:00-04:00,2026-08-21 15:14:59-04:00,-48
ELECTRIC,2026-08-21 15:15:00-04:00,2026-08-21 15:29:59-04:00,-391
ELECTRIC,2026-08-21 15:30:00-04:00,2026-08-21 15:44:59-04:00,-213
ELECTRIC,2026-08-21 15:45:00-04:00,2026-08-21 15:59:59-04:00,-139
ELECTRIC,2026-08-21 16:00:00-04:00,2026-08-21 16:14:59-04:00,-126
ELECTRIC,2026-08-21 16:15:00-04:00,2026-08-21 16:29:59-04:00,-81
ELECTRIC,2026-08-21 16:30:00-04:00,2026-08-21 16:44:59-04:00,-15
ELECTRIC,2026-08-21 16:45:00-04:00,2026-08-21 16:59:59-04:00,-1
ELECTRIC,2026-08-21 17:00:00-04:00,2026-08-21 17:14:59-04:00,0
ELECTRIC,2026-08-21 17:15:00-04:00,2026-08-21 17:29:59-04:00,-27
ELECTRIC,2026-08-21 17:30:00-04:00,2026-08-21 17:44:59-04:00,0
ELECTRIC,2026-08-21 17:45:00-04:00,2026-08-21 17:59:59-04:00,0
ELECTRIC,2026-08-21 18:00:00-04:00,2026-08-21 18:14:59-04:00,0
ELECTRIC,2026-08-21 18:15:00-04:00,2026-08-21 18:29:59-04:00,0
ELECTRIC,2026-08-21 18:30:00-04:00,2026-08-21 18:44:59-04:00,0
ELECTRIC,2026-08-21 18:45:00-04:00,2026-08-21 18:59:59-04:00,0
ELECTRIC,2026-08-21 19:00:00-04:00,2026-08-21 19:14:59-04:00,0
ELECTRIC,2026-08-21 19:15:00-04:00,2026-08-21 19:29:59-04:00,0
ELECTRIC,2026-08-21 19:30:00-04:00,2026-08-21 19:44:59-04:00,0
ELECTRIC,2026-08-21 19:45:00-04:00,2026-08-21 19:59:59-04:00,0
ELECTRIC,2026-08-21 20:00:00-04:00,2026-08-21 20:14:59-04:00,0
ELECTRIC,2026-08-21 20:15:00-04:00,2026-08-21 20:29:59-04:00,0
ELECTRIC,2026-08-21 20:30:00-04:00,2026-08-21 20:44:59-04:00,0
ELECTRIC,2026-08-21 20:45:00-04:00,2026-08-21 20:59:59-04:00,0
ELECTRIC,2026-08-21 21:00:00-04:00,2026-08-21 21:14:59-04:00,0
ELECTRIC,2026-08-21 21:15:00-04:00,2026-08-21 21:29:59-04:00,0
ELECTRIC,2026-08-21 21:30:00-04:00,2026-08-21 21:44:59-04:00,0
ELECTRIC,2026-08-21 21:45:00-04:00,2026-08-21 21:59:59-04:00,0
ELECTRIC,2026-08-21 22:00:00-04:00,2026-08-21 22:14:59-04:00,0
ELECTRIC,2026-08-21 22:15:00-04:00,2026-08-21 22:29:59-04:00,0
ELECTRIC,2026-08-21 22:30:00-04:00,2026-08-21 22:44:59-04:00,0
ELECTRIC,2026-08-21 22:45:00-04:00,2026-08-21 22:59:59-04:00,0
ELECTRIC,2026-08-21 23:00:00-04:00,2026-08-21 23:14:59-04:00,0
ELECTRIC,2026-08-21 23:15:00-04:00,2026-08-21 23:29:59-04:00,0
ELECTRIC,2026-08-21 23:30:00-04:00,2026-08-21 23:44:59-04:00,0
ELECTRIC,2026-08-21 23:45:00-04:00,2026-08-21 23:59:59-04:00,0
ELECTRIC,2026-08-22 00:00:00-04:00,2026-08-22 00:14:59-04:00,0
ELECTRIC,2026-08-22 00:15:00-04:00,2026-08-22 00:29:59-04:00,0
ELECTRIC,2026-08-22 00:30:00-04:00,2026-08-22 00:44:59-04:00,0
ELECTRIC,2026-08-22 00:45:00-04:00,2026-08-22 00:59:59-04:00,0
ELECTRIC,2026-08-22 01:00:00-04:00,2026-08-22 01:14:59-04:00,0
ELECTRIC,2026-08-22 01:15:00-04:00,2026-08-22 01:29:59-04:00,0
ELECTRIC,2026-08-22 01:30:00-04:00,2026-08-22 01:44:59-04:00,0
ELECTRIC,2026-08-22 01:45:00-04:00,2026-08-22 01:59:59-04:00,0
ELECTRIC,2026-08-22 02:00:00-04:00,2026-08-22 02:14:59-04:00,0
ELECTRIC,2026-08-22 02:15:00-04:00,2026-08-22 02:29:59-04:00,0
ELECTRIC,2026-08-22 02:30:00-04:00,2026-08-22 02:44:59-04:00,0
ELECTRIC,2026-08-22 02:45:00-04:00,2026-08-22 02:59:59-04:00,0
ELECTRIC,2026-08-22 03:00:00-04:00,2026-08-22 03:14:59-04:00,0
ELECTRIC,2026-08-22 03:15:00-04:00,2026-08-22 03:29:59-04:00,0
ELECTRIC,2026-08-22 03:30:00-04:00,2026-08-22 03:44:59-04:00,0
ELECTRIC,2026-08-22 03:45:00-04:00,2026-08-22 03:59:59-04:00,0
ELECTRIC,2026-08-22 04:00:00-04:00,2026-08-22 04:14:59-04:00,0
ELECTRIC,2026-08-22 04:15:00-04:00,2026-08-22 04:29:59-04:00,0
ELECTRIC,2026-08-22 04:30:00-04:00,2026-08-22 04:44:59-04:00,0
ELECTRIC,2026-08-22 04:45:00-04:00,2026-08-22 04:59:59-04:00,0
ELECTRIC,2026-08-22 05:00:00-04:00,2026-08-22 05:14:59-04:00,0
ELECTRIC,2026-08-22 05:15:00-04:00,2026-08-22 05:29:59-04:00,0
ELECTRIC,2026-08-22 05:30:00-04:00,2026-08-22 05:44:59-04:00,0
ELECTRIC,2026-08-22 05:45:00-04:00,2026-08-22 05:59:59-04:00,0
ELECTRIC,2026-08-22 06:00:00-04:00,2026-08-22 06:14:59-04:00,0
ELECTRIC,2026-08-22 06:15:00-04:00,2026-08-22 06:29:59-04:00,0
ELECTRIC,2026-08-22 06:30:00-04:00,2026-08-22 06:44:59-04:00,0
ELECTRIC,2026-08-22 06:45:00-04:00,2026-08-22 06:59:59-04:00,0
ELECTRIC,2026-08-22 07:00:00-04:00,2026-08-22 07:14:59-04:00,0
ELECTRIC,2026-08-22 07:15:00-04:00,2026-08-22 07:29:59-04:00,0
ELECTRIC,2026-08-22 07:30:00-04:00,2026-08-22 07:44:59-04:00,0
ELECTRIC,2026-08-22 07:45:00-04:00,2026-08-22 07:59:59-04:00,0
ELECTRIC,2026-08-22 08:00:00-04:00,2026-08-22 08:14:59-04:00,0
ELECTRIC,2026-08-22 08:15:00-04:00,2026-08-22 08:29:59-04:00,0
ELECTRIC,2026-08-22 08:30:00-04:00,2026-08-22 08:44:59-04:00,-6
ELECTRIC,2026-08-22 08:45:00-04:00,2026-08-22 08:59:59-04:00,-5
ELECTRIC,2026-08-22 09:00:00-04:00,2026-08-22 09:14:59-04:00,-51
ELECTRIC,2026-08-22 09:15:00-04:00,2026-08-22 09:29:59-04:00,-74
ELECTRIC,2026-08-22 09:30:00-04:00,2026-08-22 09:44:59-04:00,-19
ELECTRIC,2026-08-22 09:45:00-04:00,2026-08-22 09:59:59-04:00,0
ELECTRIC,2026-08-22 10:00:00-04:00,2026-08-22 10:14:59-04:00,-8
ELECTRIC,2026-08-22 10:15:00-04:00,2026-08-22 10:29:59-04:00,-186
ELECTRIC,2026-08-22 10:30:00-04:00,2026-08-22 10:44:59-04:00,0
ELECTRIC,2026-08-22 10:45:00-04:00,2026-08-22 10:59:59-04:00,-435
ELECTRIC,2026-08-22 11:00:00-04:00,2026-08-22 11:14:59-04:00,-416
ELECTRIC,2026-08-22 11:15:00-04:00,2026-08-22 11:29:59-04:00,-486
ELECTRIC,2026-08-22 11:30:00-04:00,2026-08-22 11:44:59-04:00,-242
ELECTRIC,2026-08-22 11:45:00-04:00,2026-08-22 11:59:59-04:00,-887
ELECTRIC,2026-08-22 12:00:00-04:00,2026-08-22 12:14:59-04:00,-536
ELECTRIC,2026-08-22 12:15:00-04:00,2026-08-22 12:29:59-04:00,-488
ELECTRIC,2026-08-22 12:30:00-04:00,2026-08-22 12:44:59-04:00,-575
ELECTRIC,2026-08-22 12:45:00-04:00,2026-08-22 12:59:59-04:00,-767
ELECTRIC,2026-08-22 13:00:00-04:00,2026-08-22 13:14:59-04:00,-1018
ELECTRIC,2026-08-22 13:15:00-04:00,2026-08-22 13:29:59-04:00,-725
ELECTRIC,2026-08-22 13:30:00-04:00,2026-08-22 13:44:59-04:00,-1026
ELECTRIC,2026-08-22 13:45:00-04:00,2026-08-22 13:59:59-04:00,-1019
ELECTRIC,2026-08-22 14:00:00-04:00,2026-08-22 14:14:59-04:00,-1029
ELECTRIC,2026-08-22 14:15:00-04:00,2026-08-22 14:29:59-04:00,-921
ELECTRIC,2026-08-22 14:30:00-04:00,2026-08-22 14:44:59-04:00,-932
ELECTRIC,2026-08-22 14:45:00-04:00,2026-08-22 14:59:59-04:00,-471
ELECTRIC,2026-08-22 15:00:00-04:00,2026-08-22 15:14:59-04:00,-311
ELECTRIC,2026-08-22 15:15:00-04:00,2026-08-22 15:29:59-04:00,-18
ELECTRIC,2026-08-22 15:30:00-04:00,2026-08-22 15:44:59-04:00,0
ELECTRIC,2026-08-22 15:45:00-04:00,2026-08-22 15:59:59-04:00,0
ELECTRIC,2026-08-22 16:00:00-04:00,2026-08-22 16:14:59-04:00,0
ELECTRIC,2026-08-22 16:15:00-04:00,2026-08-22 16:29:59-04:00,-140
ELECTRIC,2026-08-22 16:30:00-04:00,2026-08-22 16:44:59-04:00,-112
ELECTRIC,2026-08-22 16:45:00-04:00,2026-08-22 16:59:59-04:00,-155
ELECTRIC,2026-08-22 17:00:00-04:00,2026-08-22 17:14:59-04:00,-59
ELECTRIC,2026-08-22 17:15:00-04:00,2026-08-22 17:29:59-04:00,0
ELECTRIC,2026-08-22 17:30:00-04:00,2026-08-22 17:44:59-04:00,0
ELECTRIC,2026-08-22 17:45:00-04:00,2026-08-22 17:59:59-04:00,0
ELECTRIC,2026-08-22 18:00:00-04:00,2026-08-22 18:14:59-04:00,0
ELECTRIC,2026-08-22 18:15:00-04:00,2026-08-22 18:29:59-04:00,0
ELECTRIC,2026-08-22 18:30:00-04:00,2026-08-22 18:44:59-04:00,-86
ELECTRIC,2026-08-22 18:45:00-04:00,2026-08-22 18:59:59-04:00,-9
ELECTRIC,2026-08-22 19:00:00-04:00,2026-08-22 19:14:59-04:00,0
ELECTRIC,2026-08-22 19:15:00-04:00,2026-08-22 19:29:59-04:00,0
ELECTRIC,2026-08-22 19:30:00-04:00,2026-08-22 19:44:59-04:00,0
ELECTRIC,2026-08-22 19:45:00-04:00,2026-08-22 19:59:59-04:00,0
ELECTRIC,2026-08-22 20:00:00-04:00,2026-08-22 20:14:59-04:00,0
ELECTRIC,2026-08-22 20:15:00-04:00,2026-08-22 20:29:59-04:00,0
ELECTRIC,2026-08-22 20:30:00-04:00,2026-08-22 20:44:59-04:00,0
ELECTRIC,2026-08-22 20:45:00-04:00,2026-08-22 20:59:59-04:00,0
ELECTRIC,2026-08-22 21:00:00-04:00,2026-08-22 21:14:59-04:00,0
ELECTRIC,2026-08-22 21:15:00-04:00,2026-08-22 21:29:59-04:00,0
ELECTRIC,2026-08-22 21:30:00-04:00,2026-08-22 21:44:59-04:00,0
ELECTRIC,2026-08-22 21:45:00-04:00,2026-08-22 21:59:59-04:00,0
ELECTRIC,2026-08-22 22:00:00-04:00,2026-08-22 22:14:59-04:00,0
ELECTRIC,2026-08-22 22:15:00-04:00,2026-08-22 22:29:59-04:00,0
ELECTRIC,2026-08-22 22:30:00-04:00,2026-08-22 22:44:59-04:00,0
ELECTRIC,2026-08-22 22:45:00-04:00,2026-08-22 22:59:59-04:00,0
ELECTRIC,2026-08-22 23:00:00-04:00,2026-08-22 23:14:59-04:00,0
ELECTRIC,2026-08-22 23:15:00-04:00,2026-08-22 23:29:59-04:00,0
ELECTRIC,2026-08-22 23:30:00-04:00,2026-08-22 23:44:59-04:00,0
ELECTRIC,2026-08-22 23:45:00-04:00,2026-08-22 23:59:59-04:00,0
ELECTRIC,2026-08-23 00:00:00-04:00,2026-08-23 00:14:59-04:00,0
ELECTRIC,2026-08-23 00:15:00-04:00,2026-08-23 00:29:59-04:00,0
ELECTRIC,2026-08-23 00:30:00-04:00,2026-08-23 00:44:59-04:00,0
ELECTRIC,2026-08-23 00:45:00-04:00,2026-08-23 00:59:59-04:00,0
ELECTRIC,2026-08-23 01:00:00-04:00,2026-08-23 01:14:59-04:00,0
ELECTRIC,2026-08-23 01:15:00-04:00,2026-08-23 01:29:59-04:00,0
ELECTRIC,2026-08-23 01:30:00-04:00,2026-08-23 01:44:59-04:00,0
ELECTRIC,2026-08-23 01:45:00-04:00,2026-08-23 01:59:59-04:00,0
ELECTRIC,2026-08-23 02:00:00-04:00,2026-08-23 02:14:59-04:00,0
ELECTRIC,2026-08-23 02:15:00-04:00,2026-08-23 02:29:59-04:00,0
ELECTRIC,2026-08-23 02:30:00-04:00,2026-08-23 02:44:59-04:00,0
ELECTRIC,2026-08-23 02:45:00-04:00,2026-08-23 02:59:59-04:00,0
ELECTRIC,2026-08-23 03:00:00-04:00,2026-08-23 03:14:59-04:00,0
ELECTRIC,2026-08-23 03:15:00-04:00,2026-08-23 03:29:59-04:00,0
ELECTRIC,2026-08-23 03:30:00-04:00,2026-08-23 03:44:59-04:00,0
ELECTRIC,2026-08-23 03:45:00-04:00,2026-08-23 03:59:59-04:00,0
ELECTRIC,2026-08-23 04:00:00-04:00,2026-08-23 04:14:59-04:00,0
ELECTRIC,2026-08-23 04:15:00-04:00,2026-08-23 04:29:59-04:00,0
ELECTRIC,2026-08-23 04:30:00-04:00,2026-08-23 04:44:59-04:00,0
ELECTRIC,2026-08-23 04:45:00-04:00,2026-08-23 04:59:59-04:00,0
ELECTRIC,2026-08-23 05:00:00-04:00,2026-08-23 05:14:59-04:00,0
ELECTRIC,2026-08-23 05:15:00-04:00,2026-08-23 05:29:59-04:00,0
ELECTRIC,2026-08-23 05:30:00-04:00,2026-08-23 05:44:59-04:00,0
ELECTRIC,2026-08-23 05:45:00-04:00,2026-08-23 05:59:59-04:00,0
ELECTRIC,2026-08-23 06:00:00-04:00,2026-08-23 06:14:59-04:00,0
ELECTRIC,2026-08-23 06:15:00-04:00,2026-08-23 06:29:59-04:00,0
ELECTRIC,2026-08-23 06:30:00-04:00,2026-08-23 06:44:59-04:00,0
ELECTRIC,2026-08-23 06:45:00-04:00,2026-08-23 06:59:59-04:00,0
ELECTRIC,2026-08-23 07:00:00-04:00,2026-08-23 07:14:59-04:00,0
ELECTRIC,2026-08-23 07:15:00-04:00,2026-08-23 07:29:59-04:00,0
ELECTRIC,2026-08-23 07:30:00-04:00,2026-08-23 07:44:59-04:00,0
ELECTRIC,2026-08-23 07:45:00-04:00,2026-08-23 07:59:59-04:00,0
ELECTRIC,2026-08-23 08:00:00-04:00,2026-08-23 08:14:59-04:00,0
ELECTRIC,2026-08-23 08:15:00-04:00,2026-08-23 08:29:59-04:00,0
ELECTRIC,2026-08-23 08:30:00-04:00,2026-08-23 08:44:59-04:00,0
ELECTRIC,2026-08-23 08:45:00-04:00,2026-08-23 08:59:59-04:00,0
ELECTRIC,2026-08-23 09:00:00-04:00,2026-08-23 09:14:59-04:00,0
ELECTRIC,2026-08-23 09:15:00-04:00,2026-08-23 09:29:59-04:00,0
ELECTRIC,2026-08-23 09:30:00-04:00,2026-08-23 09:44:59-04:00,0
ELECTRIC,2026-08-23 09:45:00-04:00,2026-08-23 09:59:59-04:00,-12
ELECTRIC,2026-08-23 10:00:00-04:00,2026-08-23 10:14:59-04:00,-131
ELECTRIC,2026-08-23 10:15:00-04:00,2026-08-23 10:29:59-04:00,-113
ELECTRIC,2026-08-23 10:30:00-04:00,2026-08-23 10:44:59-04:00,0
ELECTRIC,2026-08-23 10:45:00-04:00,2026-08-23 10:59:59-04:00,-1
ELECTRIC,2026-08-23 11:00:00-04:00,2026-08-23 11:14:59-04:00,-121
ELECTRIC,2026-08-23 11:15:00-04:00,2026-08-23 11:29:59-04:00,-461
ELECTRIC,2026-08-23 11:30:00-04:00,2026-08-23 11:44:59-04:00,-644
ELECTRIC,2026-08-23 11:45:00-04:00,2026-08-23 11:59:59-04:00,-631
ELECTRIC,2026-08-23 12:00:00-04:00,2026-08-23 12:14:59-04:00,-324
ELECTRIC,2026-08-23 12:15:00-04:00,2026-08-23 12:29:59-04:00,-236
ELECTRIC,2026-08-23 12:30:00-04:00,2026-08-23 12:44:59-04:00,-415
ELECTRIC,2026-08-23 12:45:00-04:00,2026-08-23 12:59:59-04:00,-55
ELECTRIC,2026-08-23 13:00:00-04:00,2026-08-23 13:14:59-04:00,-59
ELECTRIC,2026-08-23 13:15:00-04:00,2026-08-23 13:29:59-04:00,-302
ELECTRIC,2026-08-23 13:30:00-04:00,2026-08-23 13:44:59-04:00,-252
ELECTRIC,2026-08-23 13:45:00-04:00,2026-08-23 13:59:59-04:00,-239
ELECTRIC,2026-08-23 14:00:00-04:00,2026-08-23 14:14:59-04:00,-290
ELECTRIC,2026-08-23 14:15:00-04:00,2026-08-23 14:29:59-04:00,-322
ELECTRIC,2026-08-23 14:30:00-04:00,2026-08-23 14:44:59-04:00,-135
ELECTRIC,2026-08-23 14:45:00-04:00,2026-08-23 14:59:59-04:00,-302
ELECTRIC,2026-08-23 15:00:00-04:00,2026-08-23 15:14:59-04:00,-230
ELECTRIC,2026-08-23 15:15:00-04:00,2026-08-23 15:29:59-04:00,-122
ELECTRIC,2026-08-23 15:30:00-04:00,2026-08-23 15:44:59-04:00,-195
ELECTRIC,2026-08-23 15:45:00-04:00,2026-08-23 15:59:59-04:00,-603
ELECTRIC,2026-08-23 16:00:00-04:00,2026-08-23 16:14:59-04:00,-315
ELECTRIC,2026-08-23 16:15:00-04:00,2026-08-23 16:29:59-04:00,-3
ELECTRIC,2026-08-23 16:30:00-04:00,2026-08-23 16:44:59-04:00,0
ELECTRIC,2026-08-23 16:45:00-04:00,2026-08-23 16:59:59-04:00,0
ELECTRIC,2026-08-23 17:00:00-04:00,2026-08-23 17:14:59-04:00,0
ELECTRIC,2026-08-23 17:15:00-04:00,2026-08-23 17:29:59-04:00,0
ELECTRIC,2026-08-23 17:30:00-04:00,2026-08-23 17:44:59-04:00,0
ELECTRIC,2026-08-23 17:45:00-04:00,2026-08-23 17:59:59-04:00,0
ELECTRIC,2026-08-23 18:00:00-04:00,2026-08-23 18:14:59-04:00,0
ELECTRIC,2026-08-23 18:15:00-04:00,2026-08-23 18:29:59-04:00,0
ELECTRIC,2026-08-23 18:30:00-04:00,2026-08-23 18:44:59-04:00,0
ELECTRIC,2026-08-23 18:45:00-04:00,2026-08-23 18:59:59-04:00,0
ELECTRIC,2026-08-23 19:00:00-04:00,2026-08-23 19:14:59-04:00,0
ELECTRIC,2026-08-23 19:15:00-04:00,2026-08-23 19:29:59-04:00,0
ELECTRIC,2026-08-23 19:30:00-04:00,2026-08-23 19:44:59-04:00,0
ELECTRIC,2026-08-23 19:45:00-04:00,2026-08-23 19:59:59-04:00,0
ELECTRIC,2026-08-23 20:00:00-04:00,2026-08-23 20:14:59-04:00,0
ELECTRIC,2026-08-23 20:15:00-04:00,2026-08-23 20:29:59-04:00,0
ELECTRIC,2026-08-23 20:30:00-04:00,2026-08-23 20:44:59-04:00,0
ELECTRIC,2026-08-23 20:45:00-04:00,2026-08-23 20:59:59-04:00,0
ELECTRIC,2026-08-23 21:00:00-04:00,2026-08-23 21:14:59-04:00,0
ELECTRIC,2026-08-23 21:15:00-04:00,2026-08-23 21:29:59-04:00,0
ELECTRIC,2026-08-23 21:30:00-04:00,2026-08-23 21:44:59-04:00,0
ELECTRIC,2026-08-23 21:45:00-04:00,2026-08-23 21:59:59-04:00,0
ELECTRIC,2026-08-23 22:00:00-04:00,2026-08-23 22:14:59-04:00,0
ELECTRIC,2026-08-23 22:15:00-04:00,2026-08-23 22:29:59-04:00,0
ELECTRIC,2026-08-23 22:30:00-04:00,2026-08-23 22:44:59-04:00,0
ELECTRIC,2026-08-23 22:45:00-04:00,2026-08-23 22:59:59-04:00,0
ELECTRIC,2026-08-23 23:00:00-04:00,2026-08-23 23:14:59-04:00,0
ELECTRIC,2026-08-23 23:15:00-04:00,2026-08-23 23:29:59-04:00,0
ELECTRIC,2026-08-23 23:30:00-04:00,2026-08-23 23:44:59-04:00,0
ELECTRIC,2026-08-23 23:45:00-04:00,2026-08-23 23:59:59-04:00,0
ELECTRIC,2026-08-24 00:00:00-04:00,2026-08-24 00:14:59-04:00,0
ELECTRIC,2026-08-24 00:15:00-04:00,2026-08-24 00:29:59-04:00,0
ELECTRIC,2026-08-24 00:30:00-04:00,2026-08-24 00:44:59-04:00,0
ELECTRIC,2026-08-24 00:45:00-04:00,2026-08-24 00:59:59-04:00,0
ELECTRIC,2026-08-24 01:00:00-04:00,2026-08-24 01:14:59-04:00,0
ELECTRIC,2026-08-24 01:15:00-04:00,2026-08-24 01:29:59-04:00,0
ELECTRIC,2026-08-24 01:30:00-04:00,2026-08-24 01:44:59-04:00,0
ELECTRIC,2026-08-24 01:45:00-04:00,2026-08-24 01:59:59-04:00,0
ELECTRIC,2026-08-24 02:00:00-04:00,2026-08-24 02:14:59-04:00,0
ELECTRIC,2026-08-24 02:15:00-04:00,2026-08-24 02:29:59-04:00,0
ELECTRIC,2026-08-24 02:30:00-04:00,2026-08-24 02:44:59-04:00,0
ELECTRIC,2026-08-24 02:45:00-04:00,2026-08-24 02:59:59-04:00,0
ELECTRIC,2026-08-24 03:00:00-04:00,2026-08-24 03:14:59-04:00,0
ELECTRIC,2026-08-24 03:15:00-04:00,2026-08-24 03:29:59-04:00,0
ELECTRIC,2026-08-24 03:30:00-04:00,2026-08-24 03:44:59-04:00,0
ELECTRIC,2026-08-24 03:45:00-04:00,2026-08-24 03:59:59-04:00,0
ELECTRIC,2026-08-24 04:00:00-04:00,2026-08-24 04:14:59-04:00,0
ELECTRIC,2026-08-24 04:15:00-04:00,2026-08-24 04:29:59-04:00,0
ELECTRIC,2026-08-24 04:30:00-04:00,2026-08-24 04:44:59-04:00,0
ELECTRIC,2026-08-24 04:45:00-04:00,2026-08-24 04:59:59-04:00,0
ELECTRIC,2026-08-24 05:00:00-04:00,2026-08-24 05:14:59-04:00,0
ELECTRIC,2026-08-24 05:15:00-04:00,2026-08-24 05:29:59-04:00,0
ELECTRIC,2026-08-24 05:30:00-04:00,2026-08-24 05:44:59-04:00,0
ELECTRIC,2026-08-24 05:45:00-04:00,2026-08-24 05:59:59-04:00,0
ELECTRIC,2026-08-24 06:00:00-04:00,2026-08-24 06:14:59-04:00,0
ELECTRIC,2026-08-24 06:15:00-04:00,2026-08-24 06:29:59-04:00,0
ELECTRIC,2026-08-24 06:30:00-04:00,2026-08-24 06:44:59-04:00,0
ELECTRIC,2026-08-24 06:45:00-04:00,2026-08-24 06:59:59-04:00,0
ELECTRIC,2026-08-24 07:00:00-04:00,2026-08-24 07:14:59-04:00,0
ELECTRIC,2026-08-24 07:15:00-04:00,2026-08-24 07:29:59-04:00,0
ELECTRIC,2026-08-24 07:30:00-04:00,2026-08-24 07:44:59-04:00,0
ELECTRIC,2026-08-24 07:45:00-04:00,2026-08-24 07:59:59-04:00,0
ELECTRIC,2026-08-24 08:00:00-04:00,2026-08-24 08:14:59-04:00,0
ELECTRIC,2026-08-24 08:15:00-04:00,2026-08-24 08:29:59-04:00,0
ELECTRIC,2026-08-24 08:30:00-04:00,2026-08-24 08:44:59-04:00,0
ELECTRIC,2026-08-24 08:45:00-04:00,2026-08-24 08:59:59-04:00,0
ELECTRIC,2026-08-24 09:00:00-04:00,2026-08-24 09:14:59-04:00,0
ELECTRIC,2026-08-24 09:15:00-04:00,2026-08-24 09:29:59-04:00,0
ELECTRIC,2026-08-24 09:30:00-04:00,2026-08-24 09:44:59-04:00,0
ELECTRIC,2026-08-24 09:45:00-04:00,2026-08-24 09:59:59-04:00,0
ELECTRIC,2026-08-24 10:00:00-04:00,2026-08-24 10:14:59-04:00,-41
ELECTRIC,2026-08-24 10:15:00-04:00,2026-08-24 10:29:59-04:00,-83
ELECTRIC,2026-08-24 10:30:00-04:00,2026-08-24 10:44:59-04:00,-363
ELECTRIC,2026-08-24 10:45:00-04:00,2026-08-24 10:59:59-04:00,-501
ELECTRIC,2026-08-24 11:00:00-04:00,2026-08-24 11:14:59-04:00,-632
ELECTRIC,2026-08-24 11:15:00-04:00,2026-08-24 11:29:59-04:00,-627
ELECTRIC,2026-08-24 11:30:00-04:00,2026-08-24 11:44:59-04:00,-148
ELECTRIC,2026-08-24 11:45:00-04:00,2026-08-24 11:59:59-04:00,-178
ELECTRIC,2026-08-24 12:00:00-04:00,2026-08-24 12:14:59-04:00,-198
ELECTRIC,2026-08-24 12:15:00-04:00,2026-08-24 12:29:59-04:00,-239
ELECTRIC,2026-08-24 12:30:00-04:00,2026-08-24 12:44:59-04:00,-238
ELECTRIC,2026-08-24 12:45:00-04:00,2026-08-24 12:59:59-04:00,-229
ELECTRIC,2026-08-24 13:00:00-04:00,2026-08-24 13:14:59-04:00,-304
ELECTRIC,2026-08-24 13:15:00-04:00,2026-08-24 13:29:59-04:00,-289
ELECTRIC,2026-08-24 13:30:00-04:00,2026-08-24 13:44:59-04:00,-59
ELECTRIC,2026-08-24 13:45:00-04:00,2026-08-24 13:59:59-04:00,-32
ELECTRIC,2026-08-24 14:00:00-04:00,2026-08-24 14:14:59-04:00,-5
ELECTRIC,2026-08-24 14:15:00-04:00,2026-08-24 14:29:59-04:00,-263
ELECTRIC,2026-08-24 14:30:00-04:00,2026-08-24 14:44:59-04:00,-213
ELECTRIC,2026-08-24 14:45:00-04:00,2026-08-24 14:59:59-04:00,-217
ELECTRIC,2026-08-24 15:00:00-04:00,2026-08-24 15:14:59-04:00,-533
ELECTRIC,2026-08-24 15:15:00-04:00,2026-08-24 15:29:59-04:00,-40
ELECTRIC,2026-08-24 15:30:00-04:00,2026-08-24 15:44:59-04:00,-115
ELECTRIC,2026-08-24 15:45:00-04:00,2026-08-24 15:59:59-04:00,-132
ELECTRIC,2026-08-24 16:00:00-04:00,2026-08-24 16:14:59-04:00,-93
ELECTRIC,2026-08-24 16:15:00-04:00,2026-08-24 16:29:59-04:00,-40
ELECTRIC,2026-08-24 16:30:00-04:00,2026-08-24 16:44:59-04:00,-52
ELECTRIC,2026-08-24 16:45:00-04:00,2026-08-24 16:59:59-04:00,-33
ELECTRIC,2026-08-24 17:00:00-04:00,2026-08-24 17:14:59-04:00,-4
ELECTRIC,2026-08-24 17:15:00-04:00,2026-08-24 17:29:59-04:00,0
ELECTRIC,2026-08-24 17:30:00-04:00,2026-08-24 17:44:59-04:00,0
ELECTRIC,2026-08-24 17:45:00-04:00,2026-08-24 17:59:59-04:00,0
ELECTRIC,2026-08-24 18:00:00-04:00,2026-08-24 18:14:59-04:00,0
ELECTRIC,2026-08-24 18:15:00-04:00,2026-08-24 18:29:59-04:00,0
ELECTRIC,2026-08-24 18:30:00-04:00,2026-08-24 18:44:59-04:00,0
ELECTRIC,2026-08-24 18:45:00-04:00,2026-08-24 18:59:59-04:00,0
ELECTRIC,2026-08-24 19:00:00-04:00,2026-08-24 19:14:59-04:00,0
ELECTRIC,2026-08-24 19:15:00-04:00,2026-08-24 19:29:59-04:00,0
ELECTRIC,2026-08-24 19:30:00-04:00,2026-08-24 19:44:59-04:00,0
ELECTRIC,2026-08-24 19:45:00-04:00,2026-08-24 19:59:59-04:00,0
ELECTRIC,2026-08-24 20:00:00-04:00,2026-08-24 20:14:59-04:00,0
ELECTRIC,2026-08-24 20:15:00-04:00,2026-08-24 20:29:59-04:00,0
ELECTRIC,2026-08-24 20:30:00-04:00,2026-08-24 20:44:59-04:00,0
ELECTRIC,2026-08-24 20:45:00-04:00,2026-08-24 20:59:59-04:00,0
ELECTRIC,2026-08-24 21:00:00-04:00,2026-08-24 21:14:59-04:00,0
ELECTRIC,2026-08-24 21:15:00-04:00,2026-08-24 21:29:59-04:00,0
ELECTRIC,2026-08-24 21:30:00-04:00,2026-08-24 21:44:59-04:00,0
ELECTRIC,2026-08-24 21:45:00-04:00,2026-08-24 21:59:59-04:00,0
ELECTRIC,2026-08-24 22:00:00-04:00,2026-08-24 22:14:59-04:00,0
ELECTRIC,2026-08-24 22:15:00-04:00,2026-08-24 22:29:59-04:00,0
ELECTRIC,2026-08-24 22:30:00-04:00,2026-08-24 22:44:59-04:00,0
ELECTRIC,2026-08-24 22:45:00-04:00,2026-08-24 22:59:59-04:00,0
ELECTRIC,2026-08-24 23:00:00-04:00,2026-08-24 23:14:59-04:00,0
ELECTRIC,2026-08-24 23:15:00-04:00,2026-08-24 23:29:59-04:00,0
ELECTRIC,2026-08-24 23:30:00-04:00,2026-08-24 23:44:59-04:00,0
ELECTRIC,2026-08-24 23:45:00-04:00,2026-08-24 23:59:59-04:00,0
ELECTRIC,2026-08-25 00:00:00-04:00,2026-08-25 00:14:59-04:00,0
ELECTRIC,2026-08-25 00:15:00-04:00,2026-08-25 00:29:59-04:00,0
ELECTRIC,2026-08-25 00:30:00-04:00,2026-08-25 00:44:59-04:00,0
ELECTRIC,2026-08-25 00:45:00-04:00,2026-08-25 00:59:59-04:00,0
ELECTRIC,2026-08-25 01:00:00-04:00,2026-08-25 01:14:59-04:00,0
ELECTRIC,2026-08-25 01:15:00-04:00,2026-08-25 01:29:59-04:00,0
ELECTRIC,2026-08-25 01:30:00-04:00,2026-08-25 01:44:59-04:00,0
ELECTRIC,2026-08-25 01:45:00-04:00,2026-08-25 01:59:59-04:00,0
ELECTRIC,2026-08-25 02:00:00-04:00,2026-08-25 02:14:59-04:00,0
ELECTRIC,2026-08-25 02:15:00-04:00,2026-08-25 02:29:59-04:00,0
ELECTRIC,2026-08-25 02:30:00-04:00,2026-08-25 02:44:59-04:00,0
ELECTRIC,2026-08-25 02:45:00-04:00,2026-08-25 02:59:59-04:00,0
ELECTRIC,2026-08-25 03:00:00-04:00,2026-08-25 03:14:59-04:00,0
ELECTRIC,2026-08-25 03:15:00-04:00,2026-08-25 03:29:59-04:00,0
ELECTRIC,2026-08-25 03:30:00-04:00,2026-08-25 03:44:59-04:00,0
ELECTRIC,2026-08-25 03:45:00-04:00,2026-08-25 03:59:59-04:00,0
ELECTRIC,2026-08-25 04:00:00-04:00,2026-08-25 04:14:59-04:00,0
ELECTRIC,2026-08-25 04:15:00-04:00,2026-08-25 04:29:59-04:00,0
ELECTRIC,2026-08-25 04:30:00-04:00,2026-08-25 04:44:59-04:00,0
ELECTRIC,2026-08-25 04:45:00-04:00,2026-08-25 04:59:59-04:00,0
ELECTRIC,2026-08-25 05:00:00-04:00,2026-08-25 05:14:59-04:00,0
ELECTRIC,2026-08-25 05:15:00-04:00,2026-08-25 05:29:59-04:00,0
ELECTRIC,2026-08-25 05:30:00-04:00,2026-08-25 05:44:59-04:00,0
ELECTRIC,2026-08-25 05:45:00-04:00,2026-08-25 05:59:59-04:00,0
ELECTRIC,2026-08-25 06:00:00-04:00,2026-08-25 06:14:59-04:00,0
ELECTRIC,2026-08-25 06:15:00-04:00,2026-08-25 06:29:59-04:00,0
ELECTRIC,2026-08-25 06:30:00-04:00,2026-08-25 06:44:59-04:00,0
ELECTRIC,2026-08-25 06:45:00-04:00,2026-08-25 06:59:59-04:00,0
ELECTRIC,2026-08-25 07:00:00-04:00,2026-08-25 07:14:59-04:00,0
ELECTRIC,2026-08-25 07:15:00-04:00,2026-08-25 07:29:59-04:00,0
ELECTRIC,2026-08-25 07:30:00-04:00,2026-08-25 07:44:59-04:00,0
ELECTRIC,2026-08-25 07:45:00-04:00,2026-08-25 07:59:59-04:00,0
ELECTRIC,2026-08-25 08:00:00-04:00,2026-08-25 08:14:59-04:00,0
ELECTRIC,2026-08-25 08:15:00-04:00,2026-08-25 08:29:59-04:00,0
ELECTRIC,2026-08-25 08:30:00-04:00,2026-08-25 08:44:59-04:00,0
ELECTRIC,2026-08-25 08:45:00-04:00,2026-08-25 08:59:59-04:00,0
ELECTRIC,2026-08-25 09:00:00-04:00,2026-08-25 09:14:59-04:00,0
ELECTRIC,2026-08-25 09:15:00-04:00,2026-08-25 09:29:59-04:00,-19
ELECTRIC,2026-08-25 09:30:00-04:00,2026-08-25 09:44:59-04:00,-100
ELECTRIC,2026-08-25 09:45:00-04:00,2026-08-25 09:59:59-04:00,-113
ELECTRIC,2026-08-25 10:00:00-04:00,2026-08-25 10:14:59-04:00,-4
ELECTRIC,2026-08-25 10:15:00-04:00,2026-08-25 10:29:59-04:00,-181
ELECTRIC,2026-08-25 10:30:00-04:00,2026-08-25 10:44:59-04:00,-267
ELECTRIC,2026-08-25 10:45:00-04:00,2026-08-25 10:59:59-04:00,-343
ELECTRIC,2026-08-25 11:00:00-04:00,2026-08-25 11:14:59-04:00,-71
ELECTRIC,2026-08-25 11:15:00-04:00,2026-08-25 11:29:59-04:00,-303
ELECTRIC,2026-08-25 11:30:00-04:00,2026-08-25 11:44:59-04:00,-696
ELECTRIC,2026-08-25 11:45:00-04:00,2026-08-25 11:59:59-04:00,-278
ELECTRIC,2026-08-25 12:00:00-04:00,2026-08-25 12:14:59-04:00,-356
ELECTRIC,2026-08-25 12:15:00-04:00,2026-08-25 12:29:59-04:00,-639
ELECTRIC,2026-08-25 12:30:00-04:00,2026-08-25 12:44:59-04:00,-371
ELECTRIC,2026-08-25 12:45:00-04:00,2026-08-25 12:59:59-04:00,-730
ELECTRIC,2026-08-25 13:00:00-04:00,2026-08-25 13:14:59-04:00,-338
ELECTRIC,2026-08-25 13:15:00-04:00,2026-08-25 13:29:59-04:00,-69
ELECTRIC,2026-08-25 13:30:00-04:00,2026-08-25 13:44:59-04:00,-274
ELECTRIC,2026-08-25 13:45:00-04:00,2026-08-25 13:59:59-04:00,-695
ELECTRIC,2026-08-25 14:00:00-04:00,2026-08-25 14:14:59-04:00,-617
ELECTRIC,2026-08-25 14:15:00-04:00,2026-08-25 14:29:59-04:00,-617
ELECTRIC,2026-08-25 14:30:00-04:00,2026-08-25 14:44:59-04:00,-417
ELECTRIC,2026-08-25 14:45:00-04:00,2026-08-25 14:59:59-04:00,-32
ELECTRIC,2026-08-25 15:00:00-04:00,2026-08-25 15:14:59-04:00,-145
ELECTRIC,2026-08-25 15:15:00-04:00,2026-08-25 15:29:59-04:00,-11
ELECTRIC,2026-08-25 15:30:00-04:00,2026-08-25 15:44:59-04:00,0
ELECTRIC,2026-08-25 15:45:00-04:00,2026-08-25 15:59:59-04:00,0
ELECTRIC,2026-08-25 16:00:00-04:00,2026-08-25 16:14:59-04:00,0
ELECTRIC,2026-08-25 16:15:00-04:00,2026-08-25 16:29:59-04:00,0
ELECTRIC,2026-08-25 16:30:00-04:00,2026-08-25 16:44:59-04:00,0
ELECTRIC,2026-08-25 16:45:00-04:00,2026-08-25 16:59:59-04:00,0
ELECTRIC,2026-08-25 17:00:00-04:00,2026-08-25 17:14:59-04:00,0
ELECTRIC,2026-08-25 17:15:00-04:00,2026-08-25 17:29:59-04:00,0
ELECTRIC,2026-08-25 17:30:00-04:00,2026-08-25 17:44:59-04:00,0
ELECTRIC,2026-08-25 17:45:00-04:00,2026-08-25 17:59:59-04:00,0
ELECTRIC,2026-08-25 18:00:00-04:00,2026-08-25 18:14:59-04:00,0
ELECTRIC,2026-08-25 18:15:00-04:00,2026-08-25 18:29:59-04:00,0
ELECTRIC,2026-08-25 18:30:00-04:00,2026-08-25 18:44:59-04:00,0
ELECTRIC,2026-08-25 18:45:00-04:00,2026-08-25 18:59:59-04:00,0
ELECTRIC,2026-08-25 19:00:00-04:00,2026-08-25 19:14:59-04:00,0
ELECTRIC,2026-08-25 19:15:00-04:00,2026-08-25 19:29:59-04:00,0
ELECTRIC,2026-08-25 19:30:00-04:00,2026-08-25 19:44:59-04:00,0
ELECTRIC,2026-08-25 19:45:00-04:00,2026-08-25 19:59:59-04:00,0
ELECTRIC,2026-08-25 20:00:00-04:00,2026-08-25 20:14:59-04:00,0
ELECTRIC,2026-08-25 20:15:00-04:00,2026-08-25 20:29:59-04:00,0
ELECTRIC,2026-08-25 20:30:00-04:00,2026-08-25 20:44:59-04:00,0
ELECTRIC,2026-08-25 20:45:00-04:00,2026-08-25 20:59:59-04:00,0
ELECTRIC,2026-08-25 21:00:00-04:00,2026-08-25 21:14:59-04:00,0
ELECTRIC,2026-08-25 21:15:00-04:00,2026-08-25 21:29:59-04:00,0
ELECTRIC,2026-08-25 21:30:00-04:00,2026-08-25 21:44:59-04:00,0
ELECTRIC,2026-08-25 21:45:00-04:00,2026-08-25 21:59:59-04:00,0
ELECTRIC,2026-08-25 22:00:00-04:00,2026-08-25 22:14:59-04:00,0
ELECTRIC,2026-08-25 22:15:00-04:00,2026-08-25 22:29:59-04:00,0
ELECTRIC,2026-08-25 22:30:00-04:00,2026-08-25 22:44:59-04:00,0
ELECTRIC,2026-08-25 22:45:00-04:00,2026-08-25 22:59:59-04:00,0
ELECTRIC,2026-08-25 23:00:00-04:00,2026-08-25 23:14:59-04:00,0
ELECTRIC,2026-08-25 23:15:00-04:00,2026-08-25 23:29:59-04:00,0
ELECTRIC,2026-08-25 23:30:00-04:00,2026-08-25 23:44:59-04:00,0
ELECTRIC,2026-08-25 23:45:00-04:00,2026-08-25 23:59:59-04:00,0
ELECTRIC,2026-08-26 00:00:00-04:00,2026-08-26 00:14:59-04:00,0
ELECTRIC,2026-08-26 00:15:00-04:00,2026-08-26 00:29:59-04:00,0
ELECTRIC,2026-08-26 00:30:00-04:00,2026-08-26 00:44:59-04:00,0
ELECTRIC,2026-08-26 00:45:00-04:00,2026-08-26 00:59:59-04:00,0
ELECTRIC,2026-08-26 01:00:00-04:00,2026-08-26 01:14:59-04:00,0
ELECTRIC,2026-08-26 01:15:00-04:00,2026-08-26 01:29:59-04:00,0
ELECTRIC,2026-08-26 01:30:00-04:00,2026-08-26 01:44:59-04:00,0
ELECTRIC,2026-08-26 01:45:00-04:00,2026-08-26 01:59:59-04:00,0
ELECTRIC,2026-08-26 02:00:00-04:00,2026-08-26 02:14:59-04:00,0
ELECTRIC,2026-08-26 02:15:00-04:00,2026-08-26 02:29:59-04:00,0
ELECTRIC,2026-08-26 02:30:00-04:00,2026-08-26 02:44:59-04:00,0
ELECTRIC,2026-08-26 02:45:00-04:00,2026-08-26 02:59:59-04:00,0
ELECTRIC,2026-08-26 03:00:00-04:00,2026-08-26 03:14:59-04:00,0
ELECTRIC,2026-08-26 03:15:00-04:00,2026-08-26 03:29:59-04:00,0
ELECTRIC,2026-08-26 03:30:00-04:00,2026-08-26 03:44:59-04:00,0
ELECTRIC,2026-08-26 03:45:00-04:00,2026-08-26 03:59:59-04:00,0
ELECTRIC,2026-08-26 04:00:00-04:00,2026-08-26 04:14:59-04:00,0
ELECTRIC,2026-08-26 04:15:00-04:00,2026-08-26 04:29:59-04:00,0
ELECTRIC,2026-08-26 04:30:00-04:00,2026-08-26 04:44:59-04:00,0
ELECTRIC,2026-08-26 04:45:00-04:00,2026-08-26 04:59:59-04:00,0
ELECTRIC,2026-08-26 05:00:00-04:00,2026-08-26 05:14:59-04:00,0
ELECTRIC,2026-08-26 05:15:00-04:00,2026-08-26 05:29:59-04:00,0
ELECTRIC,2026-08-26 05:30:00-04:00,2026-08-26 05:44:59-04:00,0
ELECTRIC,2026-08-26 05:45:00-04:00,2026-08-26 05:59:59-04:00,0
ELECTRIC,2026-08-26 06:00:00-04:00,2026-08-26 06:14:59-04:00,0
ELECTRIC,2026-08-26 06:15:00-04:00,2026-08-26 06:29:59-04:00,0
ELECTRIC,2026-08-26 06:30:00-04:00,2026-08-26 06:44:59-04:00,0
ELECTRIC,2026-08-26 06:45:00-04:00,2026-08-26 06:59:59-04:00,0
ELECTRIC,2026-08-26 07:00:00-04:00,2026-08-26 07:14:59-04:00,0
ELECTRIC,2026-08-26 07:15:00-04:00,2026-08-26 07:29:59-04:00,0
ELECTRIC,2026-08-26 07:30:00-04:00,2026-08-26 07:44:59-04:00,0
ELECTRIC,2026-08-26 07:45:00-04:00,2026-08-26 07:59:59-04:00,0
ELECTRIC,2026-08-26 08:00:00-04:00,2026-08-26 08:14:59-04:00,0
ELECTRIC,2026-08-26 08:15:00-04:00,2026-08-26 08:29:59-04:00,0
ELECTRIC,2026-08-26 08:30:00-04:00,2026-08-26 08:44:59-04:00,0
ELECTRIC,2026-08-26 08:45:00-04:00,2026-08-26 08:59:59-04:00,0
ELECTRIC,2026-08-26 09:00:00-04:00,2026-08-26 09:14:59-04:00,0
ELECTRIC,2026-08-26 09:15:00-04:00,2026-08-26 09:29:59-04:00,0
ELECTRIC,2026-08-26 09:30:00-04:00,2026-08-26 09:44:59-04:00,-1
ELECTRIC,2026-08-26 09:45:00-04:00,2026-08-26 09:59:59-04:00,-44
ELECTRIC,2026-08-26 10:00:00-04:00,2026-08-26 10:14:59-04:00,-10
ELECTRIC,2026-08-26 10:15:00-04:00,2026-08-26 10:29:59-04:00,0
ELECTRIC,2026-08-26 10:30:00-04:00,2026-08-26 10:44:59-04:00,-58
ELECTRIC,2026-08-26 10:45:00-04:00,2026-08-26 10:59:59-04:00,-153
ELECTRIC,2026-08-26 11:00:00-04:00,2026-08-26 11:14:59-04:00,0
ELECTRIC,2026-08-26 11:15:00-04:00,2026-08-26 11:29:59-04:00,-2
ELECTRIC,2026-08-26 11:30:00-04:00,2026-08-26 11:44:59-04:00,0
ELECTRIC,2026-08-26 11:45:00-04:00,2026-08-26 11:59:59-04:00,0
ELECTRIC,2026-08-26 12:00:00-04:00,2026-08-26 12:14:59-04:00,-9
ELECTRIC,2026-08-26 12:15:00-04:00,2026-08-26 12:29:59-04:00,0
ELECTRIC,2026-08-26 12:30:00-04:00,2026-08-26 12:44:59-04:00,0
ELECTRIC,2026-08-26 12:45:00-04:00,2026-08-26 12:59:59-04:00,0
ELECTRIC,2026-08-26 13:00:00-04:00,2026-08-26 13:14:59-04:00,0
ELECTRIC,2026-08-26 13:15:00-04:00,2026-08-26 13:29:59-04:00,0
ELECTRIC,2026-08-26 13:30:00-04:00,2026-08-26 13:44:59-04:00,0
ELECTRIC,2026-08-26 13:45:00-04:00,2026-08-26 13:59:59-04:00,0
ELECTRIC,2026-08-26 14:00:00-04:00,2026-08-26 14:14:59-04:00,0
ELECTRIC,2026-08-26 14:15:00-04:00,2026-08-26 14:29:59-04:00,0
ELECTRIC,2026-08-26 14:30:00-04:00,2026-08-26 14:44:59-04:00,0
ELECTRIC,2026-08-26 14:45:00-04:00,2026-08-26 14:59:59-04:00,-15
ELECTRIC,2026-08-26 15:00:00-04:00,2026-08-26 15:14:59-04:00,-56
ELECTRIC,2026-08-26 15:15:00-04:00,2026-08-26 15:29:59-04:00,-125
ELECTRIC,2026-08-26 15:30:00-04:00,2026-08-26 15:44:59-04:00,-541
ELECTRIC,2026-08-26 15:45:00-04:00,2026-08-26 15:59:59-04:00,-157
ELECTRIC,2026-08-26 16:00:00-04:00,2026-08-26 16:14:59-04:00,0
ELECTRIC,2026-08-26 16:15:00-04:00,2026-08-26 16:29:59-04:00,-12
ELECTRIC,2026-08-26 16:30:00-04:00,2026-08-26 16:44:59-04:00,-3
ELECTRIC,2026-08-26 16:45:00-04:00,2026-08-26 16:59:59-04:00,0
ELECTRIC,2026-08-26 17:00:00-04:00,2026-08-26 17:14:59-04:00,0
ELECTRIC,2026-08-26 17:15:00-04:00,2026-08-26 17:29:59-04:00,-7
ELECTRIC,2026-08-26 17:30:00-04:00,2026-08-26 17:44:59-04:00,-151
ELECTRIC,2026-08-26 17:45:00-04:00,2026-08-26 17:59:59-04:00,0
ELECTRIC,2026-08-26 18:00:00-04:00,2026-08-26 18:14:59-04:00,0
ELECTRIC,2026-08-26 18:15:00-04:00,2026-08-26 18:29:59-04:00,0
ELECTRIC,2026-08-26 18:30:00-04:00,2026-08-26 18:44:59-04:00,0
ELECTRIC,2026-08-26 18:45:00-04:00,2026-08-26 18:59:59-04:00,0
ELECTRIC,2026-08-26 19:00:00-04:00,2026-08-26 19:14:59-04:00,0
ELECTRIC,2026-08-26 19:15:00-04:00,2026-08-26 19:29:59-04:00,0
ELECTRIC,2026-08-26 19:30:00-04:00,2026-08-26 19:44:59-04:00,0
ELECTRIC,2026-08-26 19:45:00-04:00,2026-08-26 19:59:59-04:00,0
ELECTRIC,2026-08-26 20:00:00-04:00,2026-08-26 20:14:59-04:00,0
ELECTRIC,2026-08-26 20:15:00-04:00,2026-08-26 20:29:59-04:00,0
ELECTRIC,2026-08-26 20:30:00-04:00,2026-08-26 20:44:59-04:00,0
ELECTRIC,2026-08-26 20:45:00-04:00,2026-08-26 20:59:59-04:00,0
ELECTRIC,2026-08-26 21:00:00-04:00,2026-08-26 21:14:59-04:00,0
ELECTRIC,2026-08-26 21:15:00-04:00,2026-08-26 21:29:59-04:00,0
ELECTRIC,2026-08-26 21:30:00-04:00,2026-08-26 21:44:59-04:00,0
ELECTRIC,2026-08-26 21:45:00-04:00,2026-08-26 21:59:59-04:00,0
ELECTRIC,2026-08-26 22:00:00-04:00,2026-08-26 22:14:59-04:00,0
ELECTRIC,2026-08-26 22:15:00-04:00,2026-08-26 22:29:59-04:00,0
ELECTRIC,2026-08-26 22:30:00-04:00,2026-08-26 22:44:59-04:00,0
ELECTRIC,2026-08-26 22:45:00-04:00,2026-08-26 22:59:59-04:00,0
ELECTRIC,2026-08-26 23:00:00-04:00,2026-08-26 23:14:59-04:00,0
ELECTRIC,2026-08-26 23:15:00-04:00,2026-08-26 23:29:59-04:00,0
ELECTRIC,2026-08-26 23:30:00-04:00,2026-08-26 23:44:59-04:00,0
ELECTRIC,2026-08-26 23:45:00-04:00,2026-08-26 23:59:59-04:00,0
ELECTRIC,2026-08-27 00:00:00-04:00,2026-08-27 00:14:59-04:00,0
ELECTRIC,2026-08-27 00:15:00-04:00,2026-08-27 00:29:59-04:00,0
ELECTRIC,2026-08-27 00:30:00-04:00,2026-08-27 00:44:59-04:00,0
ELECTRIC,2026-08-27 00:45:00-04:00,2026-08-27 00:59:59-04:00,0
ELECTRIC,2026-08-27 01:00:00-04:00,2026-08-27 01:14:59-04:00,0
ELECTRIC,2026-08-27 01:15:00-04:00,2026-08-27 01:29:59-04:00,0
ELECTRIC,2026-08-27 01:30:00-04:00,2026-08-27 01:44:59-04:00,0
ELECTRIC,2026-08-27 01:45:00-04:00,2026-08-27 01:59:59-04:00,0
ELECTRIC,2026-08-27 02:00:00-04:00,2026-08-27 02:14:59-04:00,0
ELECTRIC,2026-08-27 02:15:00-04:00,2026-08-27 02:29:59-04:00,0
ELECTRIC,2026-08-27 02:30:00-04:00,2026-08-27 02:44:59-04:00,0
ELECTRIC,2026-08-27 02:45:00-04:00,2026-08-27 02:59:59-04:00,0
ELECTRIC,2026-08-27 03:00:00-04:00,2026-08-27 03:14:59-04:00,0
ELECTRIC,2026-08-27 03:15:00-04:00,2026-08-27 03:29:59-04:00,0
ELECTRIC,2026-08-27 03:30:00-04:00,2026-08-27 03:44:59-04:00,0
ELECTRIC,2026-08-27 03:45:00-04:00,2026-08-27 03:59:59-04:00,0
ELECTRIC,2026-08-27 04:00:00-04:00,2026-08-27 04:14:59-04:00,0
ELECTRIC,2026-08-27 04:15:00-04:00,2026-08-27 04:29:59-04:00,0
ELECTRIC,2026-08-27 04:30:00-04:00,2026-08-27 04:44:59-04:00,0
ELECTRIC,2026-08-27 04:45:00-04:00,2026-08-27 04:59:59-04:00,0
ELECTRIC,2026-08-27 05:00:00-04:00,2026-08-27 05:14:59-04:00,0
ELECTRIC,2026-08-27 05:15:00-04:00,2026-08-27 05:29:59-04:00,0
ELECTRIC,2026-08-27 05:30:00-04:00,2026-08-27 05:44:59-04:00,0
ELECTRIC,2026-08-27 05:45:00-04:00,2026-08-27 05:59:59-04:00,0
ELECTRIC,2026-08-27 06:00:00-04:00,2026-08-27 06:14:59-04:00,0
ELECTRIC,2026-08-27 06:15:00-04:00,2026-08-27 06:29:59-04:00,0
ELECTRIC,2026-08-27 06:30:00-04:00,2026-08-27 06:44:59-04:00,0
ELECTRIC,2026-08-27 06:45:00-04:00,2026-08-27 06:59:59-04:00,0
ELECTRIC,2026-08-27 07:00:00-04:00,2026-08-27 07:14:59-04:00,0
ELECTRIC,2026-08-27 07:15:00-04:00,2026-08-27 07:29:59-04:00,0
ELECTRIC,2026-08-27 07:30:00-04:00,2026-08-27 07:44:59-04:00,0
ELECTRIC,2026-08-27 07:45:00-04:00,2026-08-27 07:59:59-04:00,0
ELECTRIC,2026-08-27 08:00:00-04:00,2026-08-27 08:14:59-04:00,0
ELECTRIC,2026-08-27 08:15:00-04:00,2026-08-27 08:29:59-04:00,0
ELECTRIC,2026-08-27 08:30:00-04:00,2026-08-27 08:44:59-04:00,0
ELECTRIC,2026-08-27 08:45:00-04:00,2026-08-27 08:59:59-04:00,0
ELECTRIC,2026-08-27 09:00:00-04:00,2026-08-27 09:14:59-04:00,0
ELECTRIC,2026-08-27 09:15:00-04:00,2026-08-27 09:29:59-04:00,0
ELECTRIC,2026-08-27 09:30:00-04:00,2026-08-27 09:44:59-04:00,-3
ELECTRIC,2026-08-27 09:45:00-04:00,2026-08-27 09:59:59-04:00,-73
ELECTRIC,2026-08-27 10:00:00-04:00,2026-08-27 10:14:59-04:00,-6
ELECTRIC,2026-08-27 10:15:00-04:00,2026-08-27 10:29:59-04:00,-67
ELECTRIC,2026-08-27 10:30:00-04:00,2026-08-27 10:44:59-04:00,-221
ELECTRIC,2026-08-27 10:45:00-04:00,2026-08-27 10:59:59-04:00,-401
ELECTRIC,2026-08-27 11:00:00-04:00,2026-08-27 11:14:59-04:00,-23
ELECTRIC,2026-08-27 11:15:00-04:00,2026-08-27 11:29:59-04:00,-318
ELECTRIC,2026-08-27 11:30:00-04:00,2026-08-27 11:44:59-04:00,-503
ELECTRIC,2026-08-27 11:45:00-04:00,2026-08-27 11:59:59-04:00,-292
ELECTRIC,2026-08-27 12:00:00-04:00,2026-08-27 12:14:59-04:00,-318
ELECTRIC,2026-08-27 12:15:00-04:00,2026-08-27 12:29:59-04:00,-370
ELECTRIC,2026-08-27 12:30:00-04:00,2026-08-27 12:44:59-04:00,-186
ELECTRIC,2026-08-27 12:45:00-04:00,2026-08-27 12:59:59-04:00,0
ELECTRIC,2026-08-27 13:00:00-04:00,2026-08-27 13:14:59-04:00,-1
ELECTRIC,2026-08-27 13:15:00-04:00,2026-08-27 13:29:59-04:00,-45
ELECTRIC,2026-08-27 13:30:00-04:00,2026-08-27 13:44:59-04:00,-125
ELECTRIC,2026-08-27 13:45:00-04:00,2026-08-27 13:59:59-04:00,-208
ELECTRIC,2026-08-27 14:00:00-04:00,2026-08-27 14:14:59-04:00,-267
ELECTRIC,2026-08-27 14:15:00-04:00,2026-08-27 14:29:59-04:00,-501
ELECTRIC,2026-08-27 14:30:00-04:00,2026-08-27 14:44:59-04:00,-240
ELECTRIC,2026-08-27 14:45:00-04:00,2026-08-27 14:59:59-04:00,-438
ELECTRIC,2026-08-27 15:00:00-04:00,2026-08-27 15:14:59-04:00,-570
ELECTRIC,2026-08-27 15:15:00-04:00,2026-08-27 15:29:59-04:00,-328
ELECTRIC,2026-08-27 15:30:00-04:00,2026-08-27 15:44:59-04:00,-255
ELECTRIC,2026-08-27 15:45:00-04:00,2026-08-27 15:59:59-04:00,-311
ELECTRIC,2026-08-27 16:00:00-04:00,2026-08-27 16:14:59-04:00,-415
ELECTRIC,2026-08-27 16:15:00-04:00,2026-08-27 16:29:59-04:00,0
ELECTRIC,2026-08-27 16:30:00-04:00,2026-08-27 16:44:59-04:00,0
ELECTRIC,2026-08-27 16:45:00-04:00,2026-08-27 16:59:59-04:00,0
ELECTRIC,2026-08-27 17:00:00-04:00,2026-08-27 17:14:59-04:00,0
ELECTRIC,2026-08-27 17:15:00-04:00,2026-08-27 17:29:59-04:00,0
ELECTRIC,2026-08-27 17:30:00-04:00,2026-08-27 17:44:59-04:00,0
ELECTRIC,2026-08-27 17:45:00-04:00,2026-08-27 17:59:59-04:00,0
ELECTRIC,2026-08-27 18:00:00-04:00,2026-08-27 18:14:59-04:00,0
ELECTRIC,2026-08-27 18:15:00-04:00,2026-08-27 18:29:59-04:00,0
ELECTRIC,2026-08-27 18:30:00-04:00,2026-08-27 18:44:59-04:00,0
ELECTRIC,2026-08-27 18:45:00-04:00,2026-08-27 18:59:59-04:00,0
ELECTRIC,2026-08-27 19:00:00-04:00,2026-08-27 19:14:59-04:00,0
ELECTRIC,2026-08-27 19:15:00-04:00,2026-08-27 19:29:59-04:00,0
ELECTRIC,2026-08-27 19:30:00-04:00,2026-08-27 19:44:59-04:00,0
ELECTRIC,2026-08-27 19:45:00-04:00,2026-08-27 19:59:59-04:00,0
ELECTRIC,2026-08-27 20:00:00-04:00,2026-08-27 20:14:59-04:00,0
ELECTRIC,2026-08-27 20:15:00-04:00,2026-08-27 20:29:59-04:00,0
ELECTRIC,2026-08-27 20:30:00-04:00,2026-08-27 20:44:59-04:00,0
ELECTRIC,2026-08-27 20:45:00-04:00,2026-08-27 20:59:59-04:00,0
ELECTRIC,2026-08-27 21:00:00-04:00,2026-08-27 21:14:59-04:00,0
ELECTRIC,2026-08-27 21:15:00-04:00,2026-08-27 21:29:59-04:00,0
ELECTRIC,2026-08-27 21:30:00-04:00,2026-08-27 21:44:59-04:00,0
ELECTRIC,2026-08-27 21:45:00-04:00,2026-08-27 21:59:59-04:00,0
ELECTRIC,2026-08-27 22:00:00-04:00,2026-08-27 22:14:59-04:00,0
ELECTRIC,2026-08-27 22:15:00-04:00,2026-08-27 22:29:59-04:00,0
ELECTRIC,2026-08-27 22:30:00-04:00,2026-08-27 22:44:59-04:00,0
ELECTRIC,2026-08-27 22:45:00-04:00,2026-08-27 22:59:59-04:00,0
ELECTRIC,2026-08-27 23:00:00-04:00,2026-08-27 23:14:59-04:00,0
ELECTRIC,2026-08-27 23:15:00-04:00,2026-08-27 23:29:59-04:00,0
ELECTRIC,2026-08-27 23:30:00-04:00,2026-08-27 23:44:59-04:00,0
ELECTRIC,2026-08-27 23:45:00-04:00,2026-08-27 23:59:59-04:00,0
ELECTRIC,2026-08-28 00:00:00-04:00,2026-08-28 00:14:59-04:00,0
ELECTRIC,2026-08-28 00:15:00-04:00,2026-08-28 00:29:59-04:00,0
ELECTRIC,2026-08-28 00:30:00-04:00,2026-08-28 00:44:59-04:00,0
ELECTRIC,2026-08-28 00:45:00-04:00,2026-08-28 00:59:59-04:00,0
ELECTRIC,2026-08-28 01:00:00-04:00,2026-08-28 01:14:59-04:00,0
ELECTRIC,2026-08-28 01:15:00-04:00,2026-08-28 01:29:59-04:00,0
ELECTRIC,2026-08-28 01:30:00-04:00,2026-08-28 01:44:59-04:00,0
ELECTRIC,2026-08-28 01:45:00-04:00,2026-08-28 01:59:59-04:00,0
ELECTRIC,2026-08-28 02:00:00-04:00,2026-08-28 02:14:59-04:00,0
ELECTRIC,2026-08-28 02:15:00-04:00,2026-08-28 02:29:59-04:00,0
ELECTRIC,2026-08-28 02:30:00-04:00,2026-08-28 02:44:59-04:00,0
ELECTRIC,2026-08-28 02:45:00-04:00,2026-08-28 02:59:59-04:00,0
ELECTRIC,2026-08-28 03:00:00-04:00,2026-08-28 03:14:59-04:00,0
ELECTRIC,2026-08-28 03:15:00-04:00,2026-08-28 03:29:59-04:00,0
ELECTRIC,2026-08-28 03:30:00-04:00,2026-08-28 03:44:59-04:00,0
ELECTRIC,2026-08-28 03:45:00-04:00,2026-08-28 03:59:59-04:00,0
ELECTRIC,2026-08-28 04:00:00-04:00,2026-08-28 04:14:59-04:00,0
ELECTRIC,2026-08-28 04:15:00-04:00,2026-08-28 04:29:59-04:00,0
ELECTRIC,2026-08-28 04:30:00-04:00,2026-08-28 04:44:59-04:00,0
ELECTRIC,2026-08-28 04:45:00-04:00,2026-08-28 04:59:59-04:00,0
ELECTRIC,2026-08-28 05:00:00-04:00,2026-08-28 05:14:59-04:00,0
ELECTRIC,2026-08-28 05:15:00-04:00,2026-08-28 05:29:59-04:00,0
ELECTRIC,2026-08-28 05:30:00-04:00,2026-08-28 05:44:59-04:00,0
ELECTRIC,2026-08-28 05:45:00-04:00,2026-08-28 05:59:59-04:00,0
ELECTRIC,2026-08-28 06:00:00-04:00,2026-08-28 06:14:59-04:00,0
ELECTRIC,2026-08-28 06:15:00-04:00,2026-08-28 06:29:59-04:00,0
ELECTRIC,2026-08-28 06:30:00-04:00,2026-08-28 06:44:59-04:00,0
ELECTRIC,2026-08-28 06:45:00-04:00,2026-08-28 06:59:59-04:00,0
ELECTRIC,2026-08-28 07:00:00-04:00,2026-08-28 07:14:59-04:00,0
ELECTRIC,2026-08-28 07:15:00-04:00,2026-08-28 07:29:59-04:00,0
ELECTRIC,2026-08-28 07:30:00-04:00,2026-08-28 07:44:59-04:00,0
ELECTRIC,2026-08-28 07:45:00-04:00,2026-08-28 07:59:59-04:00,0
ELECTRIC,2026-08-28 08:00:00-04:00,2026-08-28 08:14:59-04:00,0
ELECTRIC,2026-08-28 08:15:00-04:00,2026-08-28 08:29:59-04:00,0
ELECTRIC,2026-08-28 08:30:00-04:00,2026-08-28 08:44:59-04:00,-5
ELECTRIC,2026-08-28 08:45:00-04:00,2026-08-28 08:59:59-04:00,-15
ELECTRIC,2026-08-28 09:00:00-04:00,2026-08-28 09:14:59-04:00,-1
ELECTRIC,2026-08-28 09:15:00-04:00,2026-08-28 09:29:59-04:00,-2
ELECTRIC,2026-08-28 09:30:00-04:00,2026-08-28 09:44:59-04:00,-11
ELECTRIC,2026-08-28 09:45:00-04:00,2026-08-28 09:59:59-04:00,0
ELECTRIC,2026-08-28 10:00:00-04:00,2026-08-28 10:14:59-04:00,0
ELECTRIC,2026-08-28 10:15:00-04:00,2026-08-28 10:29:59-04:00,0
ELECTRIC,2026-08-28 10:30:00-04:00,2026-08-28 10:44:59-04:00,-46
ELECTRIC,2026-08-28 10:45:00-04:00,2026-08-28 10:59:59-04:00,-75
ELECTRIC,2026-08-28 11:00:00-04:00,2026-08-28 11:14:59-04:00,0
ELECTRIC,2026-08-28 11:15:00-04:00,2026-08-28 11:29:59-04:00,0
ELECTRIC,2026-08-28 11:30:00-04:00,2026-08-28 11:44:59-04:00,0
ELECTRIC,2026-08-28 11:45:00-04:00,2026-08-28 11:59:59-04:00,-8
ELECTRIC,2026-08-28 12:00:00-04:00,2026-08-28 12:14:59-04:00,0
ELECTRIC,2026-08-28 12:15:00-04:00,2026-08-28 12:29:59-04:00,-2
ELECTRIC,2026-08-28 12:30:00-04:00,2026-08-28 12:44:59-04:00,-2
ELECTRIC,2026-08-28 12:45:00-04:00,2026-08-28 12:59:59-04:00,-37
ELECTRIC,2026-08-28 13:00:00-04:00,2026-08-28 13:14:59-04:00,-69
ELECTRIC,2026-08-28 13:15:00-04:00,2026-08-28 13:29:59-04:00,-40
ELECTRIC,2026-08-28 13:30:00-04:00,2026-08-28 13:44:59-04:00,-65
ELECTRIC,2026-08-28 13:45:00-04:00,2026-08-28 13:59:59-04:00,0
ELECTRIC,2026-08-28 14:00:00-04:00,2026-08-28 14:14:59-04:00,-20
ELECTRIC,2026-08-28 14:15:00-04:00,2026-08-28 14:29:59-04:00,-41
ELECTRIC,2026-08-28 14:30:00-04:00,2026-08-28 14:44:59-04:00,-15
ELECTRIC,2026-08-28 14:45:00-04:00,2026-08-28 14:59:59-04:00,0
ELECTRIC,2026-08-28 15:00:00-04:00,2026-08-28 15:14:59-04:00,-26
ELECTRIC,2026-08-28 15:15:00-04:00,2026-08-28 15:29:59-04:00,0
ELECTRIC,2026-08-28 15:30:00-04:00,2026-08-28 15:44:59-04:00,0
ELECTRIC,2026-08-28 15:45:00-04:00,2026-08-28 15:59:59-04:00,0
ELECTRIC,2026-08-28 16:00:00-04:00,2026-08-28 16:14:59-04:00,0
ELECTRIC,2026-08-28 16:15:00-04:00,2026-08-28 16:29:59-04:00,0
ELECTRIC,2026-08-28 16:30:00-04:00,2026-08-28 16:44:59-04:00,0
ELECTRIC,2026-08-28 16:45:00-04:00,2026-08-28 16:59:59-04:00,0
ELECTRIC,2026-08-28 17:00:00-04:00,2026-08-28 17:14:59-04:00,0
ELECTRIC,2026-08-28 17:15:00-04:00,2026-08-28 17:29:59-04:00,0
ELECTRIC,2026-08-28 17:30:00-04:00,2026-08-28 17:44:59-04:00,0
ELECTRIC,2026-08-28 17:45:00-04:00,2026-08-28 17:59:59-04:00,0
ELECTRIC,2026-08-28 18:00:00-04:00,2026-08-28 18:14:59-04:00,0
ELECTRIC,2026-08-28 18:15:00-04:00,2026-08-28 18:29:59-04:00,0
ELECTRIC,2026-08-28 18:30:00-04:00,2026-08-28 18:44:59-04:00,0
ELECTRIC,2026-08-28 18:45:00-04:00,2026-08-28 18:59:59-04:00,0
ELECTRIC,2026-08-28 19:00:00-04:00,2026-08-28 19:14:59-04:00,0
ELECTRIC,2026-08-28 19:15:00-04:00,2026-08-28 19:29:59-04:00,0
ELECTRIC,2026-08-28 19:30:00-04:00,2026-08-28 19:44:59-04:00,0
ELECTRIC,2026-08-28 19:45:00-04:00,2026-08-28 19:59:59-04:00,0
ELECTRIC,2026-08-28 20:00:00-04:00,2026-08-28 20:14:59-04:00,0
ELECTRIC,2026-08-28 20:15:00-04:00,2026-08-28 20:29:59-04:00,0
ELECTRIC,2026-08-28 20:30:00-04:00,2026-08-28 20:44:59-04:00,0
ELECTRIC,2026-08-28 20:45:00-04:00,2026-08-28 20:59:59-04:00,0
ELECTRIC,2026-08-28 21:00:00-04:00,2026-08-28 21:14:59-04:00,0
ELECTRIC,2026-08-28 21:15:00-04:00,2026-08-28 21:29:59-04:00,0
ELECTRIC,2026-08-28 21:30:00-04:00,2026-08-28 21:44:59-04:00,0
ELECTRIC,2026-08-28 21:45:00-04:00,2026-08-28 21:59:59-04:00,0
ELECTRIC,2026-08-28 22:00:00-04:00,2026-08-28 22:14:59-04:00,0
ELECTRIC,2026-08-28 22:15:00-04:00,2026-08-28 22:29:59-04:00,0
ELECTRIC,2026-08-28 22:30:00-04:00,2026-08-28 22:44:59-04:00,0
ELECTRIC,2026-08-28 22:45:00-04:00,2026-08-28 22:59:59-04:00,0
ELECTRIC,2026-08-28 23:00:00-04:00,2026-08-28 23:14:59-04:00,0
ELECTRIC,2026-08-28 23:15:00-04:00,2026-08-28 23:29:59-04:00,0
ELECTRIC,2026-08-28 23:30:00-04:00,2026-08-28 23:44:59-04:00,0
ELECTRIC,2026-08-28 23:45:00-04:00,2026-08-28 23:59:59-04:00,0
ELECTRIC,2026-08-29 00:00:00-04:00,2026-08-29 00:14:59-04:00,0
ELECTRIC,2026-08-29 00:15:00-04:00,2026-08-29 00:29:59-04:00,0
ELECTRIC,2026-08-29 00:30:00-04:00,2026-08-29 00:44:59-04:00,0
ELECTRIC,2026-08-29 00:45:00-04:00,2026-08-29 00:59:59-04:00,0
ELECTRIC,2026-08-29 01:00:00-04:00,2026-08-29 01:14:59-04:00,0
ELECTRIC,2026-08-29 01:15:00-04:00,2026-08-29 01:29:59-04:00,0
ELECTRIC,2026-08-29 01:30:00-04:00,2026-08-29 01:44:59-04:00,0
ELECTRIC,2026-08-29 01:45:00-04:00,2026-08-29 01:59:59-04:00,0
ELECTRIC,2026-08-29 02:00:00-04:00,2026-08-29 02:14:59-04:00,0
ELECTRIC,2026-08-29 02:15:00-04:00,2026-08-29 02:29:59-04:00,0
ELECTRIC,2026-08-29 02:30:00-04:00,2026-08-29 02:44:59-04:00,0
ELECTRIC,2026-08-29 02:45:00-04:00,2026-08-29 02:59:59-04:00,0
ELECTRIC,2026-08-29 03:00:00-04:00,2026-08-29 03:14:59-04:00,0
ELECTRIC,2026-08-29 03:15:00-04:00,2026-08-29 03:29:59-04:00,0
ELECTRIC,2026-08-29 03:30:00-04:00,2026-08-29 03:44:59-04:00,0
ELECTRIC,2026-08-29 03:45:00-04:00,2026-08-29 03:59:59-04:00,0
ELECTRIC,2026-08-29 04:00:00-04:00,2026-08-29 04:14:59-04:00,0
ELECTRIC,2026-08-29 04:15:00-04:00,2026-08-29 04:29:59-04:00,0
ELECTRIC,2026-08-29 04:30:00-04:00,2026-08-29 04:44:59-04:00,0
ELECTRIC,2026-08-29 04:45:00-04:00,2026-08-29 04:59:59-04:00,0
ELECTRIC,2026-08-29 05:00:00-04:00,2026-08-29 05:14:59-04:00,0
ELECTRIC,2026-08-29 05:15:00-04:00,2026-08-29 05:29:59-04:00,0
ELECTRIC,2026-08-29 05:30:00-04:00,2026-08-29 05:44:59-04:00,0
ELECTRIC,2026-08-29 05:45:00-04:00,2026-08-29 05:59:59-04:00,0
ELECTRIC,2026-08-29 06:00:00-04:00,2026-08-29 06:14:59-04:00,0
ELECTRIC,2026-08-29 06:15:00-04:00,2026-08-29 06:29:59-04:00,0
ELECTRIC,2026-08-29 06:30:00-04:00,2026-08-29 06:44:59-04:00,0
ELECTRIC,2026-08-29 06:45:00-04:00,2026-08-29 06:59:59-04:00,0
ELECTRIC,2026-08-29 07:00:00-04:00,2026-08-29 07:14:59-04:00,0
ELECTRIC,2026-08-29 07:15:00-04:00,2026-08-29 07:29:59-04:00,0
ELECTRIC,2026-08-29 07:30:00-04:00,2026-08-29 07:44:59-04:00,0
ELECTRIC,2026-08-29 07:45:00-04:00,2026-08-29 07:59:59-04:00,0
ELECTRIC,2026-08-29 08:00:00-04:00,2026-08-29 08:14:59-04:00,0
ELECTRIC,2026-08-29 08:15:00-04:00,2026-08-29 08:29:59-04:00,0
ELECTRIC,2026-08-29 08:30:00-04:00,2026-08-29 08:44:59-04:00,0
ELECTRIC,2026-08-29 08:45:00-04:00,2026-08-29 08:59:59-04:00,0
ELECTRIC,2026-08-29 09:00:00-04:00,2026-08-29 09:14:59-04:00,0
ELECTRIC,2026-08-29 09:15:00-04:00,2026-08-29 09:29:59-04:00,-1
ELECTRIC,2026-08-29 09:30:00-04:00,2026-08-29 09:44:59-04:00,0
ELECTRIC,2026-08-29 09:45:00-04:00,2026-08-29 09:59:59-04:00,0
ELECTRIC,2026-08-29 10:00:00-04:00,2026-08-29 10:14:59-04:00,0
ELECTRIC,2026-08-29 10:15:00-04:00,2026-08-29 10:29:59-04:00,0
ELECTRIC,2026-08-29 10:30:00-04:00,2026-08-29 10:44:59-04:00,-1
ELECTRIC,2026-08-29 10:45:00-04:00,2026-08-29 10:59:59-04:00,-65
ELECTRIC,2026-08-29 11:00:00-04:00,2026-08-29 11:14:59-04:00,-154
ELECTRIC,2026-08-29 11:15:00-04:00,2026-08-29 11:29:59-04:00,0
ELECTRIC,2026-08-29 11:30:00-04:00,2026-08-29 11:44:59-04:00,-225
ELECTRIC,2026-08-29 11:45:00-04:00,2026-08-29 11:59:59-04:00,-34
ELECTRIC,2026-08-29 12:00:00-04:00,2026-08-29 12:14:59-04:00,-201
ELECTRIC,2026-08-29 12:15:00-04:00,2026-08-29 12:29:59-04:00,-221
ELECTRIC,2026-08-29 12:30:00-04:00,2026-08-29 12:44:59-04:00,-204
ELECTRIC,2026-08-29 12:45:00-04:00,2026-08-29 12:59:59-04:00,-626
ELECTRIC,2026-08-29 13:00:00-04:00,2026-08-29 13:14:59-04:00,-256
ELECTRIC,2026-08-29 13:15:00-04:00,2026-08-29 13:29:59-04:00,-324
ELECTRIC,2026-08-29 13:30:00-04:00,2026-08-29 13:44:59-04:00,-733
ELECTRIC,2026-08-29 13:45:00-04:00,2026-08-29 13:59:59-04:00,-263
ELECTRIC,2026-08-29 14:00:00-04:00,2026-08-29 14:14:59-04:00,-232
ELECTRIC,2026-08-29 14:15:00-04:00,2026-08-29 14:29:59-04:00,-13
ELECTRIC,2026-08-29 14:30:00-04:00,2026-08-29 14:44:59-04:00,0
ELECTRIC,2026-08-29 14:45:00-04:00,2026-08-29 14:59:59-04:00,0
ELECTRIC,2026-08-29 15:00:00-04:00,2026-08-29 15:14:59-04:00,0
ELECTRIC,2026-08-29 15:15:00-04:00,2026-08-29 15:29:59-04:00,0
ELECTRIC,2026-08-29 15:30:00-04:00,2026-08-29 15:44:59-04:00,0
ELECTRIC,2026-08-29 15:45:00-04:00,2026-08-29 15:59:59-04:00,-44
ELECTRIC,2026-08-29 16:00:00-04:00,2026-08-29 16:14:59-04:00,-112
ELECTRIC,2026-08-29 16:15:00-04:00,2026-08-29 16:29:59-04:00,-220
ELECTRIC,2026-08-29 16:30:00-04:00,2026-08-29 16:44:59-04:00,-13
ELECTRIC,2026-08-29 16:45:00-04:00,2026-08-29 16:59:59-04:00,0
ELECTRIC,2026-08-29 17:00:00-04:00,2026-08-29 17:14:59-04:00,0
ELECTRIC,2026-08-29 17:15:00-04:00,2026-08-29 17:29:59-04:00,0
ELECTRIC,2026-08-29 17:30:00-04:00,2026-08-29 17:44:59-04:00,0
ELECTRIC,2026-08-29 17:45:00-04:00,2026-08-29 17:59:59-04:00,0
ELECTRIC,2026-08-29 18:00:00-04:00,2026-08-29 18:14:59-04:00,0
ELECTRIC,2026-08-29 18:15:00-04:00,2026-08-29 18:29:59-04:00,0
ELECTRIC,2026-08-29 18:30:00-04:00,2026-08-29 18:44:59-04:00,0
ELECTRIC,2026-08-29 18:45:00-04:00,2026-08-29 18:59:59-04:00,0
ELECTRIC,2026-08-29 19:00:00-04:00,2026-08-29 19:14:59-04:00,0
ELECTRIC,2026-08-29 19:15:00-04:00,2026-08-29 19:29:59-04:00,0
ELECTRIC,2026-08-29 19:30:00-04:00,2026-08-29 19:44:59-04:00,0
ELECTRIC,2026-08-29 19:45:00-04:00,2026-08-29 19:59:59-04:00,0
ELECTRIC,2026-08-29 20:00:00-04:00,2026-08-29 20:14:59-04:00,0
ELECTRIC,2026-08-29 20:15:00-04:00,2026-08-29 20:29:59-04:00,0
ELECTRIC,2026-08-29 20:30:00-04:00,2026-08-29 20:44:59-04:00,0
ELECTRIC,2026-08-29 20:45:00-04:00,2026-08-29 20:59:59-04:00,0
ELECTRIC,2026-08-29 21:00:00-04:00,2026-08-29 21:14:59-04:00,0
ELECTRIC,2026-08-29 21:15:00-04:00,2026-08-29 21:29:59-04:00,0
ELECTRIC,2026-08-29 21:30:00-04:00,2026-08-29 21:44:59-04:00,0
ELECTRIC,2026-08-29 21:45:00-04:00,2026-08-29 21:59:59-04:00,0
ELECTRIC,2026-08-29 22:00:00-04:00,2026-08-29 22:14:59-04:00,0
ELECTRIC,2026-08-29 22:15:00-04:00,2026-08-29 22:29:59-04:00,0
ELECTRIC,2026-08-29 22:30:00-04:00,2026-08-29 22:44:59-04:00,0
ELECTRIC,2026-08-29 22:45:00-04:00,2026-08-29 22:59:59-04:00,0
ELECTRIC,2026-08-29 23:00:00-04:00,2026-08-29 23:14:59-04:00,0
ELECTRIC,2026-08-29 23:15:00-04:00,2026-08-29 23:29:59-04:00,0
ELECTRIC,2026-08-29 23:30:00-04:00,2026-08-29 23:44:59-04:00,0
ELECTRIC,2026-08-29 23:45:00-04:00,2026-08-29 23:59:59-04:00,0
ELECTRIC,2026-08-30 00:00:00-04:00,2026-08-30 00:14:59-04:00,0
ELECTRIC,2026-08-30 00:15:00-04:00,2026-08-30 00:29:59-04:00,0
ELECTRIC,2026-08-30 00:30:00-04:00,2026-08-30 00:44:59-04:00,0
ELECTRIC,2026-08-30 00:45:00-04:00,2026-08-30 00:59:59-04:00,0
ELECTRIC,2026-08-30 01:00:00-04:00,2026-08-30 01:14:59-04:00,0
ELECTRIC,2026-08-30 01:15:00-04:00,2026-08-30 01:29:59-04:00,0
ELECTRIC,2026-08-30 01:30:00-04:00,2026-08-30 01:44:59-04:00,0
ELECTRIC,2026-08-30 01:45:00-04:00,2026-08-30 01:59:59-04:00,0
ELECTRIC,2026-08-30 02:00:00-04:00,2026-08-30 02:14:59-04:00,0
ELECTRIC,2026-08-30 02:15:00-04:00,2026-08-30 02:29:59-04:00,0
ELECTRIC,2026-08-30 02:30:00-04:00,2026-08-30 02:44:59-04:00,0
ELECTRIC,2026-08-30 02:45:00-04:00,2026-08-30 02:59:59-04:00,0
ELECTRIC,2026-08-30 03:00:00-04:00,2026-08-30 03:14:59-04:00,0
ELECTRIC,2026-08-30 03:15:00-04:00,2026-08-30 03:29:59-04:00,0
ELECTRIC,2026-08-30 03:30:00-04:00,2026-08-30 03:44:59-04:00,0
ELECTRIC,2026-08-30 03:45:00-04:00,2026-08-30 03:59:59-04:00,0
ELECTRIC,2026-08-30 04:00:00-04:00,2026-08-30 04:14:59-04:00,0
ELECTRIC,2026-08-30 04:15:00-04:00,2026-08-30 04:29:59-04:00,0
ELECTRIC,2026-08-30 04:30:00-04:00,2026-08-30 04:44:59-04:00,0
ELECTRIC,2026-08-30 04:45:00-04:00,2026-08-30 04:59:59-04:00,0
ELECTRIC,2026-08-30 05:00:00-04:00,2026-08-30 05:14:59-04:00,0
ELECTRIC,2026-08-30 05:15:00-04:00,2026-08-30 05:29:59-04:00,0
ELECTRIC,2026-08-30 05:30:00-04:00,2026-08-30 05:44:59-04:00,0
ELECTRIC,2026-08-30 05:45:00-04:00,2026-08-30 05:59:59-04:00,0
ELECTRIC,2026-08-30 06:00:00-04:00,2026-08-30 06:14:59-04:00,0
ELECTRIC,2026-08-30 06:15:00-04:00,2026-08-30 06:29:59-04:00,0
ELECTRIC,2026-08-30 06:30:00-04:00,2026-08-30 06:44:59-04:00,0
ELECTRIC,2026-08-30 06:45:00-04:00,2026-08-30 06:59:59-04:00,0
ELECTRIC,2026-08-30 07:00:00-04:00,2026-08-30 07:14:59-04:00,0
ELECTRIC,2026-08-30 07:15:00-04:00,2026-08-30 07:29:59-04:00,0
ELECTRIC,2026-08-30 07:30:00-04:00,2026-08-30 07:44:59-04:00,0
ELECTRIC,2026-08-30 07:45:00-04:00,2026-08-30 07:59:59-04:00,0
ELECTRIC,2026-08-30 08:00:00-04:00,2026-08-30 08:14:59-04:00,0
ELECTRIC,2026-08-30 08:15:00-04:00,2026-08-30 08:29:59-04:00,0
ELECTRIC,2026-08-30 08:30:00-04:00,2026-08-30 08:44:59-04:00,-13
ELECTRIC,2026-08-30 08:45:00-04:00,2026-08-30 08:59:59-04:00,-12
ELECTRIC,2026-08-30 09:00:00-04:00,2026-08-30 09:14:59-04:00,-35
ELECTRIC,2026-08-30 09:15:00-04:00,2026-08-30 09:29:59-04:00,-41
ELECTRIC,2026-08-30 09:30:00-04:00,2026-08-30 09:44:59-04:00,-160
ELECTRIC,2026-08-30 09:45:00-04:00,2026-08-30 09:59:59-04:00,-120
ELECTRIC,2026-08-30 10:00:00-04:00,2026-08-30 10:14:59-04:00,-171
ELECTRIC,2026-08-30 10:15:00-04:00,2026-08-30 10:29:59-04:00,-117
ELECTRIC,2026-08-30 10:30:00-04:00,2026-08-30 10:44:59-04:00,-158
ELECTRIC,2026-08-30 10:45:00-04:00,2026-08-30 10:59:59-04:00,-259
ELECTRIC,2026-08-30 11:00:00-04:00,2026-08-30 11:14:59-04:00,-243
ELECTRIC,2026-08-30 11:15:00-04:00,2026-08-30 11:29:59-04:00,-64
ELECTRIC,2026-08-30 11:30:00-04:00,2026-08-30 11:44:59-04:00,-26
ELECTRIC,2026-08-30 11:45:00-04:00,2026-08-30 11:59:59-04:00,-5
ELECTRIC,2026-08-30 12:00:00-04:00,2026-08-30 12:14:59-04:00,-74
ELECTRIC,2026-08-30 12:15:00-04:00,2026-08-30 12:29:59-04:00,0
ELECTRIC,2026-08-30 12:30:00-04:00,2026-08-30 12:44:59-04:00,0
ELECTRIC,2026-08-30 12:45:00-04:00,2026-08-30 12:59:59-04:00,0
ELECTRIC,2026-08-30 13:00:00-04:00,2026-08-30 13:14:59-04:00,0
ELECTRIC,2026-08-30 13:15:00-04:00,2026-08-30 13:29:59-04:00,-22
ELECTRIC,2026-08-30 13:30:00-04:00,2026-08-30 13:44:59-04:00,-42
ELECTRIC,2026-08-30 13:45:00-04:00,2026-08-30 13:59:59-04:00,0
ELECTRIC,2026-08-30 14:00:00-04:00,2026-08-30 14:14:59-04:00,0
ELECTRIC,2026-08-30 14:15:00-04:00,2026-08-30 14:29:59-04:00,0
ELECTRIC,2026-08-30 14:30:00-04:00,2026-08-30 14:44:59-04:00,-106
ELECTRIC,2026-08-30 14:45:00-04:00,2026-08-30 14:59:59-04:00,-83
ELECTRIC,2026-08-30 15:00:00-04:00,2026-08-30 15:14:59-04:00,-10
ELECTRIC,2026-08-30 15:15:00-04:00,2026-08-30 15:29:59-04:00,-416
ELECTRIC,2026-08-30 15:30:00-04:00,2026-08-30 15:44:59-04:00,-497
ELECTRIC,2026-08-30 15:45:00-04:00,2026-08-30 15:59:59-04:00,-799
ELECTRIC,2026-08-30 16:00:00-04:00,2026-08-30 16:14:59-04:00,-388
ELECTRIC,2026-08-30 16:15:00-04:00,2026-08-30 16:29:59-04:00,-285
ELECTRIC,2026-08-30 16:30:00-04:00,2026-08-30 16:44:59-04:00,-260
ELECTRIC,2026-08-30 16:45:00-04:00,2026-08-30 16:59:59-04:00,-48
ELECTRIC,2026-08-30 17:00:00-04:00,2026-08-30 17:14:59-04:00,-144
ELECTRIC,2026-08-30 17:15:00-04:00,2026-08-30 17:29:59-04:00,0
ELECTRIC,2026-08-30 17:30:00-04:00,2026-08-30 17:44:59-04:00,0
ELECTRIC,2026-08-30 17:45:00-04:00,2026-08-30 17:59:59-04:00,0
ELECTRIC,2026-08-30 18:00:00-04:00,2026-08-30 18:14:59-04:00,0
ELECTRIC,2026-08-30 18:15:00-04:00,2026-08-30 18:29:59-04:00,0
ELECTRIC,2026-08-30 18:30:00-04:00,2026-08-30 18:44:59-04:00,0
ELECTRIC,2026-08-30 18:45:00-04:00,2026-08-30 18:59:59-04:00,0
ELECTRIC,2026-08-30 19:00:00-04:00,2026-08-30 19:14:59-04:00,0
ELECTRIC,2026-08-30 19:15:00-04:00,2026-08-30 19:29:59-04:00,0
ELECTRIC,2026-08-30 19:30:00-04:00,2026-08-30 19:44:59-04:00,0
ELECTRIC,2026-08-30 19:45:00-04:00,2026-08-30 19:59:59-04:00,0
ELECTRIC,2026-08-30 20:00:00-04:00,2026-08-30 20:14:59-04:00,0
ELECTRIC,2026-08-30 20:15:00-04:00,2026-08-30 20:29:59-04:00,0
ELECTRIC,2026-08-30 20:30:00-04:00,2026-08-30 20:44:59-04:00,0
ELECTRIC,2026-08-30 20:45:00-04:00,2026-08-30 20:59:59-04:00,0
ELECTRIC,2026-08-30 21:00:00-04:00,2026-08-30 21:14:59-04:00,0
ELECTRIC,2026-08-30 21:15:00-04:00,2026-08-30 21:29:59-04:00,0
ELECTRIC,2026-08-30 21:30:00-04:00,2026-08-30 21:44:59-04:00,0
ELECTRIC,2026-08-30 21:45:00-04:00,2026-08-30 21:59:59-04:00,0
ELECTRIC,2026-08-30 22:00:00-04:00,2026-08-30 22:14:59-04:00,0
ELECTRIC,2026-08-30 22:15:00-04:00,2026-08-30 22:29:59-04:00,0
ELECTRIC,2026-08-30 22:30:00-04:00,2026-08-30 22:44:59-04:00,0
ELECTRIC,2026-08-30 22:45:00-04:00,2026-08-30 22:59:59-04:00,0
ELECTRIC,2026-08-30 23:00:00-04:00,2026-08-30 23:14:59-04:00,0
ELECTRIC,2026-08-30 23:15:00-04:00,2026-08-30 23:29:59-04:00,0
ELECTRIC,2026-08-30 23:30:00-04:00,2026-08-30 23:44:59-04:00,0
ELECTRIC,2026-08-30 23:45:00-04:00,2026-08-30 23:59:59-04:00,0
ELECTRIC,2026-08-31 00:00:00-04:00,2026-08-31 00:14:59-04:00,0
ELECTRIC,2026-08-31 00:15:00-04:00,2026-08-31 00:29:59-04:00,0
ELECTRIC,2026-08-31 00:30:00-04:00,2026-08-31 00:44:59-04:00,0
ELECTRIC,2026-08-31 00:45:00-04:00,2026-08-31 00:59:59-04:00,0
ELECTRIC,2026-08-31 01:00:00-04:00,2026-08-31 01:14:59-04:00,0
ELECTRIC,2026-08-31 01:15:00-04:00,2026-08-31 01:29:59-04:00,0
ELECTRIC,2026-08-31 01:30:00-04:00,2026-08-31 01:44:59-04:00,0
ELECTRIC,2026-08-31 01:45:00-04:00,2026-08-31 01:59:59-04:00,0
ELECTRIC,2026-08-31 02:00:00-04:00,2026-08-31 02:14:59-04:00,0
ELECTRIC,2026-08-31 02:15:00-04:00,2026-08-31 02:29:59-04:00,0
ELECTRIC,2026-08-31 02:30:00-04:00,2026-08-31 02:44:59-04:00,0
ELECTRIC,2026-08-31 02:45:00-04:00,2026-08-31 02:59:59-04:00,0
ELECTRIC,2026-08-31 03:00:00-04:00,2026-08-31 03:14:59-04:00,0
ELECTRIC,2026-08-31 03:15:00-04:00,2026-08-31 03:29:59-04:00,0
ELECTRIC,2026-08-31 03:30:00-04:00,2026-08-31 03:44:59-04:00,0
ELECTRIC,2026-08-31 03:45:00-04:00,2026-08-31 03:59:59-04:00,0
ELECTRIC,2026-08-31 04:00:00-04:00,2026-08-31 04:14:59-04:00,0
ELECTRIC,2026-08-31 04:15:00-04:00,2026-08-31 04:29:59-04:00,0
ELECTRIC,2026-08-31 04:30:00-04:00,2026-08-31 04:44:59-04:00,0
ELECTRIC,2026-08-31 04:45:00-04:00,2026-08-31 04:59:59-04:00,0
ELECTRIC,2026-08-31 05:00:00-04:00,2026-08-31 05:14:59-04:00,0
ELECTRIC,2026-08-31 05:15:00-04:00,2026-08-31 05:29:59-04:00,0
ELECTRIC,2026-08-31 05:30:00-04:00,2026-08-31 05:44:59-04:00,0
ELECTRIC,2026-08-31 05:45:00-04:00,2026-08-31 05:59:59-04:00,0
ELECTRIC,2026-08-31 06:00:00-04:00,2026-08-31 06:14:59-04:00,0
ELECTRIC,2026-08-31 06:15:00-04:00,2026-08-31 06:29:59-04:00,0
ELECTRIC,2026-08-31 06:30:00-04:00,2026-08-31 06:44:59-04:00,0
ELECTRIC,2026-08-31 06:45:00-04:00,2026-08-31 06:59:59-04:00,0
ELECTRIC,2026-08-31 07:00:00-04:00,2026-08-31 07:14:59-04:00,0
ELECTRIC,2026-08-31 07:15:00-04:00,2026-08-31 07:29:59-04:00,0
ELECTRIC,2026-08-31 07:30:00-04:00,2026-08-31 07:44:59-04:00,0
ELECTRIC,2026-08-31 07:45:00-04:00,2026-08-31 07:59:59-04:00,0
ELECTRIC,2026-08-31 08:00:00-04:00,2026-08-31 08:14:59-04:00,0
ELECTRIC,2026-08-31 08:15:00-04:00,2026-08-31 08:29:59-04:00,0
ELECTRIC,2026-08-31 08:30:00-04:00,2026-08-31 08:44:59-04:00,0
ELECTRIC,2026-08-31 08:45:00-04:00,2026-08-31 08:59:59-04:00,-4
ELECTRIC,2026-08-31 09:00:00-04:00,2026-08-31 09:14:59-04:00,0
ELECTRIC,2026-08-31 09:15:00-04:00,2026-08-31 09:29:59-04:00,0
ELECTRIC,2026-08-31 09:30:00-04:00,2026-08-31 09:44:59-04:00,0
ELECTRIC,2026-08-31 09:45:00-04:00,2026-08-31 09:59:59-04:00,0
ELECTRIC,2026-08-31 10:00:00-04:00,2026-08-31 10:14:59-04:00,0
ELECTRIC,2026-08-31 10:15:00-04:00,2026-08-31 10:29:59-04:00,-40
ELECTRIC,2026-08-31 10:30:00-04:00,2026-08-31 10:44:59-04:00,-148
ELECTRIC,2026-08-31 10:45:00-04:00,2026-08-31 10:59:59-04:00,-394
ELECTRIC,2026-08-31 11:00:00-04:00,2026-08-31 11:14:59-04:00,-234
ELECTRIC,2026-08-31 11:15:00-04:00,2026-08-31 11:29:59-04:00,-268
ELECTRIC,2026-08-31 11:30:00-04:00,2026-08-31 11:44:59-04:00,-639
ELECTRIC,2026-08-31 11:45:00-04:00,2026-08-31 11:59:59-04:00,-341
ELECTRIC,2026-08-31 12:00:00-04:00,2026-08-31 12:14:59-04:00,-67
ELECTRIC,2026-08-31 12:15:00-04:00,2026-08-31 12:29:59-04:00,-15
ELECTRIC,2026-08-31 12:30:00-04:00,2026-08-31 12:44:59-04:00,-41
ELECTRIC,2026-08-31 12:45:00-04:00,2026-08-31 12:59:59-04:00,-1
ELECTRIC,2026-08-31 13:00:00-04:00,2026-08-31 13:14:59-04:00,-37
ELECTRIC,2026-08-31 13:15:00-04:00,2026-08-31 13:29:59-04:00,-615
ELECTRIC,2026-08-31 13:30:00-04:00,2026-08-31 13:44:59-04:00,-48
ELECTRIC,2026-08-31 13:45:00-04:00,2026-08-31 13:59:59-04:00,0
ELECTRIC,2026-08-31 14:00:00-04:00,2026-08-31 14:14:59-04:00,0
ELECTRIC,2026-08-31 14:15:00-04:00,2026-08-31 14:29:59-04:00,-233
ELECTRIC,2026-08-31 14:30:00-04:00,2026-08-31 14:44:59-04:00,-75
ELECTRIC,2026-08-31 14:45:00-04:00,2026-08-31 14:59:59-04:00,-290
ELECTRIC,2026-08-31 15:00:00-04:00,2026-08-31 15:14:59-04:00,-128
ELECTRIC,2026-08-31 15:15:00-04:00,2026-08-31 15:29:59-04:00,-731
ELECTRIC,2026-08-31 15:30:00-04:00,2026-08-31 15:44:59-04:00,-195
ELECTRIC,2026-08-31 15:45:00-04:00,2026-08-31 15:59:59-04:00,-775
ELECTRIC,2026-08-31 16:00:00-04:00,2026-08-31 16:14:59-04:00,-215
ELECTRIC,2026-08-31 16:15:00-04:00,2026-08-31 16:29:59-04:00,-268
ELECTRIC,2026-08-31 16:30:00-04:00,2026-08-31 16:44:59-04:00,-87
ELECTRIC,2026-08-31 16:45:00-04:00,2026-08-31 16:59:59-04:00,0
ELECTRIC,2026-08-31 17:00:00-04:00,2026-08-31 17:14:59-04:00,-7
ELECTRIC,2026-08-31 17:15:00-04:00,2026-08-31 17:29:59-04:00,0
ELECTRIC,2026-08-31 17:30:00-04:00,2026-08-31 17:44:59-04:00,0
ELECTRIC,2026-08-31 17:45:00-04:00,2026-08-31 17:59:59-04:00,0
ELECTRIC,2026-08-31 18:00:00-04:00,2026-08-31 18:14:59-04:00,0
ELECTRIC,2026-08-31 18:15:00-04:00,2026-08-31 18:29:59-04:00,0
ELECTRIC,2026-08-31 18:30:00-04:00,2026-08-31 18:44:59-04:00,0
ELECTRIC,2026-08-31 18:45:00-04:00,2026-08-31 18:59:59-04:00,0
ELECTRIC,2026-08-31 19:00:00-04:00,2026-08-31 19:14:59-04:00,0
ELECTRIC,2026-08-31 19:15:00-04:00,2026-08-31 19:29:59-04:00,0
ELECTRIC,2026-08-31 19:30:00-04:00,2026-08-31 19:44:59-04:00,0
ELECTRIC,2026-08-31 19:45:00-04:00,2026-08-31 19:59:59-04:00,0
ELECTRIC,2026-08-31 20:00:00-04:00,2026-08-31 20:14:59-04:00,0
ELECTRIC,2026-08-31 20:15:00-04:00,2026-08-31 20:29:59-04:00,0
ELECTRIC,2026-08-31 20:30:00-04:00,2026-08-31 20:44:59-04:00,0
ELECTRIC,2026-08-31 20:45:00-04:00,2026-08-31 20:59:59-04:00,0
ELECTRIC,2026-08-31 21:00:00-04:00,2026-08-31 21:14:59-04:00,0
ELECTRIC,2026-08-31 21:15:00-04:00,2026-08-31 21:29:59-04:00,0
ELECTRIC,2026-08-31 21:30:00-04:00,2026-08-31 21:44:59-04:00,0
ELECTRIC,2026-08-31 21:45:00-04:00,2026-08-31 21:59:59-04:00,0
ELECTRIC,2026-08-31 22:00:00-04:00,2026-08-31 22:14:59-04:00,0
ELECTRIC,2026-08-31 22:15:00-04:00,2026-08-31 22:29:59-04:00,0
ELECTRIC,2026-08-31 22:30:00-04:00,2026-08-31 22:44:59-04:00,0
ELECTRIC,2026-08-31 22:45:00-04:00,2026-08-31 22:59:59-04:00,0
ELECTRIC,2026-08-31 23:00:00-04:00,2026-08-31 23:14:59-04:00,0
ELECTRIC,2026-08-31 23:15:00-04:00,2026-08-31 23:29:59-04:00,0
ELECTRIC,2026-08-31 23:30:00-04:00,2026-08-31 23:44:59-04:00,0
ELECTRIC,2026-08-31 23:45:00-04:00,2026-08-31 23:59:59-04:00,0
ELECTRIC,2026-09-01 00:00:00-04:00,2026-09-01 00:14:59-04:00,0
ELECTRIC,2026-09-01 00:15:00-04:00,2026-09-01 00:29:59-04:00,0
ELECTRIC,2026-09-01 00:30:00-04:00,2026-09-01 00:44:59-04:00,0
ELECTRIC,2026-09-01 00:45:00-04:00,2026-09-01 00:59:59-04:00,0
ELECTRIC,2026-09-01 01:00:00-04:00,2026-09-01 01:14:59-04:00,0
ELECTRIC,2026-09-01 01:15:00-04:00,2026-09-01 01:29:59-04:00,0
ELECTRIC,2026-09-01 01:30:00-04:00,2026-09-01 01:44:59-04:00,0
ELECTRIC,2026-09-01 01:45:00-04:00,2026-09-01 01:59:59-04:00,0
ELECTRIC,2026-09-01 02:00:00-04:00,2026-09-01 02:14:59-04:00,0
ELECTRIC,2026-09-01 02:15:00-04:00,2026-09-01 02:29:59-04:00,0
ELECTRIC,2026-09-01 02:30:00-04:00,2026-09-01 02:44:59-04:00,0
ELECTRIC,2026-09-01 02:45:00-04:00,2026-09-01 02:59:59-04:00,0
ELECTRIC,2026-09-01 03:00:00-04:00,2026-09-01 03:14:59-04:00,0
ELECTRIC,2026-09-01 03:15:00-04:00,2026-09-01 03:29:59-04:00,0
ELECTRIC,2026-09-01 03:30:00-04:00,2026-09-01 03:44:59-04:00,0
ELECTRIC,2026-09-01 03:45:00-04:00,2026-09-01 03:59:59-04:00,0
ELECTRIC,2026-09-01 04:00:00-04:00,2026-09-01 04:14:59-04:00,0
ELECTRIC,2026-09-01 04:15:00-04:00,2026-09-01 04:29:59-04:00,0
ELECTRIC,2026-09-01 04:30:00-04:00,2026-09-01 04:44:59-04:00,0
ELECTRIC,2026-09-01 04:45:00-04:00,2026-09-01 04:59:59-04:00,0
ELECTRIC,2026-09-01 05:00:00-04:00,2026-09-01 05:14:59-04:00,0
ELECTRIC,2026-09-01 05:15:00-04:00,2026-09-01 05:29:59-04:00,0
ELECTRIC,2026-09-01 05:30:00-04:00,2026-09-01 05:44:59-04:00,0
ELECTRIC,2026-09-01 05:45:00-04:00,2026-09-01 05:59:59-04:00,0
ELECTRIC,2026-09-01 06:00:00-04:00,2026-09-01 06:14:59-04:00,0
ELECTRIC,2026-09-01 06:15:00-04:00,2026-09-01 06:29:59-04:00,0
ELECTRIC,2026-09-01 06:30:00-04:00,2026-09-01 06:44:59-04:00,0
ELECTRIC,2026-09-01 06:45:00-04:00,2026-09-01 06:59:59-04:00,0
ELECTRIC,2026-09-01 07:00:00-04:00,2026-09-01 07:14:59-04:00,0
ELECTRIC,2026-09-01 07:15:00-04:00,2026-09-01 07:29:59-04:00,0
ELECTRIC,2026-09-01 07:30:00-04:00,2026-09-01 07:44:59-04:00,0
ELECTRIC,2026-09-01 07:45:00-04:00,2026-09-01 07:59:59-04:00,0
ELECTRIC,2026-09-01 08:00:00-04:00,2026-09-01 08:14:59-04:00,0
ELECTRIC,2026-09-01 08:15:00-04:00,2026-09-01 08:29:59-04:00,0
ELECTRIC,2026-09-01 08:30:00-04:00,2026-09-01 08:44:59-04:00,0
ELECTRIC,2026-09-01 08:45:00-04:00,2026-09-01 08:59:59-04:00,0
ELECTRIC,2026-09-01 09:00:00-04:00,2026-09-01 09:14:59-04:00,0
ELECTRIC,2026-09-01 09:15:00-04:00,2026-09-01 09:29:59-04:00,0
ELECTRIC,2026-09-01 09:30:00-04:00,2026-09-01 09:44:59-04:00,0
ELECTRIC,2026-09-01 09:45:00-04:00,2026-09-01 09:59:59-04:00,0
ELECTRIC,2026-09-01 10:00:00-04:00,2026-09-01 10:14:59-04:00,-7
ELECTRIC,2026-09-01 10:15:00-04:00,2026-09-01 10:29:59-04:00,-179
ELECTRIC,2026-09-01 10:30:00-04:00,2026-09-01 10:44:59-04:00,-332
ELECTRIC,2026-09-01 10:45:00-04:00,2026-09-01 10:59:59-04:00,-303
ELECTRIC,2026-09-01 11:00:00-04:00,2026-09-01 11:14:59-04:00,-24
ELECTRIC,2026-09-01 11:15:00-04:00,2026-09-01 11:29:59-04:00,-737
ELECTRIC,2026-09-01 11:30:00-04:00,2026-09-01 11:44:59-04:00,-572
ELECTRIC,2026-09-01 11:45:00-04:00,2026-09-01 11:59:59-04:00,-211
ELECTRIC,2026-09-01 12:00:00-04:00,2026-09-01 12:14:59-04:00,-527
ELECTRIC,2026-09-01 12:15:00-04:00,2026-09-01 12:29:59-04:00,-571
ELECTRIC,2026-09-01 12:30:00-04:00,2026-09-01 12:44:59-04:00,-337
ELECTRIC,2026-09-01 12:45:00-04:00,2026-09-01 12:59:59-04:00,-212
ELECTRIC,2026-09-01 13:00:00-04:00,2026-09-01 13:14:59-04:00,-958
ELECTRIC,2026-09-01 13:15:00-04:00,2026-09-01 13:29:59-04:00,-492
ELECTRIC,2026-09-01 13:30:00-04:00,2026-09-01 13:44:59-04:00,-357
ELECTRIC,2026-09-01 13:45:00-04:00,2026-09-01 13:59:59-04:00,-552
ELECTRIC,2026-09-01 14:00:00-04:00,2026-09-01 14:14:59-04:00,-501
ELECTRIC,2026-09-01 14:15:00-04:00,2026-09-01 14:29:59-04:00,-460
ELECTRIC,2026-09-01 14:30:00-04:00,2026-09-01 14:44:59-04:00,-503
ELECTRIC,2026-09-01 14:45:00-04:00,2026-09-01 14:59:59-04:00,-601
ELECTRIC,2026-09-01 15:00:00-04:00,2026-09-01 15:14:59-04:00,-200
ELECTRIC,2026-09-01 15:15:00-04:00,2026-09-01 15:29:59-04:00,-150
ELECTRIC,2026-09-01 15:30:00-04:00,2026-09-01 15:44:59-04:00,-123
ELECTRIC,2026-09-01 15:45:00-04:00,2026-09-01 15:59:59-04:00,-100
ELECTRIC,2026-09-01 16:00:00-04:00,2026-09-01 16:14:59-04:00,-68
ELECTRIC,2026-09-01 16:15:00-04:00,2026-09-01 16:29:59-04:00,-55
ELECTRIC,2026-09-01 16:30:00-04:00,2026-09-01 16:44:59-04:00,-66
ELECTRIC,2026-09-01 16:45:00-04:00,2026-09-01 16:59:59-04:00,-2
ELECTRIC,2026-09-01 17:00:00-04:00,2026-09-01 17:14:59-04:00,0
ELECTRIC,2026-09-01 17:15:00-04:00,2026-09-01 17:29:59-04:00,0
ELECTRIC,2026-09-01 17:30:00-04:00,2026-09-01 17:44:59-04:00,0
ELECTRIC,2026-09-01 17:45:00-04:00,2026-09-01 17:59:59-04:00,0
ELECTRIC,2026-09-01 18:00:00-04:00,2026-09-01 18:14:59-04:00,0
ELECTRIC,2026-09-01 18:15:00-04:00,2026-09-01 18:29:59-04:00,0
ELECTRIC,2026-09-01 18:30:00-04:00,2026-09-01 18:44:59-04:00,0
ELECTRIC,2026-09-01 18:45:00-04:00,2026-09-01 18:59:59-04:00,0
ELECTRIC,2026-09-01 19:00:00-04:00,2026-09-01 19:14:59-04:00,0
ELECTRIC,2026-09-01 19:15:00-04:00,2026-09-01 19:29:59-04:00,0
ELECTRIC,2026-09-01 19:30:00-04:00,2026-09-01 19:44:59-04:00,0
ELECTRIC,2026-09-01 19:45:00-04:00,2026-09-01 19:59:59-04:00,0
ELECTRIC,2026-09-01 20:00:00-04:00,2026-09-01 20:14:59-04:00,0
ELECTRIC,2026-09-01 20:15:00-04:00,2026-09-01 20:29:59-04:00,0
ELECTRIC,2026-09-01 20:30:00-04:00,2026-09-01 20:44:59-04:00,0
ELECTRIC,2026-09-01 20:45:00-04:00,2026-09-01 20:59:59-04:00,0
ELECTRIC,2026-09-01 21:00:00-04:00,2026-09-01 21:14:59-04:00,0
ELECTRIC,2026-09-01 21:15:00-04:00,2026-09-01 21:29:59-04:00,0
ELECTRIC,2026-09-01 21:30:00-04:00,2026-09-01 21:44:59-04:00,0
ELECTRIC,2026-09-01 21:45:00-04:00,2026-09-01 21:59:59-04:00,0
ELECTRIC,2026-09-01 22:00:00-04:00,2026-09-01 22:14:59-04:00,0
ELECTRIC,2026-09-01 22:15:00-04:00,2026-09-01 22:29:59-04:00,0
ELECTRIC,2026-09-01 22:30:00-04:00,2026-09-01 22:44:59-04:00,0
ELECTRIC,2026-09-01 22:45:00-04:00,2026-09-01 22:59:59-04:00,0
ELECTRIC,2026-09-01 23:00:00-04:00,2026-09-01 23:14:59-04:00,0
ELECTRIC,2026-09-01 23:15:00-04:00,2026-09-01 23:29:59-04:00,0
ELECTRIC,2026-09-01 23:30:00-04:00,2026-09-01 23:44:59-04:00,0
ELECTRIC,2026-09-01 23:45:00-04:00,2026-09-01 23:59:59-04:00,0
ELECTRIC,2026-09-02 00:00:00-04:00,2026-09-02 00:14:59-04:00,0
ELECTRIC,2026-09-02 00:15:00-04:00,2026-09-02 00:29:59-04:00,0
ELECTRIC,2026-09-02 00:30:00-04:00,2026-09-02 00:44:59-04:00,0
ELECTRIC,2026-09-02 00:45:00-04:00,2026-09-02 00:59:59-04:00,0
ELECTRIC,2026-09-02 01:00:00-04:00,2026-09-02 01:14:59-04:00,0
ELECTRIC,2026-09-02 01:15:00-04:00,2026-09-02 01:29:59-04:00,0
ELECTRIC,2026-09-02 01:30:00-04:00,2026-09-02 01:44:59-04:00,0
ELECTRIC,2026-09-02 01:45:00-04:00,2026-09-02 01:59:59-04:00,0
ELECTRIC,2026-09-02 02:00:00-04:00,2026-09-02 02:14:59-04:00,0
ELECTRIC,2026-09-02 02:15:00-04:00,2026-09-02 02:29:59-04:00,0
ELECTRIC,2026-09-02 02:30:00-04:00,2026-09-02 02:44:59-04:00,0
ELECTRIC,2026-09-02 02:45:00-04:00,2026-09-02 02:59:59-04:00,0
ELECTRIC,2026-09-02 03:00:00-04:00,2026-09-02 03:14:59-04:00,0
ELECTRIC,2026-09-02 03:15:00-04:00,2026-09-02 03:29:59-04:00,0
ELECTRIC,2026-09-02 03:30:00-04:00,2026-09-02 03:44:59-04:00,0
ELECTRIC,2026-09-02 03:45:00-04:00,2026-09-02 03:59:59-04:00,0
ELECTRIC,2026-09-02 04:00:00-04:00,2026-09-02 04:14:59-04:00,0
ELECTRIC,2026-09-02 04:15:00-04:00,2026-09-02 04:29:59-04:00,0
ELECTRIC,2026-09-02 04:30:00-04:00,2026-09-02 04:44:59-04:00,0
ELECTRIC,2026-09-02 04:45:00-04:00,2026-09-02 04:59:59-04:00,0
ELECTRIC,2026-09-02 05:00:00-04:00,2026-09-02 05:14:59-04:00,0
ELECTRIC,2026-09-02 05:15:00-04:00,2026-09-02 05:29:59-04:00,0
ELECTRIC,2026-09-02 05:30:00-04:00,2026-09-02 05:44:59-04:00,0
ELECTRIC,2026-09-02 05:45:00-04:00,2026-09-02 05:59:59-04:00,0
ELECTRIC,2026-09-02 06:00:00-04:00,2026-09-02 06:14:59-04:00,0
ELECTRIC,2026-09-02 06:15:00-04:00,2026-09-02 06:29:59-04:00,0
ELECTRIC,2026-09-02 06:30:00-04:00,2026-09-02 06:44:59-04:00,0
ELECTRIC,2026-09-02 06:45:00-04:00,2026-09-02 06:59:59-04:00,0
ELECTRIC,2026-09-02 07:00:00-04:00,2026-09-02 07:14:59-04:00,0
ELECTRIC,2026-09-02 07:15:00-04:00,2026-09-02 07:29:59-04:00,0
ELECTRIC,2026-09-02 07:30:00-04:00,2026-09-02 07:44:59-04:00,0
ELECTRIC,2026-09-02 07:45:00-04:00,2026-09-02 07:59:59-04:00,0
ELECTRIC,2026-09-02 08:00:00-04:00,2026-09-02 08:14:59-04:00,0
ELECTRIC,2026-09-02 08:15:00-04:00,2026-09-02 08:29:59-04:00,0
ELECTRIC,2026-09-02 08:30:00-04:00,2026-09-02 08:44:59-04:00,0
ELECTRIC,2026-09-02 08:45:00-04:00,2026-09-02 08:59:59-04:00,0
ELECTRIC,2026-09-02 09:00:00-04:00,2026-09-02 09:14:59-04:00,0
ELECTRIC,2026-09-02 09:15:00-04:00,2026-09-02 09:29:59-04:00,0
ELECTRIC,2026-09-02 09:30:00-04:00,2026-09-02 09:44:59-04:00,0
ELECTRIC,2026-09-02 09:45:00-04:00,2026-09-02 09:59:59-04:00,0
ELECTRIC,2026-09-02 10:00:00-04:00,2026-09-02 10:14:59-04:00,-32
ELECTRIC,2026-09-02 10:15:00-04:00,2026-09-02 10:29:59-04:00,-16
ELECTRIC,2026-09-02 10:30:00-04:00,2026-09-02 10:44:59-04:00,-383
ELECTRIC,2026-09-02 10:45:00-04:00,2026-09-02 10:59:59-04:00,-392
ELECTRIC,2026-09-02 11:00:00-04:00,2026-09-02 11:14:59-04:00,-2
ELECTRIC,2026-09-02 11:15:00-04:00,2026-09-02 11:29:59-04:00,-270
ELECTRIC,2026-09-02 11:30:00-04:00,2026-09-02 11:44:59-04:00,-775
ELECTRIC,2026-09-02 11:45:00-04:00,2026-09-02 11:59:59-04:00,-236
ELECTRIC,2026-09-02 12:00:00-04:00,2026-09-02 12:14:59-04:00,-215
ELECTRIC,2026-09-02 12:15:00-04:00,2026-09-02 12:29:59-04:00,-255
ELECTRIC,2026-09-02 12:30:00-04:00,2026-09-02 12:44:59-04:00,-241
ELECTRIC,2026-09-02 12:45:00-04:00,2026-09-02 12:59:59-04:00,-289
ELECTRIC,2026-09-02 13:00:00-04:00,2026-09-02 13:14:59-04:00,-253
ELECTRIC,2026-09-02 13:15:00-04:00,2026-09-02 13:29:59-04:00,-376
ELECTRIC,2026-09-02 13:30:00-04:00,2026-09-02 13:44:59-04:00,-327
ELECTRIC,2026-09-02 13:45:00-04:00,2026-09-02 13:59:59-04:00,-245
ELECTRIC,2026-09-02 14:00:00-04:00,2026-09-02 14:14:59-04:00,-355
ELECTRIC,2026-09-02 14:15:00-04:00,2026-09-02 14:29:59-04:00,-186
ELECTRIC,2026-09-02 14:30:00-04:00,2026-09-02 14:44:59-04:00,-105
ELECTRIC,2026-09-02 14:45:00-04:00,2026-09-02 14:59:59-04:00,0
ELECTRIC,2026-09-02 15:00:00-04:00,2026-09-02 15:14:59-04:00,-223
ELECTRIC,2026-09-02 15:15:00-04:00,2026-09-02 15:29:59-04:00,-137
ELECTRIC,2026-09-02 15:30:00-04:00,2026-09-02 15:44:59-04:00,-92
ELECTRIC,2026-09-02 15:45:00-04:00,2026-09-02 15:59:59-04:00,-520
ELECTRIC,2026-09-02 16:00:00-04:00,2026-09-02 16:14:59-04:00,-273
ELECTRIC,2026-09-02 16:15:00-04:00,2026-09-02 16:29:59-04:00,-139
ELECTRIC,2026-09-02 16:30:00-04:00,2026-09-02 16:44:59-04:00,-207
ELECTRIC,2026-09-02 16:45:00-04:00,2026-09-02 16:59:59-04:00,-4
ELECTRIC,2026-09-02 17:00:00-04:00,2026-09-02 17:14:59-04:00,0
ELECTRIC,2026-09-02 17:15:00-04:00,2026-09-02 17:29:59-04:00,0
ELECTRIC,2026-09-02 17:30:00-04:00,2026-09-02 17:44:59-04:00,0
ELECTRIC,2026-09-02 17:45:00-04:00,2026-09-02 17:59:59-04:00,0
ELECTRIC,2026-09-02 18:00:00-04:00,2026-09-02 18:14:59-04:00,0
ELECTRIC,2026-09-02 18:15:00-04:00,2026-09-02 18:29:59-04:00,0
ELECTRIC,2026-09-02 18:30:00-04:00,2026-09-02 18:44:59-04:00,0
ELECTRIC,2026-09-02 18:45:00-04:00,2026-09-02 18:59:59-04:00,0
ELECTRIC,2026-09-02 19:00:00-04:00,2026-09-02 19:14:59-04:00,0
ELECTRIC,2026-09-02 19:15:00-04:00,2026-09-02 19:29:59-04:00,0
ELECTRIC,2026-09-02 19:30:00-04:00,2026-09-02 19:44:59-04:00,0
ELECTRIC,2026-09-02 19:45:00-04:00,2026-09-02 19:59:59-04:00,0
ELECTRIC,2026-09-02 20:00:00-04:00,2026-09-02 20:14:59-04:00,0
ELECTRIC,2026-09-02 20:15:00-04:00,2026-09-02 20:29:59-04:00,0
ELECTRIC,2026-09-02 20:30:00-04:00,2026-09-02 20:44:59-04:00,0
ELECTRIC,2026-09-02 20:45:00-04:00,2026-09-02 20:59:59-04:00,0
ELECTRIC,2026-09-02 21:00:00-04:00,2026-09-02 21:14:59-04:00,0
ELECTRIC,2026-09-02 21:15:00-04:00,2026-09-02 21:29:59-04:00,0
ELECTRIC,2026-09-02 21:30:00-04:00,2026-09-02 21:44:59-04:00,0
ELECTRIC,2026-09-02 21:45:00-04:00,2026-09-02 21:59:59-04:00,0
ELECTRIC,2026-09-02 22:00:00-04:00,2026-09-02 22:14:59-04:00,0
ELECTRIC,2026-09-02 22:15:00-04:00,2026-09-02 22:29:59-04:00,0
ELECTRIC,2026-09-02 22:30:00-04:00,2026-09-02 22:44:59-04:00,0
ELECTRIC,2026-09-02 22:45:00-04:00,2026-09-02 22:59:59-04:00,0
ELECTRIC,2026-09-02 23:00:00-04:00,2026-09-02 23:14:59-04:00,0
ELECTRIC,2026-09-02 23:15:00-04:00,2026-09-02 23:29:59-04:00,0
ELECTRIC,2026-09-02 23:30:00-04:00,2026-09-02 23:44:59-04:00,0
ELECTRIC,2026-09-02 23:45:00-04:00,2026-09-02 23:59:59-04:00,0
ELECTRIC,2026-09-03 00:00:00-04:00,2026-09-03 00:14:59-04:00,0
ELECTRIC,2026-09-03 00:15:00-04:00,2026-09-03 00:29:59-04:00,0
ELECTRIC,2026-09-03 00:30:00-04:00,2026-09-03 00:44:59-04:00,0
ELECTRIC,2026-09-03 00:45:00-04:00,2026-09-03 00:59:59-04:00,0
ELECTRIC,2026-09-03 01:00:00-04:00,2026-09-03 01:14:59-04:00,0
ELECTRIC,2026-09-03 01:15:00-04:00,2026-09-03 01:29:59-04:00,0
ELECTRIC,2026-09-03 01:30:00-04:00,2026-09-03 01:44:59-04:00,0
ELECTRIC,2026-09-03 01:45:00-04:00,2026-09-03 01:59:59-04:00,0
ELECTRIC,2026-09-03 02:00:00-04:00,2026-09-03 02:14:59-04:00,0
ELECTRIC,2026-09-03 02:15:00-04:00,2026-09-03 02:29:59-04:00,0
ELECTRIC,2026-09-03 02:30:00-04:00,2026-09-03 02:44:59-04:00,0
ELECTRIC,2026-09-03 02:45:00-04:00,2026-09-03 02:59:59-04:00,0
ELECTRIC,2026-09-03 03:00:00-04:00,2026-09-03 03:14:59-04:00,0
ELECTRIC,2026-09-03 03:15:00-04:00,2026-09-03 03:29:59-04:00,0
ELECTRIC,2026-09-03 03:30:00-04:00,2026-09-03 03:44:59-04:00,0
ELECTRIC,2026-09-03 03:45:00-04:00,2026-09-03 03:59:59-04:00,0
ELECTRIC,2026-09-03 04:00:00-04:00,2026-09-03 04:14:59-04:00,0
ELECTRIC,2026-09-03 04:15:00-04:00,2026-09-03 04:29:59-04:00,0
ELECTRIC,2026-09-03 04:30:00-04:00,2026-09-03 04:44:59-04:00,0
ELECTRIC,2026-09-03 04:45:00-04:00,2026-09-03 04:59:59-04:00,0
ELECTRIC,2026-09-03 05:00:00-04:00,2026-09-03 05:14:59-04:00,0
ELECTRIC,2026-09-03 05:15:00-04:00,2026-09-03 05:29:59-04:00,0
ELECTRIC,2026-09-03 05:30:00-04:00,2026-09-03 05:44:59-04:00,0
ELECTRIC,2026-09-03 05:45:00-04:00,2026-09-03 05:59:59-04:00,0
ELECTRIC,2026-09-03 06:00:00-04:00,2026-09-03 06:14:59-04:00,0
ELECTRIC,2026-09-03 06:15:00-04:00,2026-09-03 06:29:59-04:00,0
ELECTRIC,2026-09-03 06:30:00-04:00,2026-09-03 06:44:59-04:00,0
ELECTRIC,2026-09-03 06:45:00-04:00,2026-09-03 06:59:59-04:00,0
ELECTRIC,2026-09-03 07:00:00-04:00,2026-09-03 07:14:59-04:00,0
ELECTRIC,2026-09-03 07:15:00-04:00,2026-09-03 07:29:59-04:00,0
ELECTRIC,2026-09-03 07:30:00-04:00,2026-09-03 07:44:59-04:00,0
ELECTRIC,2026-09-03 07:45:00-04:00,2026-09-03 07:59:59-04:00,0
ELECTRIC,2026-09-03 08:00:00-04:00,2026-09-03 08:14:59-04:00,0
ELECTRIC,2026-09-03 08:15:00-04:00,2026-09-03 08:29:59-04:00,0
ELECTRIC,2026-09-03 08:30:00-04:00,2026-09-03 08:44:59-04:00,0
ELECTRIC,2026-09-03 08:45:00-04:00,2026-09-03 08:59:59-04:00,0
ELECTRIC,2026-09-03 09:00:00-04:00,2026-09-03 09:14:59-04:00,0
ELECTRIC,2026-09-03 09:15:00-04:00,2026-09-03 09:29:59-04:00,0
ELECTRIC,2026-09-03 09:30:00-04:00,2026-09-03 09:44:59-04:00,0
ELECTRIC,2026-09-03 09:45:00-04:00,2026-09-03 09:59:59-04:00,0
ELECTRIC,2026-09-03 10:00:00-04:00,2026-09-03 10:14:59-04:00,0
ELECTRIC,2026-09-03 10:15:00-04:00,2026-09-03 10:29:59-04:00,-109
ELECTRIC,2026-09-03 10:30:00-04:00,2026-09-03 10:44:59-04:00,0
ELECTRIC,2026-09-03 10:45:00-04:00,2026-09-03 10:59:59-04:00,-309
ELECTRIC,2026-09-03 11:00:00-04:00,2026-09-03 11:14:59-04:00,-51
ELECTRIC,2026-09-03 11:15:00-04:00,2026-09-03 11:29:59-04:00,-605
ELECTRIC,2026-09-03 11:30:00-04:00,2026-09-03 11:44:59-04:00,-363
ELECTRIC,2026-09-03 11:45:00-04:00,2026-09-03 11:59:59-04:00,-185
ELECTRIC,2026-09-03 12:00:00-04:00,2026-09-03 12:14:59-04:00,-650
ELECTRIC,2026-09-03 12:15:00-04:00,2026-09-03 12:29:59-04:00,-258
ELECTRIC,2026-09-03 12:30:00-04:00,2026-09-03 12:44:59-04:00,-351
ELECTRIC,2026-09-03 12:45:00-04:00,2026-09-03 12:59:59-04:00,-169
ELECTRIC,2026-09-03 13:00:00-04:00,2026-09-03 13:14:59-04:00,-277
ELECTRIC,2026-09-03 13:15:00-04:00,2026-09-03 13:29:59-04:00,-265
ELECTRIC,2026-09-03 13:30:00-04:00,2026-09-03 13:44:59-04:00,-318
ELECTRIC,2026-09-03 13:45:00-04:00,2026-09-03 13:59:59-04:00,-230
ELECTRIC,2026-09-03 14:00:00-04:00,2026-09-03 14:14:59-04:00,-375
ELECTRIC,2026-09-03 14:15:00-04:00,2026-09-03 14:29:59-04:00,-314
ELECTRIC,2026-09-03 14:30:00-04:00,2026-09-03 14:44:59-04:00,-286
ELECTRIC,2026-09-03 14:45:00-04:00,2026-09-03 14:59:59-04:00,-387
ELECTRIC,2026-09-03 15:00:00-04:00,2026-09-03 15:14:59-04:00,-573
ELECTRIC,2026-09-03 15:15:00-04:00,2026-09-03 15:29:59-04:00,-218
ELECTRIC,2026-09-03 15:30:00-04:00,2026-09-03 15:44:59-04:00,-390
ELECTRIC,2026-09-03 15:45:00-04:00,2026-09-03 15:59:59-04:00,0
ELECTRIC,2026-09-03 16:00:00-04:00,2026-09-03 16:14:59-04:00,-21
ELECTRIC,2026-09-03 16:15:00-04:00,2026-09-03 16:29:59-04:00,-32
ELECTRIC,2026-09-03 16:30:00-04:00,2026-09-03 16:44:59-04:00,-30
ELECTRIC,2026-09-03 16:45:00-04:00,2026-09-03 16:59:59-04:00,0
ELECTRIC,2026-09-03 17:00:00-04:00,2026-09-03 17:14:59-04:00,0
ELECTRIC,2026-09-03 17:15:00-04:00,2026-09-03 17:29:59-04:00,0
ELECTRIC,2026-09-03 17:30:00-04:00,2026-09-03 17:44:59-04:00,0
ELECTRIC,2026-09-03 17:45:00-04:00,2026-09-03 17:59:59-04:00,0
ELECTRIC,2026-09-03 18:00:00-04:00,2026-09-03 18:14:59-04:00,0
ELECTRIC,2026-09-03 18:15:00-04:00,2026-09-03 18:29:59-04:00,0
ELECTRIC,2026-09-03 18:30:00-04:00,2026-09-03 18:44:59-04:00,0
ELECTRIC,2026-09-03 18:45:00-04:00,2026-09-03 18:59:59-04:00,0
ELECTRIC,2026-09-03 19:00:00-04:00,2026-09-03 19:14:59-04:00,0
ELECTRIC,2026-09-03 19:15:00-04:00,2026-09-03 19:29:59-04:00,0
ELECTRIC,2026-09-03 19:30:00-04:00,2026-09-03 19:44:59-04:00,0
ELECTRIC,2026-09-03 19:45:00-04:00,2026-09-03 19:59:59-04:00,0
ELECTRIC,2026-09-03 20:00:00-04:00,2026-09-03 20:14:59-04:00,0
ELECTRIC,2026-09-03 20:15:00-04:00,2026-09-03 20:29:59-04:00,0
ELECTRIC,2026-09-03 20:30:00-04:00,2026-09-03 20:44:59-04:00,0
ELECTRIC,2026-09-03 20:45:00-04:00,2026-09-03 20:59:59-04:00,0
ELECTRIC,2026-09-03 21:00:00-04:00,2026-09-03 21:14:59-04:00,0
ELECTRIC,2026-09-03 21:15:00-04:00,2026-09-03 21:29:59-04:00,0
ELECTRIC,2026-09-03 21:30:00-04:00,2026-09-03 21:44:59-04:00,0
ELECTRIC,2026-09-03 21:45:00-04:00,2026-09-03 21:59:59-04:00,0
ELECTRIC,2026-09-03 22:00:00-04:00,2026-09-03 22:14:59-04:00,0
ELECTRIC,2026-09-03 22:15:00-04:00,2026-09-03 22:29:59-04:00,0
ELECTRIC,2026-09-03 22:30:00-04:00,2026-09-03 22:44:59-04:00,0
ELECTRIC,2026-09-03 22:45:00-04:00,2026-09-03 22:59:59-04:00,0
ELECTRIC,2026-09-03 23:00:00-04:00,2026-09-03 23:14:59-04:00,0
ELECTRIC,2026-09-03 23:15:00-04:00,2026-09-03 23:29:59-04:00,0
ELECTRIC,2026-09-03 23:30:00-04:00,2026-09-03 23:44:59-04:00,0
ELECTRIC,2026-09-03 23:45:00-04:00,2026-09-03 23:59:59-04:00,0
ELECTRIC,2026-09-04 00:00:00-04:00,2026-09-04 00:14:59-04:00,0
ELECTRIC,2026-09-04 00:15:00-04:00,2026-09-04 00:29:59-04:00,0
ELECTRIC,2026-09-04 00:30:00-04:00,2026-09-04 00:44:59-04:00,0
ELECTRIC,2026-09-04 00:45:00-04:00,2026-09-04 00:59:59-04:00,0
ELECTRIC,2026-09-04 01:00:00-04:00,2026-09-04 01:14:59-04:00,0
ELECTRIC,2026-09-04 01:15:00-04:00,2026-09-04 01:29:59-04:00,0
ELECTRIC,2026-09-04 01:30:00-04:00,2026-09-04 01:44:59-04:00,0
ELECTRIC,2026-09-04 01:45:00-04:00,2026-09-04 01:59:59-04:00,0
ELECTRIC,2026-09-04 02:00:00-04:00,2026-09-04 02:14:59-04:00,0
ELECTRIC,2026-09-04 02:15:00-04:00,2026-09-04 02:29:59-04:00,0
ELECTRIC,2026-09-04 02:30:00-04:00,2026-09-04 02:44:59-04:00,0
ELECTRIC,2026-09-04 02:45:00-04:00,2026-09-04 02:59:59-04:00,0
ELECTRIC,2026-09-04 03:00:00-04:00,2026-09-04 03:14:59-04:00,0
ELECTRIC,2026-09-04 03:15:00-04:00,2026-09-04 03:29:59-04:00,0
ELECTRIC,2026-09-04 03:30:00-04:00,2026-09-04 03:44:59-04:00,0
ELECTRIC,2026-09-04 03:45:00-04:00,2026-09-04 03:59:59-04:00,0
ELECTRIC,2026-09-04 04:00:00-04:00,2026-09-04 04:14:59-04:00,0
ELECTRIC,2026-09-04 04:15:00-04:00,2026-09-04 04:29:59-04:00,0
ELECTRIC,2026-09-04 04:30:00-04:00,2026-09-04 04:44:59-04:00,0
ELECTRIC,2026-09-04 04:45:00-04:00,2026-09-04 04:59:59-04:00,0
ELECTRIC,2026-09-04 05:00:00-04:00,2026-09-04 05:14:59-04:00,0
ELECTRIC,2026-09-04 05:15:00-04:00,2026-09-04 05:29:59-04:00,0
ELECTRIC,2026-09-04 05:30:00-04:00,2026-09-04 05:44:59-04:00,0
ELECTRIC,2026-09-04 05:45:00-04:00,2026-09-04 05:59:59-04:00,0
ELECTRIC,2026-09-04 06:00:00-04:00,2026-09-04 06:14:59-04:00,0
ELECTRIC,2026-09-04 06:15:00-04:00,2026-09-04 06:29:59-04:00,0
ELECTRIC,2026-09-04 06:30:00-04:00,2026-09-04 06:44:59-04:00,0
ELECTRIC,2026-09-04 06:45:00-04:00,2026-09-04 06:59:59-04:00,0
ELECTRIC,2026-09-04 07:00:00-04:00,2026-09-04 07:14:59-04:00,0
ELECTRIC,2026-09-04 07:15:00-04:00,2026-09-04 07:29:59-04:00,0
ELECTRIC,2026-09-04 07:30:00-04:00,2026-09-04 07:44:59-04:00,0
ELECTRIC,2026-09-04 07:45:00-04:00,2026-09-04 07:59:59-04:00,0
ELECTRIC,2026-09-04 08:00:00-04:00,2026-09-04 08:14:59-04:00,0
ELECTRIC,2026-09-04 08:15:00-04:00,2026-09-04 08:29:59-04:00,0
ELECTRIC,2026-09-04 08:30:00-04:00,2026-09-04 08:44:59-04:00,0
ELECTRIC,2026-09-04 08:45:00-04:00,2026-09-04 08:59:59-04:00,0
ELECTRIC,2026-09-04 09:00:00-04:00,2026-09-04 09:14:59-04:00,0
ELECTRIC,2026-09-04 09:15:00-04:00,2026-09-04 09:29:59-04:00,0
ELECTRIC,2026-09-04 09:30:00-04:00,2026-09-04 09:44:59-04:00,-14
ELECTRIC,2026-09-04 09:45:00-04:00,2026-09-04 09:59:59-04:00,-16
ELECTRIC,2026-09-04 10:00:00-04:00,2026-09-04 10:14:59-04:00,-115
ELECTRIC,2026-09-04 10:15:00-04:00,2026-09-04 10:29:59-04:00,0
ELECTRIC,2026-09-04 10:30:00-04:00,2026-09-04 10:44:59-04:00,-170
ELECTRIC,2026-09-04 10:45:00-04:00,2026-09-04 10:59:59-04:00,-565
ELECTRIC,2026-09-04 11:00:00-04:00,2026-09-04 11:14:59-04:00,-178
ELECTRIC,2026-09-04 11:15:00-04:00,2026-09-04 11:29:59-04:00,-162
ELECTRIC,2026-09-04 11:30:00-04:00,2026-09-04 11:44:59-04:00,-791
ELECTRIC,2026-09-04 11:45:00-04:00,2026-09-04 11:59:59-04:00,-452
ELECTRIC,2026-09-04 12:00:00-04:00,2026-09-04 12:14:59-04:00,-321
ELECTRIC,2026-09-04 12:15:00-04:00,2026-09-04 12:29:59-04:00,-347
ELECTRIC,2026-09-04 12:30:00-04:00,2026-09-04 12:44:59-04:00,-443
ELECTRIC,2026-09-04 12:45:00-04:00,2026-09-04 12:59:59-04:00,-688
ELECTRIC,2026-09-04 13:00:00-04:00,2026-09-04 13:14:59-04:00,-425
ELECTRIC,2026-09-04 13:15:00-04:00,2026-09-04 13:29:59-04:00,-164
ELECTRIC,2026-09-04 13:30:00-04:00,2026-09-04 13:44:59-04:00,-13
ELECTRIC,2026-09-04 13:45:00-04:00,2026-09-04 13:59:59-04:00,-439
ELECTRIC,2026-09-04 14:00:00-04:00,2026-09-04 14:14:59-04:00,-362
ELECTRIC,2026-09-04 14:15:00-04:00,2026-09-04 14:29:59-04:00,-265
ELECTRIC,2026-09-04 14:30:00-04:00,2026-09-04 14:44:59-04:00,-337
ELECTRIC,2026-09-04 14:45:00-04:00,2026-09-04 14:59:59-04:00,-345
ELECTRIC,2026-09-04 15:00:00-04:00,2026-09-04 15:14:59-04:00,-337
ELECTRIC,2026-09-04 15:15:00-04:00,2026-09-04 15:29:59-04:00,-391
ELECTRIC,2026-09-04 15:30:00-04:00,2026-09-04 15:44:59-04:00,-257
ELECTRIC,2026-09-04 15:45:00-04:00,2026-09-04 15:59:59-04:00,-344
ELECTRIC,2026-09-04 16:00:00-04:00,2026-09-04 16:14:59-04:00,-358
ELECTRIC,2026-09-04 16:15:00-04:00,2026-09-04 16:29:59-04:00,-42
ELECTRIC,2026-09-04 16:30:00-04:00,2026-09-04 16:44:59-04:00,0
ELECTRIC,2026-09-04 16:45:00-04:00,2026-09-04 16:59:59-04:00,0
ELECTRIC,2026-09-04 17:00:00-04:00,2026-09-04 17:14:59-04:00,0
ELECTRIC,2026-09-04 17:15:00-04:00,2026-09-04 17:29:59-04:00,0
ELECTRIC,2026-09-04 17:30:00-04:00,2026-09-04 17:44:59-04:00,0
ELECTRIC,2026-09-04 17:45:00-04:00,2026-09-04 17:59:59-04:00,0
ELECTRIC,2026-09-04 18:00:00-04:00,2026-09-04 18:14:59-04:00,0
ELECTRIC,2026-09-04 18:15:00-04:00,2026-09-04 18:29:59-04:00,0
ELECTRIC,2026-09-04 18:30:00-04:00,2026-09-04 18:44:59-04:00,0
ELECTRIC,2026-09-04 18:45:00-04:00,2026-09-04 18:59:59-04:00,0
ELECTRIC,2026-09-04 19:00:00-04:00,2026-09-04 19:14:59-04:00,0
ELECTRIC,2026-09-04 19:15:00-04:00,2026-09-04 19:29:59-04:00,0
ELECTRIC,2026-09-04 19:30:00-04:00,2026-09-04 19:44:59-04:00,0
ELECTRIC,2026-09-04 19:45:00-04:00,2026-09-04 19:59:59-04:00,0
ELECTRIC,2026-09-04 20:00:00-04:00,2026-09-04 20:14:59-04:00,0
ELECTRIC,2026-09-04 20:15:00-04:00,2026-09-04 20:29:59-04:00,0
ELECTRIC,2026-09-04 20:30:00-04:00,2026-09-04 20:44:59-04:00,0
ELECTRIC,2026-09-04 20:45:00-04:00,2026-09-04 20:59:59-04:00,0
ELECTRIC,2026-09-04 21:00:00-04:00,2026-09-04 21:14:59-04:00,0
ELECTRIC,2026-09-04 21:15:00-04:00,2026-09-04 21:29:59-04:00,0
ELECTRIC,2026-09-04 21:30:00-04:00,2026-09-04 21:44:59-04:00,0
ELECTRIC,2026-09-04 21:45:00-04:00,2026-09-04 21:59:59-04:00,0
ELECTRIC,2026-09-04 22:00:00-04:00,2026-09-04 22:14:59-04:00,0
ELECTRIC,2026-09-04 22:15:00-04:00,2026-09-04 22:29:59-04:00,0
ELECTRIC,2026-09-04 22:30:00-04:00,2026-09-04 22:44:59-04:00,0
ELECTRIC,2026-09-04 22:45:00-04:00,2026-09-04 22:59:59-04:00,0
ELECTRIC,2026-09-04 23:00:00-04:00,2026-09-04 23:14:59-04:00,0
ELECTRIC,2026-09-04 23:15:00-04:00,2026-09-04 23:29:59-04:00,0
ELECTRIC,2026-09-04 23:30:00-04:00,2026-09-04 23:44:59-04:00,0
ELECTRIC,2026-09-04 23:45:00-04:00,2026-09-04 23:59:59-04:00,0
ELECTRIC,2026-09-05 00:00:00-04:00,2026-09-05 00:14:59-04:00,0
ELECTRIC,2026-09-05 00:15:00-04:00,2026-09-05 00:29:59-04:00,0
ELECTRIC,2026-09-05 00:30:00-04:00,2026-09-05 00:44:59-04:00,0
ELECTRIC,2026-09-05 00:45:00-04:00,2026-09-05 00:59:59-04:00,0
ELECTRIC,2026-09-05 01:00:00-04:00,2026-09-05 01:14:59-04:00,0
ELECTRIC,2026-09-05 01:15:00-04:00,2026-09-05 01:29:59-04:00,0
ELECTRIC,2026-09-05 01:30:00-04:00,2026-09-05 01:44:59-04:00,0
ELECTRIC,2026-09-05 01:45:00-04:00,2026-09-05 01:59:59-04:00,0
ELECTRIC,2026-09-05 02:00:00-04:00,2026-09-05 02:14:59-04:00,0
ELECTRIC,2026-09-05 02:15:00-04:00,2026-09-05 02:29:59-04:00,0
ELECTRIC,2026-09-05 02:30:00-04:00,2026-09-05 02:44:59-04:00,0
ELECTRIC,2026-09-05 02:45:00-04:00,2026-09-05 02:59:59-04:00,0
ELECTRIC,2026-09-05 03:00:00-04:00,2026-09-05 03:14:59-04:00,0
ELECTRIC,2026-09-05 03:15:00-04:00,2026-09-05 03:29:59-04:00,0
ELECTRIC,2026-09-05 03:30:00-04:00,2026-09-05 03:44:59-04:00,0
ELECTRIC,2026-09-05 03:45:00-04:00,2026-09-05 03:59:59-04:00,0
ELECTRIC,2026-09-05 04:00:00-04:00,2026-09-05 04:14:59-04:00,0
ELECTRIC,2026-09-05 04:15:00-04:00,2026-09-05 04:29:59-04:00,0
ELECTRIC,2026-09-05 04:30:00-04:00,2026-09-05 04:44:59-04:00,0
ELECTRIC,2026-09-05 04:45:00-04:00,2026-09-05 04:59:59-04:00,0
ELECTRIC,2026-09-05 05:00:00-04:00,2026-09-05 05:14:59-04:00,0
ELECTRIC,2026-09-05 05:15:00-04:00,2026-09-05 05:29:59-04:00,0
ELECTRIC,2026-09-05 05:30:00-04:00,2026-09-05 05:44:59-04:00,0
ELECTRIC,2026-09-05 05:45:00-04:00,2026-09-05 05:59:59-04:00,0
ELECTRIC,2026-09-05 06:00:00-04:00,2026-09-05 06:14:59-04:00,0
ELECTRIC,2026-09-05 06:15:00-04:00,2026-09-05 06:29:59-04:00,0
ELECTRIC,2026-09-05 06:30:00-04:00,2026-09-05 06:44:59-04:00,0
ELECTRIC,2026-09-05 06:45:00-04:00,2026-09-05 06:59:59-04:00,0
ELECTRIC,2026-09-05 07:00:00-04:00,2026-09-05 07:14:59-04:00,0
ELECTRIC,2026-09-05 07:15:00-04:00,2026-09-05 07:29:59-04:00,0
ELECTRIC,2026-09-05 07:30:00-04:00,2026-09-05 07:44:59-04:00,0
ELECTRIC,2026-09-05 07:45:00-04:00,2026-09-05 07:59:59-04:00,0
ELECTRIC,2026-09-05 08:00:00-04:00,2026-09-05 08:14:59-04:00,0
ELECTRIC,2026-09-05 08:15:00-04:00,2026-09-05 08:29:59-04:00,0
ELECTRIC,2026-09-05 08:30:00-04:00,2026-09-05 08:44:59-04:00,0
ELECTRIC,2026-09-05 08:45:00-04:00,2026-09-05 08:59:59-04:00,0
ELECTRIC,2026-09-05 09:00:00-04:00,2026-09-05 09:14:59-04:00,0
ELECTRIC,2026-09-05 09:15:00-04:00,2026-09-05 09:29:59-04:00,0
ELECTRIC,2026-09-05 09:30:00-04:00,2026-09-05 09:44:59-04:00,0
ELECTRIC,2026-09-05 09:45:00-04:00,2026-09-05 09:59:59-04:00,-7
ELECTRIC,2026-09-05 10:00:00-04:00,2026-09-05 10:14:59-04:00,-36
ELECTRIC,2026-09-05 10:15:00-04:00,2026-09-05 10:29:59-04:00,-1
ELECTRIC,2026-09-05 10:30:00-04:00,2026-09-05 10:44:59-04:00,-346
ELECTRIC,2026-09-05 10:45:00-04:00,2026-09-05 10:59:59-04:00,-324
ELECTRIC,2026-09-05 11:00:00-04:00,2026-09-05 11:14:59-04:00,-508
ELECTRIC,2026-09-05 11:15:00-04:00,2026-09-05 11:29:59-04:00,-220
ELECTRIC,2026-09-05 11:30:00-04:00,2026-09-05 11:44:59-04:00,-260
ELECTRIC,2026-09-05 11:45:00-04:00,2026-09-05 11:59:59-04:00,-560
ELECTRIC,2026-09-05 12:00:00-04:00,2026-09-05 12:14:59-04:00,-227
ELECTRIC,2026-09-05 12:15:00-04:00,2026-09-05 12:29:59-04:00,-262
ELECTRIC,2026-09-05 12:30:00-04:00,2026-09-05 12:44:59-04:00,-348
ELECTRIC,2026-09-05 12:45:00-04:00,2026-09-05 12:59:59-04:00,-395
ELECTRIC,2026-09-05 13:00:00-04:00,2026-09-05 13:14:59-04:00,-434
ELECTRIC,2026-09-05 13:15:00-04:00,2026-09-05 13:29:59-04:00,-342
ELECTRIC,2026-09-05 13:30:00-04:00,2026-09-05 13:44:59-04:00,-342
ELECTRIC,2026-09-05 13:45:00-04:00,2026-09-05 13:59:59-04:00,-300
ELECTRIC,2026-09-05 14:00:00-04:00,2026-09-05 14:14:59-04:00,-252
ELECTRIC,2026-09-05 14:15:00-04:00,2026-09-05 14:29:59-04:00,-284
ELECTRIC,2026-09-05 14:30:00-04:00,2026-09-05 14:44:59-04:00,-247
ELECTRIC,2026-09-05 14:45:00-04:00,2026-09-05 14:59:59-04:00,-224
ELECTRIC,2026-09-05 15:00:00-04:00,2026-09-05 15:14:59-04:00,-197
ELECTRIC,2026-09-05 15:15:00-04:00,2026-09-05 15:29:59-04:00,-174
ELECTRIC,2026-09-05 15:30:00-04:00,2026-09-05 15:44:59-04:00,-149
ELECTRIC,2026-09-05 15:45:00-04:00,2026-09-05 15:59:59-04:00,-77
ELECTRIC,2026-09-05 16:00:00-04:00,2026-09-05 16:14:59-04:00,-23
ELECTRIC,2026-09-05 16:15:00-04:00,2026-09-05 16:29:59-04:00,0
ELECTRIC,2026-09-05 16:30:00-04:00,2026-09-05 16:44:59-04:00,0
ELECTRIC,2026-09-05 16:45:00-04:00,2026-09-05 16:59:59-04:00,0
ELECTRIC,2026-09-05 17:00:00-04:00,2026-09-05 17:14:59-04:00,0
ELECTRIC,2026-09-05 17:15:00-04:00,2026-09-05 17:29:59-04:00,0
ELECTRIC,2026-09-05 17:30:00-04:00,2026-09-05 17:44:59-04:00,0
ELECTRIC,2026-09-05 17:45:00-04:00,2026-09-05 17:59:59-04:00,0
ELECTRIC,2026-09-05 18:00:00-04:00,2026-09-05 18:14:59-04:00,0
ELECTRIC,2026-09-05 18:15:00-04:00,2026-09-05 18:29:59-04:00,0
ELECTRIC,2026-09-05 18:30:00-04:00,2026-09-05 18:44:59-04:00,0
ELECTRIC,2026-09-05 18:45:00-04:00,2026-09-05 18:59:59-04:00,0
ELECTRIC,2026-09-05 19:00:00-04:00,2026-09-05 19:14:59-04:00,0
ELECTRIC,2026-09-05 19:15:00-04:00,2026-09-05 19:29:59-04:00,0
ELECTRIC,2026-09-05 19:30:00-04:00,2026-09-05 19:44:59-04:00,0
ELECTRIC,2026-09-05 19:45:00-04:00,2026-09-05 19:59:59-04:00,0
ELECTRIC,2026-09-05 20:00:00-04:00,2026-09-05 20:14:59-04:00,0
ELECTRIC,2026-09-05 20:15:00-04:00,2026-09-05 20:29:59-04:00,0
ELECTRIC,2026-09-05 20:30:00-04:00,2026-09-05 20:44:59-04:00,0
ELECTRIC,2026-09-05 20:45:00-04:00,2026-09-05 20:59:59-04:00,0
ELECTRIC,2026-09-05 21:00:00-04:00,2026-09-05 21:14:59-04:00,0
ELECTRIC,2026-09-05 21:15:00-04:00,2026-09-05 21:29:59-04:00,0
ELECTRIC,2026-09-05 21:30:00-04:00,2026-09-05 21:44:59-04:00,0
ELECTRIC,2026-09-05 21:45:00-04:00,2026-09-05 21:59:59-04:00,0
ELECTRIC,2026-09-05 22:00:00-04:00,2026-09-05 22:14:59-04:00,0
ELECTRIC,2026-09-05 22:15:00-04:00,2026-09-05 22:29:59-04:00,0
ELECTRIC,2026-09-05 22:30:00-04:00,2026-09-05 22:44:59-04:00,0
ELECTRIC,2026-09-05 22:45:00-04:00,2026-09-05 22:59:59-04:00,0
ELECTRIC,2026-09-05 23:00:00-04:00,2026-09-05 23:14:59-04:00,0
ELECTRIC,2026-09-05 23:15:00-04:00,2026-09-05 23:29:59-04:00,0
ELECTRIC,2026-09-05 23:30:00-04:00,2026-09-05 23:44:59-04:00,0
ELECTRIC,2026-09-05 23:45:00-04:00,2026-09-05 23:59:59-04:00,0
ELECTRIC,2026-09-06 00:00:00-04:00,2026-09-06 00:14:59-04:00,0
ELECTRIC,2026-09-06 00:15:00-04:00,2026-09-06 00:29:59-04:00,0
ELECTRIC,2026-09-06 00:30:00-04:00,2026-09-06 00:44:59-04:00,0
ELECTRIC,2026-09-06 00:45:00-04:00,2026-09-06 00:59:59-04:00,0
ELECTRIC,2026-09-06 01:00:00-04:00,2026-09-06 01:14:59-04:00,0
ELECTRIC,2026-09-06 01:15:00-04:00,2026-09-06 01:29:59-04:00,0
ELECTRIC,2026-09-06 01:30:00-04:00,2026-09-06 01:44:59-04:00,0
ELECTRIC,2026-09-06 01:45:00-04:00,2026-09-06 01:59:59-04:00,0
ELECTRIC,2026-09-06 02:00:00-04:00,2026-09-06 02:14:59-04:00,0
ELECTRIC,2026-09-06 02:15:00-04:00,2026-09-06 02:29:59-04:00,0
ELECTRIC,2026-09-06 02:30:00-04:00,2026-09-06 02:44:59-04:00,0
ELECTRIC,2026-09-06 02:45:00-04:00,2026-09-06 02:59:59-04:00,0
ELECTRIC,2026-09-06 03:00:00-04:00,2026-09-06 03:14:59-04:00,0
ELECTRIC,2026-09-06 03:15:00-04:00,2026-09-06 03:29:59-04:00,0
ELECTRIC,2026-09-06 03:30:00-04:00,2026-09-06 03:44:59-04:00,0
ELECTRIC,2026-09-06 03:45:00-04:00,2026-09-06 03:59:59-04:00,0
ELECTRIC,2026-09-06 04:00:00-04:00,2026-09-06 04:14:59-04:00,0
ELECTRIC,2026-09-06 04:15:00-04:00,2026-09-06 04:29:59-04:00,0
ELECTRIC,2026-09-06 04:30:00-04:00,2026-09-06 04:44:59-04:00,0
ELECTRIC,2026-09-06 04:45:00-04:00,2026-09-06 04:59:59-04:00,0
ELECTRIC,2026-09-06 05:00:00-04:00,2026-09-06 05:14:59-04:00,0
ELECTRIC,2026-09-06 05:15:00-04:00,2026-09-06 05:29:59-04:00,0
ELECTRIC,2026-09-06 05:30:00-04:00,2026-09-06 05:44:59-04:00,0
ELECTRIC,2026-09-06 05:45:00-04:00,2026-09-06 05:59:59-04:00,0
ELECTRIC,2026-09-06 06:00:00-04:00,2026-09-06 06:14:59-04:00,0
ELECTRIC,2026-09-06 06:15:00-04:00,2026-09-06 06:29:59-04:00,0
ELECTRIC,2026-09-06 06:30:00-04:00,2026-09-06 06:44:59-04:00,0
ELECTRIC,2026-09-06 06:45:00-04:00,2026-09-06 06:59:59-04:00,0
ELECTRIC,2026-09-06 07:00:00-04:00,2026-09-06 07:14:59-04:00,0
ELECTRIC,2026-09-06 07:15:00-04:00,2026-09-06 07:29:59-04:00,0
ELECTRIC,2026-09-06 07:30:00-04:00,2026-09-06 07:44:59-04:00,0
ELECTRIC,2026-09-06 07:45:00-04:00,2026-09-06 07:59:59-04:00,0
ELECTRIC,2026-09-06 08:00:00-04:00,2026-09-06 08:14:59-04:00,0
ELECTRIC,2026-09-06 08:15:00-04:00,2026-09-06 08:29:59-04:00,0
ELECTRIC,2026-09-06 08:30:00-04:00,2026-09-06 08:44:59-04:00,0
ELECTRIC,2026-09-06 08:45:00-04:00,2026-09-06 08:59:59-04:00,0
ELECTRIC,2026-09-06 09:00:00-04:00,2026-09-06 09:14:59-04:00,0
ELECTRIC,2026-09-06 09:15:00-04:00,2026-09-06 09:29:59-04:00,0
ELECTRIC,2026-09-06 09:30:00-04:00,2026-09-06 09:44:59-04:00,0
ELECTRIC,2026-09-06 09:45:00-04:00,2026-09-06 09:59:59-04:00,0
ELECTRIC,2026-09-06 10:00:00-04:00,2026-09-06 10:14:59-04:00,-43
ELECTRIC,2026-09-06 10:15:00-04:00,2026-09-06 10:29:59-04:00,-125
ELECTRIC,2026-09-06 10:30:00-04:00,2026-09-06 10:44:59-04:00,-465
ELECTRIC,2026-09-06 10:45:00-04:00,2026-09-06 10:59:59-04:00,-599
ELECTRIC,2026-09-06 11:00:00-04:00,2026-09-06 11:14:59-04:00,-65
ELECTRIC,2026-09-06 11:15:00-04:00,2026-09-06 11:29:59-04:00,-52
ELECTRIC,2026-09-06 11:30:00-04:00,2026-09-06 11:44:59-04:00,-229
ELECTRIC,2026-09-06 11:45:00-04:00,2026-09-06 11:59:59-04:00,-596
ELECTRIC,2026-09-06 12:00:00-04:00,2026-09-06 12:14:59-04:00,-416
ELECTRIC,2026-09-06 12:15:00-04:00,2026-09-06 12:29:59-04:00,-567
ELECTRIC,2026-09-06 12:30:00-04:00,2026-09-06 12:44:59-04:00,-184
ELECTRIC,2026-09-06 12:45:00-04:00,2026-09-06 12:59:59-04:00,-241
ELECTRIC,2026-09-06 13:00:00-04:00,2026-09-06 13:14:59-04:00,-551
ELECTRIC,2026-09-06 13:15:00-04:00,2026-09-06 13:29:59-04:00,-653
ELECTRIC,2026-09-06 13:30:00-04:00,2026-09-06 13:44:59-04:00,-299
ELECTRIC,2026-09-06 13:45:00-04:00,2026-09-06 13:59:59-04:00,-296
ELECTRIC,2026-09-06 14:00:00-04:00,2026-09-06 14:14:59-04:00,-261
ELECTRIC,2026-09-06 14:15:00-04:00,2026-09-06 14:29:59-04:00,-221
ELECTRIC,2026-09-06 14:30:00-04:00,2026-09-06 14:44:59-04:00,-135
ELECTRIC,2026-09-06 14:45:00-04:00,2026-09-06 14:59:59-04:00,-74
ELECTRIC,2026-09-06 15:00:00-04:00,2026-09-06 15:14:59-04:00,-188
ELECTRIC,2026-09-06 15:15:00-04:00,2026-09-06 15:29:59-04:00,-186
ELECTRIC,2026-09-06 15:30:00-04:00,2026-09-06 15:44:59-04:00,-167
ELECTRIC,2026-09-06 15:45:00-04:00,2026-09-06 15:59:59-04:00,-188
ELECTRIC,2026-09-06 16:00:00-04:00,2026-09-06 16:14:59-04:00,-168
ELECTRIC,2026-09-06 16:15:00-04:00,2026-09-06 16:29:59-04:00,0
ELECTRIC,2026-09-06 16:30:00-04:00,2026-09-06 16:44:59-04:00,0
ELECTRIC,2026-09-06 16:45:00-04:00,2026-09-06 16:59:59-04:00,0
ELECTRIC,2026-09-06 17:00:00-04:00,2026-09-06 17:14:59-04:00,0
ELECTRIC,2026-09-06 17:15:00-04:00,2026-09-06 17:29:59-04:00,0
ELECTRIC,2026-09-06 17:30:00-04:00,2026-09-06 17:44:59-04:00,0
ELECTRIC,2026-09-06 17:45:00-04:00,2026-09-06 17:59:59-04:00,0
ELECTRIC,2026-09-06 18:00:00-04:00,2026-09-06 18:14:59-04:00,0
ELECTRIC,2026-09-06 18:15:00-04:00,2026-09-06 18:29:59-04:00,0
ELECTRIC,2026-09-06 18:30:00-04:00,2026-09-06 18:44:59-04:00,0
ELECTRIC,2026-09-06 18:45:00-04:00,2026-09-06 18:59:59-04:00,0
ELECTRIC,2026-09-06 19:00:00-04:00,2026-09-06 19:14:59-04:00,0
ELECTRIC,2026-09-06 19:15:00-04:00,2026-09-06 19:29:59-04:00,0
ELECTRIC,2026-09-06 19:30:00-04:00,2026-09-06 19:44:59-04:00,0
ELECTRIC,2026-09-06 19:45:00-04:00,2026-09-06 19:59:59-04:00,0
ELECTRIC,2026-09-06 20:00:00-04:00,2026-09-06 20:14:59-04:00,0
ELECTRIC,2026-09-06 20:15:00-04:00,2026-09-06 20:29:59-04:00,0
ELECTRIC,2026-09-06 20:30:00-04:00,2026-09-06 20:44:59-04:00,0
ELECTRIC,2026-09-06 20:45:00-04:00,2026-09-06 20:59:59-04:00,0
ELECTRIC,2026-09-06 21:00:00-04:00,2026-09-06 21:14:59-04:00,0
ELECTRIC,2026-09-06 21:15:00-04:00,2026-09-06 21:29:59-04:00,0
ELECTRIC,2026-09-06 21:30:00-04:00,2026-09-06 21:44:59-04:00,0
ELECTRIC,2026-09-06 21:45:00-04:00,2026-09-06 21:59:59-04:00,0
ELECTRIC,2026-09-06 22:00:00-04:00,2026-09-06 22:14:59-04:00,0
ELECTRIC,2026-09-06 22:15:00-04:00,2026-09-06 22:29:59-04:00,0
ELECTRIC,2026-09-06 22:30:00-04:00,2026-09-06 22:44:59-04:00,0
ELECTRIC,2026-09-06 22:45:00-04:00,2026-09-06 22:59:59-04:00,0
ELECTRIC,2026-09-06 23:00:00-04:00,2026-09-06 23:14:59-04:00,0
ELECTRIC,2026-09-06 23:15:00-04:00,2026-09-06 23:29:59-04:00,0
ELECTRIC,2026-09-06 23:30:00-04:00,2026-09-06 23:44:59-04:00,0
ELECTRIC,2026-09-06 23:45:00-04:00,2026-09-06 23:59:59-04:00,0
ELECTRIC,2026-08-13 00:00:00-04:00,2026-08-13 00:14:59-04:00,209
ELECTRIC,2026-08-13 00:15:00-04:00,2026-08-13 00:29:59-04:00,217
ELECTRIC,2026-08-13 00:30:00-04:00,2026-08-13 00:44:59-04:00,761
ELECTRIC,2026-08-13 00:45:00-04:00,2026-08-13 00:59:59-04:00,522
ELECTRIC,2026-08-13 01:00:00-04:00,2026-08-13 01:14:59-04:00,556
ELECTRIC,2026-08-13 01:15:00-04:00,2026-08-13 01:29:59-04:00,209
ELECTRIC,2026-08-13 01:30:00-04:00,2026-08-13 01:44:59-04:00,180
ELECTRIC,2026-08-13 01:45:00-04:00,2026-08-13 01:59:59-04:00,179
ELECTRIC,2026-08-13 02:00:00-04:00,2026-08-13 02:14:59-04:00,652
ELECTRIC,2026-08-13 02:15:00-04:00,2026-08-13 02:29:59-04:00,505
ELECTRIC,2026-08-13 02:30:00-04:00,2026-08-13 02:44:59-04:00,547
ELECTRIC,2026-08-13 02:45:00-04:00,2026-08-13 02:59:59-04:00,261
ELECTRIC,2026-08-13 03:00:00-04:00,2026-08-13 03:14:59-04:00,191
ELECTRIC,2026-08-13 03:15:00-04:00,2026-08-13 03:29:59-04:00,326
ELECTRIC,2026-08-13 03:30:00-04:00,2026-08-13 03:44:59-04:00,676
ELECTRIC,2026-08-13 03:45:00-04:00,2026-08-13 03:59:59-04:00,193
ELECTRIC,2026-08-13 04:00:00-04:00,2026-08-13 04:14:59-04:00,599
ELECTRIC,2026-08-13 04:15:00-04:00,2026-08-13 04:29:59-04:00,201
ELECTRIC,2026-08-13 04:30:00-04:00,2026-08-13 04:44:59-04:00,220
ELECTRIC,2026-08-13 04:45:00-04:00,2026-08-13 04:59:59-04:00,270
ELECTRIC,2026-08-13 05:00:00-04:00,2026-08-13 05:14:59-04:00,538
ELECTRIC,2026-08-13 05:15:00-04:00,2026-08-13 05:29:59-04:00,181
ELECTRIC,2026-08-13 05:30:00-04:00,2026-08-13 05:44:59-04:00,690
ELECTRIC,2026-08-13 05:45:00-04:00,2026-08-13 05:59:59-04:00,788
ELECTRIC,2026-08-13 06:00:00-04:00,2026-08-13 06:14:59-04:00,337
ELECTRIC,2026-08-13 06:15:00-04:00,2026-08-13 06:29:59-04:00,604
ELECTRIC,2026-08-13 06:30:00-04:00,2026-08-13 06:44:59-04:00,540
ELECTRIC,2026-08-13 06:45:00-04:00,2026-08-13 06:59:59-04:00,257
ELECTRIC,2026-08-13 07:00:00-04:00,2026-08-13 07:14:59-04:00,549
ELECTRIC,2026-08-13 07:15:00-04:00,2026-08-13 07:29:59-04:00,453
ELECTRIC,2026-08-13 07:30:00-04:00,2026-08-13 07:44:59-04:00,713
ELECTRIC,2026-08-13 07:45:00-04:00,2026-08-13 07:59:59-04:00,321
ELECTRIC,2026-08-13 08:00:00-04:00,2026-08-13 08:14:59-04:00,124
ELECTRIC,2026-08-13 08:15:00-04:00,2026-08-13 08:29:59-04:00,135
ELECTRIC,2026-08-13 08:30:00-04:00,2026-08-13 08:44:59-04:00,110
ELECTRIC,2026-08-13 08:45:00-04:00,2026-08-13 08:59:59-04:00,126
ELECTRIC,2026-08-13 09:00:00-04:00,2026-08-13 09:14:59-04:00,98
ELECTRIC,2026-08-13 09:15:00-04:00,2026-08-13 09:29:59-04:00,66
ELECTRIC,2026-08-13 09:30:00-04:00,2026-08-13 09:44:59-04:00,58
ELECTRIC,2026-08-13 09:45:00-04:00,2026-08-13 09:59:59-04:00,21
ELECTRIC,2026-08-13 10:00:00-04:00,2026-08-13 10:14:59-04:00,1
ELECTRIC,2026-08-13 10:15:00-04:00,2026-08-13 10:29:59-04:00,0
ELECTRIC,2026-08-13 10:30:00-04:00,2026-08-13 10:44:59-04:00,193
ELECTRIC,2026-08-13 10:45:00-04:00,2026-08-13 10:59:59-04:00,74
ELECTRIC,2026-08-13 11:00:00-04:00,2026-08-13 11:14:59-04:00,1
ELECTRIC,2026-08-13 11:15:00-04:00,2026-08-13 11:29:59-04:00,3
ELECTRIC,2026-08-13 11:30:00-04:00,2026-08-13 11:44:59-04:00,111
ELECTRIC,2026-08-13 11:45:00-04:00,2026-08-13 11:59:59-04:00,0
ELECTRIC,2026-08-13 12:00:00-04:00,2026-08-13 12:14:59-04:00,172
ELECTRIC,2026-08-13 12:15:00-04:00,2026-08-13 12:29:59-04:00,215
ELECTRIC,2026-08-13 12:30:00-04:00,2026-08-13 12:44:59-04:00,27
ELECTRIC,2026-08-13 12:45:00-04:00,2026-08-13 12:59:59-04:00,40
ELECTRIC,2026-08-13 13:00:00-04:00,2026-08-13 13:14:59-04:00,0
ELECTRIC,2026-08-13 13:15:00-04:00,2026-08-13 13:29:59-04:00,0
ELECTRIC,2026-08-13 13:30:00-04:00,2026-08-13 13:44:59-04:00,231
ELECTRIC,2026-08-13 13:45:00-04:00,2026-08-13 13:59:59-04:00,0
ELECTRIC,2026-08-13 14:00:00-04:00,2026-08-13 14:14:59-04:00,0
ELECTRIC,2026-08-13 14:15:00-04:00,2026-08-13 14:29:59-04:00,12
ELECTRIC,2026-08-13 14:30:00-04:00,2026-08-13 14:44:59-04:00,61
ELECTRIC,2026-08-13 14:45:00-04:00,2026-08-13 14:59:59-04:00,253
ELECTRIC,2026-08-13 15:00:00-04:00,2026-08-13 15:14:59-04:00,447
ELECTRIC,2026-08-13 15:15:00-04:00,2026-08-13 15:29:59-04:00,40
ELECTRIC,2026-08-13 15:30:00-04:00,2026-08-13 15:44:59-04:00,256
ELECTRIC,2026-08-13 15:45:00-04:00,2026-08-13 15:59:59-04:00,7
ELECTRIC,2026-08-13 16:00:00-04:00,2026-08-13 16:14:59-04:00,413
ELECTRIC,2026-08-13 16:15:00-04:00,2026-08-13 16:29:59-04:00,608
ELECTRIC,2026-08-13 16:30:00-04:00,2026-08-13 16:44:59-04:00,668
ELECTRIC,2026-08-13 16:45:00-04:00,2026-08-13 16:59:59-04:00,375
ELECTRIC,2026-08-13 17:00:00-04:00,2026-08-13 17:14:59-04:00,703
ELECTRIC,2026-08-13 17:15:00-04:00,2026-08-13 17:29:59-04:00,707
ELECTRIC,2026-08-13 17:30:00-04:00,2026-08-13 17:44:59-04:00,873
ELECTRIC,2026-08-13 17:45:00-04:00,2026-08-13 17:59:59-04:00,923
ELECTRIC,2026-08-13 18:00:00-04:00,2026-08-13 18:14:59-04:00,766
ELECTRIC,2026-08-13 18:15:00-04:00,2026-08-13 18:29:59-04:00,793
ELECTRIC,2026-08-13 18:30:00-04:00,2026-08-13 18:44:59-04:00,807
ELECTRIC,2026-08-13 18:45:00-04:00,2026-08-13 18:59:59-04:00,787
ELECTRIC,2026-08-13 19:00:00-04:00,2026-08-13 19:14:59-04:00,784
ELECTRIC,2026-08-13 19:15:00-04:00,2026-08-13 19:29:59-04:00,794
ELECTRIC,2026-08-13 19:30:00-04:00,2026-08-13 19:44:59-04:00,800
ELECTRIC,2026-08-13 19:45:00-04:00,2026-08-13 19:59:59-04:00,787
ELECTRIC,2026-08-13 20:00:00-04:00,2026-08-13 20:14:59-04:00,483
ELECTRIC,2026-08-13 20:15:00-04:00,2026-08-13 20:29:59-04:00,658
ELECTRIC,2026-08-13 20:30:00-04:00,2026-08-13 20:44:59-04:00,486
ELECTRIC,2026-08-13 20:45:00-04:00,2026-08-13 20:59:59-04:00,786
ELECTRIC,2026-08-13 21:00:00-04:00,2026-08-13 21:14:59-04:00,446
ELECTRIC,2026-08-13 21:15:00-04:00,2026-08-13 21:29:59-04:00,475
ELECTRIC,2026-08-13 21:30:00-04:00,2026-08-13 21:44:59-04:00,423
ELECTRIC,2026-08-13 21:45:00-04:00,2026-08-13 21:59:59-04:00,775
ELECTRIC,2026-08-13 22:00:00-04:00,2026-08-13 22:14:59-04:00,779
ELECTRIC,2026-08-13 22:15:00-04:00,2026-08-13 22:29:59-04:00,784
ELECTRIC,2026-08-13 22:30:00-04:00,2026-08-13 22:44:59-04:00,238
ELECTRIC,2026-08-13 22:45:00-04:00,2026-08-13 22:59:59-04:00,221
ELECTRIC,2026-08-13 23:00:00-04:00,2026-08-13 23:14:59-04:00,600
ELECTRIC,2026-08-13 23:15:00-04:00,2026-08-13 23:29:59-04:00,206
ELECTRIC,2026-08-13 23:30:00-04:00,2026-08-13 23:44:59-04:00,200
ELECTRIC,2026-08-13 23:45:00-04:00,2026-08-13 23:59:59-04:00,213
ELECTRIC,2026-08-14 00:00:00-04:00,2026-08-14 00:14:59-04:00,587
ELECTRIC,2026-08-14 00:15:00-04:00,2026-08-14 00:29:59-04:00,202
ELECTRIC,2026-08-14 00:30:00-04:00,2026-08-14 00:44:59-04:00,190
ELECTRIC,2026-08-14 00:45:00-04:00,2026-08-14 00:59:59-04:00,600
ELECTRIC,2026-08-14 01:00:00-04:00,2026-08-14 01:14:59-04:00,202
ELECTRIC,2026-08-14 01:15:00-04:00,2026-08-14 01:29:59-04:00,186
ELECTRIC,2026-08-14 01:30:00-04:00,2026-08-14 01:44:59-04:00,204
ELECTRIC,2026-08-14 01:45:00-04:00,2026-08-14 01:59:59-04:00,715
ELECTRIC,2026-08-14 02:00:00-04:00,2026-08-14 02:14:59-04:00,374
ELECTRIC,2026-08-14 02:15:00-04:00,2026-08-14 02:29:59-04:00,606
ELECTRIC,2026-08-14 02:30:00-04:00,2026-08-14 02:44:59-04:00,241
ELECTRIC,2026-08-14 02:45:00-04:00,2026-08-14 02:59:59-04:00,209
ELECTRIC,2026-08-14 03:00:00-04:00,2026-08-14 03:14:59-04:00,161
ELECTRIC,2026-08-14 03:15:00-04:00,2026-08-14 03:29:59-04:00,558
ELECTRIC,2026-08-14 03:30:00-04:00,2026-08-14 03:44:59-04:00,207
ELECTRIC,2026-08-14 03:45:00-04:00,2026-08-14 03:59:59-04:00,205
ELECTRIC,2026-08-14 04:00:00-04:00,2026-08-14 04:14:59-04:00,189
ELECTRIC,2026-08-14 04:15:00-04:00,2026-08-14 04:29:59-04:00,496
ELECTRIC,2026-08-14 04:30:00-04:00,2026-08-14 04:44:59-04:00,281
ELECTRIC,2026-08-14 04:45:00-04:00,2026-08-14 04:59:59-04:00,224
ELECTRIC,2026-08-14 05:00:00-04:00,2026-08-14 05:14:59-04:00,412
ELECTRIC,2026-08-14 05:15:00-04:00,2026-08-14 05:29:59-04:00,554
ELECTRIC,2026-08-14 05:30:00-04:00,2026-08-14 05:44:59-04:00,326
ELECTRIC,2026-08-14 05:45:00-04:00,2026-08-14 05:59:59-04:00,553
ELECTRIC,2026-08-14 06:00:00-04:00,2026-08-14 06:14:59-04:00,571
ELECTRIC,2026-08-14 06:15:00-04:00,2026-08-14 06:29:59-04:00,213
ELECTRIC,2026-08-14 06:30:00-04:00,2026-08-14 06:44:59-04:00,616
ELECTRIC,2026-08-14 06:45:00-04:00,2026-08-14 06:59:59-04:00,617
ELECTRIC,2026-08-14 07:00:00-04:00,2026-08-14 07:14:59-04:00,482
ELECTRIC,2026-08-14 07:15:00-04:00,2026-08-14 07:29:59-04:00,255
ELECTRIC,2026-08-14 07:30:00-04:00,2026-08-14 07:44:59-04:00,123
ELECTRIC,2026-08-14 07:45:00-04:00,2026-08-14 07:59:59-04:00,538
ELECTRIC,2026-08-14 08:00:00-04:00,2026-08-14 08:14:59-04:00,524
ELECTRIC,2026-08-14 08:15:00-04:00,2026-08-14 08:29:59-04:00,206
ELECTRIC,2026-08-14 08:30:00-04:00,2026-08-14 08:44:59-04:00,403
ELECTRIC,2026-08-14 08:45:00-04:00,2026-08-14 08:59:59-04:00,65
ELECTRIC,2026-08-14 09:00:00-04:00,2026-08-14 09:14:59-04:00,197
ELECTRIC,2026-08-14 09:15:00-04:00,2026-08-14 09:29:59-04:00,268
ELECTRIC,2026-08-14 09:30:00-04:00,2026-08-14 09:44:59-04:00,16
ELECTRIC,2026-08-14 09:45:00-04:00,2026-08-14 09:59:59-04:00,486
ELECTRIC,2026-08-14 10:00:00-04:00,2026-08-14 10:14:59-04:00,399
ELECTRIC,2026-08-14 10:15:00-04:00,2026-08-14 10:29:59-04:00,0
ELECTRIC,2026-08-14 10:30:00-04:00,2026-08-14 10:44:59-04:00,179
ELECTRIC,2026-08-14 10:45:00-04:00,2026-08-14 10:59:59-04:00,0
ELECTRIC,2026-08-14 11:00:00-04:00,2026-08-14 11:14:59-04:00,4
ELECTRIC,2026-08-14 11:15:00-04:00,2026-08-14 11:29:59-04:00,1
ELECTRIC,2026-08-14 11:30:00-04:00,2026-08-14 11:44:59-04:00,0
ELECTRIC,2026-08-14 11:45:00-04:00,2026-08-14 11:59:59-04:00,0
ELECTRIC,2026-08-14 12:00:00-04:00,2026-08-14 12:14:59-04:00,0
ELECTRIC,2026-08-14 12:15:00-04:00,2026-08-14 12:29:59-04:00,310
ELECTRIC,2026-08-14 12:30:00-04:00,2026-08-14 12:44:59-04:00,868
ELECTRIC,2026-08-14 12:45:00-04:00,2026-08-14 12:59:59-04:00,251
ELECTRIC,2026-08-14 13:00:00-04:00,2026-08-14 13:14:59-04:00,0
ELECTRIC,2026-08-14 13:15:00-04:00,2026-08-14 13:29:59-04:00,0
ELECTRIC,2026-08-14 13:30:00-04:00,2026-08-14 13:44:59-04:00,4
ELECTRIC,2026-08-14 13:45:00-04:00,2026-08-14 13:59:59-04:00,0
ELECTRIC,2026-08-14 14:00:00-04:00,2026-08-14 14:14:59-04:00,11
ELECTRIC,2026-08-14 14:15:00-04:00,2026-08-14 14:29:59-04:00,0
ELECTRIC,2026-08-14 14:30:00-04:00,2026-08-14 14:44:59-04:00,0
ELECTRIC,2026-08-14 14:45:00-04:00,2026-08-14 14:59:59-04:00,0
ELECTRIC,2026-08-14 15:00:00-04:00,2026-08-14 15:14:59-04:00,0
ELECTRIC,2026-08-14 15:15:00-04:00,2026-08-14 15:29:59-04:00,0
ELECTRIC,2026-08-14 15:30:00-04:00,2026-08-14 15:44:59-04:00,1
ELECTRIC,2026-08-14 15:45:00-04:00,2026-08-14 15:59:59-04:00,89
ELECTRIC,2026-08-14 16:00:00-04:00,2026-08-14 16:14:59-04:00,650
ELECTRIC,2026-08-14 16:15:00-04:00,2026-08-14 16:29:59-04:00,593
ELECTRIC,2026-08-14 16:30:00-04:00,2026-08-14 16:44:59-04:00,494
ELECTRIC,2026-08-14 16:45:00-04:00,2026-08-14 16:59:59-04:00,578
ELECTRIC,2026-08-14 17:00:00-04:00,2026-08-14 17:14:59-04:00,459
ELECTRIC,2026-08-14 17:15:00-04:00,2026-08-14 17:29:59-04:00,595
ELECTRIC,2026-08-14 17:30:00-04:00,2026-08-14 17:44:59-04:00,773
ELECTRIC,2026-08-14 17:45:00-04:00,2026-08-14 17:59:59-04:00,830
ELECTRIC,2026-08-14 18:00:00-04:00,2026-08-14 18:14:59-04:00,839
ELECTRIC,2026-08-14 18:15:00-04:00,2026-08-14 18:29:59-04:00,290
ELECTRIC,2026-08-14 18:30:00-04:00,2026-08-14 18:44:59-04:00,633
ELECTRIC,2026-08-14 18:45:00-04:00,2026-08-14 18:59:59-04:00,600
ELECTRIC,2026-08-14 19:00:00-04:00,2026-08-14 19:14:59-04:00,511
ELECTRIC,2026-08-14 19:15:00-04:00,2026-08-14 19:29:59-04:00,626
ELECTRIC,2026-08-14 19:30:00-04:00,2026-08-14 19:44:59-04:00,724
ELECTRIC,2026-08-14 19:45:00-04:00,2026-08-14 19:59:59-04:00,748
ELECTRIC,2026-08-14 20:00:00-04:00,2026-08-14 20:14:59-04:00,378
ELECTRIC,2026-08-14 20:15:00-04:00,2026-08-14 20:29:59-04:00,184
ELECTRIC,2026-08-14 20:30:00-04:00,2026-08-14 20:44:59-04:00,628
ELECTRIC,2026-08-14 20:45:00-04:00,2026-08-14 20:59:59-04:00,1032
ELECTRIC,2026-08-14 21:00:00-04:00,2026-08-14 21:14:59-04:00,938
ELECTRIC,2026-08-14 21:15:00-04:00,2026-08-14 21:29:59-04:00,911
ELECTRIC,2026-08-14 21:30:00-04:00,2026-08-14 21:44:59-04:00,1129
ELECTRIC,2026-08-14 21:45:00-04:00,2026-08-14 21:59:59-04:00,826
ELECTRIC,2026-08-14 22:00:00-04:00,2026-08-14 22:14:59-04:00,819
ELECTRIC,2026-08-14 22:15:00-04:00,2026-08-14 22:29:59-04:00,630
ELECTRIC,2026-08-14 22:30:00-04:00,2026-08-14 22:44:59-04:00,227
ELECTRIC,2026-08-14 22:45:00-04:00,2026-08-14 22:59:59-04:00,210
ELECTRIC,2026-08-14 23:00:00-04:00,2026-08-14 23:14:59-04:00,196
ELECTRIC,2026-08-14 23:15:00-04:00,2026-08-14 23:29:59-04:00,291
ELECTRIC,2026-08-14 23:30:00-04:00,2026-08-14 23:44:59-04:00,806
ELECTRIC,2026-08-14 23:45:00-04:00,2026-08-14 23:59:59-04:00,336
ELECTRIC,2026-08-15 00:00:00-04:00,2026-08-15 00:14:59-04:00,213
ELECTRIC,2026-08-15 00:15:00-04:00,2026-08-15 00:29:59-04:00,198
ELECTRIC,2026-08-15 00:30:00-04:00,2026-08-15 00:44:59-04:00,178
ELECTRIC,2026-08-15 00:45:00-04:00,2026-08-15 00:59:59-04:00,695
ELECTRIC,2026-08-15 01:00:00-04:00,2026-08-15 01:14:59-04:00,560
ELECTRIC,2026-08-15 01:15:00-04:00,2026-08-15 01:29:59-04:00,203
ELECTRIC,2026-08-15 01:30:00-04:00,2026-08-15 01:44:59-04:00,806
ELECTRIC,2026-08-15 01:45:00-04:00,2026-08-15 01:59:59-04:00,782
ELECTRIC,2026-08-15 02:00:00-04:00,2026-08-15 02:14:59-04:00,303
ELECTRIC,2026-08-15 02:15:00-04:00,2026-08-15 02:29:59-04:00,449
ELECTRIC,2026-08-15 02:30:00-04:00,2026-08-15 02:44:59-04:00,373
ELECTRIC,2026-08-15 02:45:00-04:00,2026-08-15 02:59:59-04:00,233
ELECTRIC,2026-08-15 03:00:00-04:00,2026-08-15 03:14:59-04:00,576
ELECTRIC,2026-08-15 03:15:00-04:00,2026-08-15 03:29:59-04:00,231
ELECTRIC,2026-08-15 03:30:00-04:00,2026-08-15 03:44:59-04:00,384
ELECTRIC,2026-08-15 03:45:00-04:00,2026-08-15 03:59:59-04:00,410
ELECTRIC,2026-08-15 04:00:00-04:00,2026-08-15 04:14:59-04:00,488
ELECTRIC,2026-08-15 04:15:00-04:00,2026-08-15 04:29:59-04:00,545
ELECTRIC,2026-08-15 04:30:00-04:00,2026-08-15 04:44:59-04:00,600
ELECTRIC,2026-08-15 04:45:00-04:00,2026-08-15 04:59:59-04:00,198
ELECTRIC,2026-08-15 05:00:00-04:00,2026-08-15 05:14:59-04:00,190
ELECTRIC,2026-08-15 05:15:00-04:00,2026-08-15 05:29:59-04:00,555
ELECTRIC,2026-08-15 05:30:00-04:00,2026-08-15 05:44:59-04:00,204
ELECTRIC,2026-08-15 05:45:00-04:00,2026-08-15 05:59:59-04:00,219
ELECTRIC,2026-08-15 06:00:00-04:00,2026-08-15 06:14:59-04:00,626
ELECTRIC,2026-08-15 06:15:00-04:00,2026-08-15 06:29:59-04:00,628
ELECTRIC,2026-08-15 06:30:00-04:00,2026-08-15 06:44:59-04:00,345
ELECTRIC,2026-08-15 06:45:00-04:00,2026-08-15 06:59:59-04:00,613
ELECTRIC,2026-08-15 07:00:00-04:00,2026-08-15 07:14:59-04:00,740
ELECTRIC,2026-08-15 07:15:00-04:00,2026-08-15 07:29:59-04:00,429
ELECTRIC,2026-08-15 07:30:00-04:00,2026-08-15 07:44:59-04:00,342
ELECTRIC,2026-08-15 07:45:00-04:00,2026-08-15 07:59:59-04:00,419
ELECTRIC,2026-08-15 08:00:00-04:00,2026-08-15 08:14:59-04:00,426
ELECTRIC,2026-08-15 08:15:00-04:00,2026-08-15 08:29:59-04:00,709
ELECTRIC,2026-08-15 08:30:00-04:00,2026-08-15 08:44:59-04:00,400
ELECTRIC,2026-08-15 08:45:00-04:00,2026-08-15 08:59:59-04:00,608
ELECTRIC,2026-08-15 09:00:00-04:00,2026-08-15 09:14:59-04:00,663
ELECTRIC,2026-08-15 09:15:00-04:00,2026-08-15 09:29:59-04:00,214
ELECTRIC,2026-08-15 09:30:00-04:00,2026-08-15 09:44:59-04:00,165
ELECTRIC,2026-08-15 09:45:00-04:00,2026-08-15 09:59:59-04:00,46
ELECTRIC,2026-08-15 10:00:00-04:00,2026-08-15 10:14:59-04:00,308
ELECTRIC,2026-08-15 10:15:00-04:00,2026-08-15 10:29:59-04:00,72
ELECTRIC,2026-08-15 10:30:00-04:00,2026-08-15 10:44:59-04:00,158
ELECTRIC,2026-08-15 10:45:00-04:00,2026-08-15 10:59:59-04:00,0
ELECTRIC,2026-08-15 11:00:00-04:00,2026-08-15 11:14:59-04:00,21
ELECTRIC,2026-08-15 11:15:00-04:00,2026-08-15 11:29:59-04:00,0
ELECTRIC,2026-08-15 11:30:00-04:00,2026-08-15 11:44:59-04:00,1
ELECTRIC,2026-08-15 11:45:00-04:00,2026-08-15 11:59:59-04:00,0
ELECTRIC,2026-08-15 12:00:00-04:00,2026-08-15 12:14:59-04:00,0
ELECTRIC,2026-08-15 12:15:00-04:00,2026-08-15 12:29:59-04:00,5
ELECTRIC,2026-08-15 12:30:00-04:00,2026-08-15 12:44:59-04:00,0
ELECTRIC,2026-08-15 12:45:00-04:00,2026-08-15 12:59:59-04:00,4
ELECTRIC,2026-08-15 13:00:00-04:00,2026-08-15 13:14:59-04:00,0
ELECTRIC,2026-08-15 13:15:00-04:00,2026-08-15 13:29:59-04:00,21
ELECTRIC,2026-08-15 13:30:00-04:00,2026-08-15 13:44:59-04:00,0
ELECTRIC,2026-08-15 13:45:00-04:00,2026-08-15 13:59:59-04:00,0
ELECTRIC,2026-08-15 14:00:00-04:00,2026-08-15 14:14:59-04:00,0
ELECTRIC,2026-08-15 14:15:00-04:00,2026-08-15 14:29:59-04:00,0
ELECTRIC,2026-08-15 14:30:00-04:00,2026-08-15 14:44:59-04:00,114
ELECTRIC,2026-08-15 14:45:00-04:00,2026-08-15 14:59:59-04:00,11
ELECTRIC,2026-08-15 15:00:00-04:00,2026-08-15 15:14:59-04:00,15
ELECTRIC,2026-08-15 15:15:00-04:00,2026-08-15 15:29:59-04:00,17
ELECTRIC,2026-08-15 15:30:00-04:00,2026-08-15 15:44:59-04:00,162
ELECTRIC,2026-08-15 15:45:00-04:00,2026-08-15 15:59:59-04:00,6
ELECTRIC,2026-08-15 16:00:00-04:00,2026-08-15 16:14:59-04:00,0
ELECTRIC,2026-08-15 16:15:00-04:00,2026-08-15 16:29:59-04:00,266
ELECTRIC,2026-08-15 16:30:00-04:00,2026-08-15 16:44:59-04:00,399
ELECTRIC,2026-08-15 16:45:00-04:00,2026-08-15 16:59:59-04:00,265
ELECTRIC,2026-08-15 17:00:00-04:00,2026-08-15 17:14:59-04:00,27
ELECTRIC,2026-08-15 17:15:00-04:00,2026-08-15 17:29:59-04:00,186
ELECTRIC,2026-08-15 17:30:00-04:00,2026-08-15 17:44:59-04:00,440
ELECTRIC,2026-08-15 17:45:00-04:00,2026-08-15 17:59:59-04:00,669
ELECTRIC,2026-08-15 18:00:00-04:00,2026-08-15 18:14:59-04:00,745
ELECTRIC,2026-08-15 18:15:00-04:00,2026-08-15 18:29:59-04:00,798
ELECTRIC,2026-08-15 18:30:00-04:00,2026-08-15 18:44:59-04:00,853
ELECTRIC,2026-08-15 18:45:00-04:00,2026-08-15 18:59:59-04:00,848
ELECTRIC,2026-08-15 19:00:00-04:00,2026-08-15 19:14:59-04:00,829
ELECTRIC,2026-08-15 19:15:00-04:00,2026-08-15 19:29:59-04:00,822
ELECTRIC,2026-08-15 19:30:00-04:00,2026-08-15 19:44:59-04:00,770
ELECTRIC,2026-08-15 19:45:00-04:00,2026-08-15 19:59:59-04:00,558
ELECTRIC,2026-08-15 20:00:00-04:00,2026-08-15 20:14:59-04:00,394
ELECTRIC,2026-08-15 20:15:00-04:00,2026-08-15 20:29:59-04:00,748
ELECTRIC,2026-08-15 20:30:00-04:00,2026-08-15 20:44:59-04:00,785
ELECTRIC,2026-08-15 20:45:00-04:00,2026-08-15 20:59:59-04:00,788
ELECTRIC,2026-08-15 21:00:00-04:00,2026-08-15 21:14:59-04:00,825
ELECTRIC,2026-08-15 21:15:00-04:00,2026-08-15 21:29:59-04:00,685
ELECTRIC,2026-08-15 21:30:00-04:00,2026-08-15 21:44:59-04:00,794
ELECTRIC,2026-08-15 21:45:00-04:00,2026-08-15 21:59:59-04:00,591
ELECTRIC,2026-08-15 22:00:00-04:00,2026-08-15 22:14:59-04:00,440
ELECTRIC,2026-08-15 22:15:00-04:00,2026-08-15 22:29:59-04:00,603
ELECTRIC,2026-08-15 22:30:00-04:00,2026-08-15 22:44:59-04:00,410
ELECTRIC,2026-08-15 22:45:00-04:00,2026-08-15 22:59:59-04:00,357
ELECTRIC,2026-08-15 23:00:00-04:00,2026-08-15 23:14:59-04:00,432
ELECTRIC,2026-08-15 23:15:00-04:00,2026-08-15 23:29:59-04:00,205
ELECTRIC,2026-08-15 23:30:00-04:00,2026-08-15 23:44:59-04:00,354
ELECTRIC,2026-08-15 23:45:00-04:00,2026-08-15 23:59:59-04:00,704
ELECTRIC,2026-08-16 00:00:00-04:00,2026-08-16 00:14:59-04:00,211
ELECTRIC,2026-08-16 00:15:00-04:00,2026-08-16 00:29:59-04:00,597
ELECTRIC,2026-08-16 00:30:00-04:00,2026-08-16 00:44:59-04:00,206
ELECTRIC,2026-08-16 00:45:00-04:00,2026-08-16 00:59:59-04:00,374
ELECTRIC,2026-08-16 01:00:00-04:00,2026-08-16 01:14:59-04:00,573
ELECTRIC,2026-08-16 01:15:00-04:00,2026-08-16 01:29:59-04:00,581
ELECTRIC,2026-08-16 01:30:00-04:00,2026-08-16 01:44:59-04:00,200
ELECTRIC,2026-08-16 01:45:00-04:00,2026-08-16 01:59:59-04:00,570
ELECTRIC,2026-08-16 02:00:00-04:00,2026-08-16 02:14:59-04:00,399
ELECTRIC,2026-08-16 02:15:00-04:00,2026-08-16 02:29:59-04:00,588
ELECTRIC,2026-08-16 02:30:00-04:00,2026-08-16 02:44:59-04:00,214
ELECTRIC,2026-08-16 02:45:00-04:00,2026-08-16 02:59:59-04:00,235
ELECTRIC,2026-08-16 03:00:00-04:00,2026-08-16 03:14:59-04:00,277
ELECTRIC,2026-08-16 03:15:00-04:00,2026-08-16 03:29:59-04:00,520
ELECTRIC,2026-08-16 03:30:00-04:00,2026-08-16 03:44:59-04:00,188
ELECTRIC,2026-08-16 03:45:00-04:00,2026-08-16 03:59:59-04:00,622
ELECTRIC,2026-08-16 04:00:00-04:00,2026-08-16 04:14:59-04:00,297
ELECTRIC,2026-08-16 04:15:00-04:00,2026-08-16 04:29:59-04:00,529
ELECTRIC,2026-08-16 04:30:00-04:00,2026-08-16 04:44:59-04:00,271
ELECTRIC,2026-08-16 04:45:00-04:00,2026-08-16 04:59:59-04:00,209
ELECTRIC,2026-08-16 05:00:00-04:00,2026-08-16 05:14:59-04:00,212
ELECTRIC,2026-08-16 05:15:00-04:00,2026-08-16 05:29:59-04:00,552
ELECTRIC,2026-08-16 05:30:00-04:00,2026-08-16 05:44:59-04:00,515
ELECTRIC,2026-08-16 05:45:00-04:00,2026-08-16 05:59:59-04:00,178
ELECTRIC,2026-08-16 06:00:00-04:00,2026-08-16 06:14:59-04:00,188
ELECTRIC,2026-08-16 06:15:00-04:00,2026-08-16 06:29:59-04:00,582
ELECTRIC,2026-08-16 06:30:00-04:00,2026-08-16 06:44:59-04:00,763
ELECTRIC,2026-08-16 06:45:00-04:00,2026-08-16 06:59:59-04:00,421
ELECTRIC,2026-08-16 07:00:00-04:00,2026-08-16 07:14:59-04:00,415
ELECTRIC,2026-08-16 07:15:00-04:00,2026-08-16 07:29:59-04:00,352
ELECTRIC,2026-08-16 07:30:00-04:00,2026-08-16 07:44:59-04:00,630
ELECTRIC,2026-08-16 07:45:00-04:00,2026-08-16 07:59:59-04:00,123
ELECTRIC,2026-08-16 08:00:00-04:00,2026-08-16 08:14:59-04:00,667
ELECTRIC,2026-08-16 08:15:00-04:00,2026-08-16 08:29:59-04:00,175
ELECTRIC,2026-08-16 08:30:00-04:00,2026-08-16 08:44:59-04:00,477
ELECTRIC,2026-08-16 08:45:00-04:00,2026-08-16 08:59:59-04:00,71
ELECTRIC,2026-08-16 09:00:00-04:00,2026-08-16 09:14:59-04:00,628
ELECTRIC,2026-08-16 09:15:00-04:00,2026-08-16 09:29:59-04:00,249
ELECTRIC,2026-08-16 09:30:00-04:00,2026-08-16 09:44:59-04:00,471
ELECTRIC,2026-08-16 09:45:00-04:00,2026-08-16 09:59:59-04:00,29
ELECTRIC,2026-08-16 10:00:00-04:00,2026-08-16 10:14:59-04:00,0
ELECTRIC,2026-08-16 10:15:00-04:00,2026-08-16 10:29:59-04:00,341
ELECTRIC,2026-08-16 10:30:00-04:00,2026-08-16 10:44:59-04:00,126
ELECTRIC,2026-08-16 10:45:00-04:00,2026-08-16 10:59:59-04:00,0
ELECTRIC,2026-08-16 11:00:00-04:00,2026-08-16 11:14:59-04:00,0
ELECTRIC,2026-08-16 11:15:00-04:00,2026-08-16 11:29:59-04:00,0
ELECTRIC,2026-08-16 11:30:00-04:00,2026-08-16 11:44:59-04:00,0
ELECTRIC,2026-08-16 11:45:00-04:00,2026-08-16 11:59:59-04:00,0
ELECTRIC,2026-08-16 12:00:00-04:00,2026-08-16 12:14:59-04:00,0
ELECTRIC,2026-08-16 12:15:00-04:00,2026-08-16 12:29:59-04:00,0
ELECTRIC,2026-08-16 12:30:00-04:00,2026-08-16 12:44:59-04:00,0
ELECTRIC,2026-08-16 12:45:00-04:00,2026-08-16 12:59:59-04:00,0
ELECTRIC,2026-08-16 13:00:00-04:00,2026-08-16 13:14:59-04:00,4
ELECTRIC,2026-08-16 13:15:00-04:00,2026-08-16 13:29:59-04:00,0
ELECTRIC,2026-08-16 13:30:00-04:00,2026-08-16 13:44:59-04:00,0
ELECTRIC,2026-08-16 13:45:00-04:00,2026-08-16 13:59:59-04:00,0
ELECTRIC,2026-08-16 14:00:00-04:00,2026-08-16 14:14:59-04:00,133
ELECTRIC,2026-08-16 14:15:00-04:00,2026-08-16 14:29:59-04:00,0
ELECTRIC,2026-08-16 14:30:00-04:00,2026-08-16 14:44:59-04:00,0
ELECTRIC,2026-08-16 14:45:00-04:00,2026-08-16 14:59:59-04:00,0
ELECTRIC,2026-08-16 15:00:00-04:00,2026-08-16 15:14:59-04:00,225
ELECTRIC,2026-08-16 15:15:00-04:00,2026-08-16 15:29:59-04:00,398
ELECTRIC,2026-08-16 15:30:00-04:00,2026-08-16 15:44:59-04:00,252
ELECTRIC,2026-08-16 15:45:00-04:00,2026-08-16 15:59:59-04:00,82
ELECTRIC,2026-08-16 16:00:00-04:00,2026-08-16 16:14:59-04:00,0
ELECTRIC,2026-08-16 16:15:00-04:00,2026-08-16 16:29:59-04:00,189
ELECTRIC,2026-08-16 16:30:00-04:00,2026-08-16 16:44:59-04:00,127
ELECTRIC,2026-08-16 16:45:00-04:00,2026-08-16 16:59:59-04:00,585
ELECTRIC,2026-08-16 17:00:00-04:00,2026-08-16 17:14:59-04:00,714
ELECTRIC,2026-08-16 17:15:00-04:00,2026-08-16 17:29:59-04:00,798
ELECTRIC,2026-08-16 17:30:00-04:00,2026-08-16 17:44:59-04:00,800
ELECTRIC,2026-08-16 17:45:00-04:00,2026-08-16 17:59:59-04:00,789
ELECTRIC,2026-08-16 18:00:00-04:00,2026-08-16 18:14:59-04:00,807
ELECTRIC,2026-08-16 18:15:00-04:00,2026-08-16 18:29:59-04:00,822
ELECTRIC,2026-08-16 18:30:00-04:00,2026-08-16 18:44:59-04:00,805
ELECTRIC,2026-08-16 18:45:00-04:00,2026-08-16 18:59:59-04:00,1055
ELECTRIC,2026-08-16 19:00:00-04:00,2026-08-16 19:14:59-04:00,1000
ELECTRIC,2026-08-16 19:15:00-04:00,2026-08-16 19:29:59-04:00,861
ELECTRIC,2026-08-16 19:30:00-04:00,2026-08-16 19:44:59-04:00,908
ELECTRIC,2026-08-16 19:45:00-04:00,2026-08-16 19:59:59-04:00,800
ELECTRIC,2026-08-16 20:00:00-04:00,2026-08-16 20:14:59-04:00,857
ELECTRIC,2026-08-16 20:15:00-04:00,2026-08-16 20:29:59-04:00,685
ELECTRIC,2026-08-16 20:30:00-04:00,2026-08-16 20:44:59-04:00,538
ELECTRIC,2026-08-16 20:45:00-04:00,2026-08-16 20:59:59-04:00,339
ELECTRIC,2026-08-16 21:00:00-04:00,2026-08-16 21:14:59-04:00,581
ELECTRIC,2026-08-16 21:15:00-04:00,2026-08-16 21:29:59-04:00,378
ELECTRIC,2026-08-16 21:30:00-04:00,2026-08-16 21:44:59-04:00,800
ELECTRIC,2026-08-16 21:45:00-04:00,2026-08-16 21:59:59-04:00,801
ELECTRIC,2026-08-16 22:00:00-04:00,2026-08-16 22:14:59-04:00,458
ELECTRIC,2026-08-16 22:15:00-04:00,2026-08-16 22:29:59-04:00,503
ELECTRIC,2026-08-16 22:30:00-04:00,2026-08-16 22:44:59-04:00,218
ELECTRIC,2026-08-16 22:45:00-04:00,2026-08-16 22:59:59-04:00,215
ELECTRIC,2026-08-16 23:00:00-04:00,2026-08-16 23:14:59-04:00,210
ELECTRIC,2026-08-16 23:15:00-04:00,2026-08-16 23:29:59-04:00,585
ELECTRIC,2026-08-16 23:30:00-04:00,2026-08-16 23:44:59-04:00,243
ELECTRIC,2026-08-16 23:45:00-04:00,2026-08-16 23:59:59-04:00,319
ELECTRIC,2026-08-17 00:00:00-04:00,2026-08-17 00:14:59-04:00,779
ELECTRIC,2026-08-17 00:15:00-04:00,2026-08-17 00:29:59-04:00,264
ELECTRIC,2026-08-17 00:30:00-04:00,2026-08-17 00:44:59-04:00,613
ELECTRIC,2026-08-17 00:45:00-04:00,2026-08-17 00:59:59-04:00,205
ELECTRIC,2026-08-17 01:00:00-04:00,2026-08-17 01:14:59-04:00,205
ELECTRIC,2026-08-17 01:15:00-04:00,2026-08-17 01:29:59-04:00,612
ELECTRIC,2026-08-17 01:30:00-04:00,2026-08-17 01:44:59-04:00,805
ELECTRIC,2026-08-17 01:45:00-04:00,2026-08-17 01:59:59-04:00,233
ELECTRIC,2026-08-17 02:00:00-04:00,2026-08-17 02:14:59-04:00,519
ELECTRIC,2026-08-17 02:15:00-04:00,2026-08-17 02:29:59-04:00,230
ELECTRIC,2026-08-17 02:30:00-04:00,2026-08-17 02:44:59-04:00,194
ELECTRIC,2026-08-17 02:45:00-04:00,2026-08-17 02:59:59-04:00,254
ELECTRIC,2026-08-17 03:00:00-04:00,2026-08-17 03:14:59-04:00,552
ELECTRIC,2026-08-17 03:15:00-04:00,2026-08-17 03:29:59-04:00,543
ELECTRIC,2026-08-17 03:30:00-04:00,2026-08-17 03:44:59-04:00,581
ELECTRIC,2026-08-17 03:45:00-04:00,2026-08-17 03:59:59-04:00,200
ELECTRIC,2026-08-17 04:00:00-04:00,2026-08-17 04:14:59-04:00,576
ELECTRIC,2026-08-17 04:15:00-04:00,2026-08-17 04:29:59-04:00,218
ELECTRIC,2026-08-17 04:30:00-04:00,2026-08-17 04:44:59-04:00,227
ELECTRIC,2026-08-17 04:45:00-04:00,2026-08-17 04:59:59-04:00,339
ELECTRIC,2026-08-17 05:00:00-04:00,2026-08-17 05:14:59-04:00,450
ELECTRIC,2026-08-17 05:15:00-04:00,2026-08-17 05:29:59-04:00,253
ELECTRIC,2026-08-17 05:30:00-04:00,2026-08-17 05:44:59-04:00,737
ELECTRIC,2026-08-17 05:45:00-04:00,2026-08-17 05:59:59-04:00,777
ELECTRIC,2026-08-17 06:00:00-04:00,2026-08-17 06:14:59-04:00,480
ELECTRIC,2026-08-17 06:15:00-04:00,2026-08-17 06:29:59-04:00,578
ELECTRIC,2026-08-17 06:30:00-04:00,2026-08-17 06:44:59-04:00,286
ELECTRIC,2026-08-17 06:45:00-04:00,2026-08-17 06:59:59-04:00,586
ELECTRIC,2026-08-17 07:00:00-04:00,2026-08-17 07:14:59-04:00,812
ELECTRIC,2026-08-17 07:15:00-04:00,2026-08-17 07:29:59-04:00,436
ELECTRIC,2026-08-17 07:30:00-04:00,2026-08-17 07:44:59-04:00,503
ELECTRIC,2026-08-17 07:45:00-04:00,2026-08-17 07:59:59-04:00,757
ELECTRIC,2026-08-17 08:00:00-04:00,2026-08-17 08:14:59-04:00,582
ELECTRIC,2026-08-17 08:15:00-04:00,2026-08-17 08:29:59-04:00,267
ELECTRIC,2026-08-17 08:30:00-04:00,2026-08-17 08:44:59-04:00,431
ELECTRIC,2026-08-17 08:45:00-04:00,2026-08-17 08:59:59-04:00,167
ELECTRIC,2026-08-17 09:00:00-04:00,2026-08-17 09:14:59-04:00,131
ELECTRIC,2026-08-17 09:15:00-04:00,2026-08-17 09:29:59-04:00,128
ELECTRIC,2026-08-17 09:30:00-04:00,2026-08-17 09:44:59-04:00,103
ELECTRIC,2026-08-17 09:45:00-04:00,2026-08-17 09:59:59-04:00,34
ELECTRIC,2026-08-17 10:00:00-04:00,2026-08-17 10:14:59-04:00,0
ELECTRIC,2026-08-17 10:15:00-04:00,2026-08-17 10:29:59-04:00,0
ELECTRIC,2026-08-17 10:30:00-04:00,2026-08-17 10:44:59-04:00,224
ELECTRIC,2026-08-17 10:45:00-04:00,2026-08-17 10:59:59-04:00,23
ELECTRIC,2026-08-17 11:00:00-04:00,2026-08-17 11:14:59-04:00,1
ELECTRIC,2026-08-17 11:15:00-04:00,2026-08-17 11:29:59-04:00,58
ELECTRIC,2026-08-17 11:30:00-04:00,2026-08-17 11:44:59-04:00,141
ELECTRIC,2026-08-17 11:45:00-04:00,2026-08-17 11:59:59-04:00,0
ELECTRIC,2026-08-17 12:00:00-04:00,2026-08-17 12:14:59-04:00,8
ELECTRIC,2026-08-17 12:15:00-04:00,2026-08-17 12:29:59-04:00,0
ELECTRIC,2026-08-17 12:30:00-04:00,2026-08-17 12:44:59-04:00,0
ELECTRIC,2026-08-17 12:45:00-04:00,2026-08-17 12:59:59-04:00,0
ELECTRIC,2026-08-17 13:00:00-04:00,2026-08-17 13:14:59-04:00,0
ELECTRIC,2026-08-17 13:15:00-04:00,2026-08-17 13:29:59-04:00,0
ELECTRIC,2026-08-17 13:30:00-04:00,2026-08-17 13:44:59-04:00,0
ELECTRIC,2026-08-17 13:45:00-04:00,2026-08-17 13:59:59-04:00,0
ELECTRIC,2026-08-17 14:00:00-04:00,2026-08-17 14:14:59-04:00,0
ELECTRIC,2026-08-17 14:15:00-04:00,2026-08-17 14:29:59-04:00,0
ELECTRIC,2026-08-17 14:30:00-04:00,2026-08-17 14:44:59-04:00,0
ELECTRIC,2026-08-17 14:45:00-04:00,2026-08-17 14:59:59-04:00,0
ELECTRIC,2026-08-17 15:00:00-04:00,2026-08-17 15:14:59-04:00,0
ELECTRIC,2026-08-17 15:15:00-04:00,2026-08-17 15:29:59-04:00,0
ELECTRIC,2026-08-17 15:30:00-04:00,2026-08-17 15:44:59-04:00,0
ELECTRIC,2026-08-17 15:45:00-04:00,2026-08-17 15:59:59-04:00,8
ELECTRIC,2026-08-17 16:00:00-04:00,2026-08-17 16:14:59-04:00,14
ELECTRIC,2026-08-17 16:15:00-04:00,2026-08-17 16:29:59-04:00,2
ELECTRIC,2026-08-17 16:30:00-04:00,2026-08-17 16:44:59-04:00,396
ELECTRIC,2026-08-17 16:45:00-04:00,2026-08-17 16:59:59-04:00,1104
ELECTRIC,2026-08-17 17:00:00-04:00,2026-08-17 17:14:59-04:00,1043
ELECTRIC,2026-08-17 17:15:00-04:00,2026-08-17 17:29:59-04:00,352
ELECTRIC,2026-08-17 17:30:00-04:00,2026-08-17 17:44:59-04:00,362
ELECTRIC,2026-08-17 17:45:00-04:00,2026-08-17 17:59:59-04:00,352
ELECTRIC,2026-08-17 18:00:00-04:00,2026-08-17 18:14:59-04:00,687
ELECTRIC,2026-08-17 18:15:00-04:00,2026-08-17 18:29:59-04:00,964
ELECTRIC,2026-08-17 18:30:00-04:00,2026-08-17 18:44:59-04:00,735
ELECTRIC,2026-08-17 18:45:00-04:00,2026-08-17 18:59:59-04:00,946
ELECTRIC,2026-08-17 19:00:00-04:00,2026-08-17 19:14:59-04:00,1370
ELECTRIC,2026-08-17 19:15:00-04:00,2026-08-17 19:29:59-04:00,1210
ELECTRIC,2026-08-17 19:30:00-04:00,2026-08-17 19:44:59-04:00,848
ELECTRIC,2026-08-17 19:45:00-04:00,2026-08-17 19:59:59-04:00,861
ELECTRIC,2026-08-17 20:00:00-04:00,2026-08-17 20:14:59-04:00,839
ELECTRIC,2026-08-17 20:15:00-04:00,2026-08-17 20:29:59-04:00,839
ELECTRIC,2026-08-17 20:30:00-04:00,2026-08-17 20:44:59-04:00,857
ELECTRIC,2026-08-17 20:45:00-04:00,2026-08-17 20:59:59-04:00,857
ELECTRIC,2026-08-17 21:00:00-04:00,2026-08-17 21:14:59-04:00,860
ELECTRIC,2026-08-17 21:15:00-04:00,2026-08-17 21:29:59-04:00,856
ELECTRIC,2026-08-17 21:30:00-04:00,2026-08-17 21:44:59-04:00,875
ELECTRIC,2026-08-17 21:45:00-04:00,2026-08-17 21:59:59-04:00,872
ELECTRIC,2026-08-17 22:00:00-04:00,2026-08-17 22:14:59-04:00,868
ELECTRIC,2026-08-17 22:15:00-04:00,2026-08-17 22:29:59-04:00,859
ELECTRIC,2026-08-17 22:30:00-04:00,2026-08-17 22:44:59-04:00,861
ELECTRIC,2026-08-17 22:45:00-04:00,2026-08-17 22:59:59-04:00,613
ELECTRIC,2026-08-17 23:00:00-04:00,2026-08-17 23:14:59-04:00,759
ELECTRIC,2026-08-17 23:15:00-04:00,2026-08-17 23:29:59-04:00,857
ELECTRIC,2026-08-17 23:30:00-04:00,2026-08-17 23:44:59-04:00,815
ELECTRIC,2026-08-17 23:45:00-04:00,2026-08-17 23:59:59-04:00,290
ELECTRIC,2026-08-18 00:00:00-04:00,2026-08-18 00:14:59-04:00,618
ELECTRIC,2026-08-18 00:15:00-04:00,2026-08-18 00:29:59-04:00,461
ELECTRIC,2026-08-18 00:30:00-04:00,2026-08-18 00:44:59-04:00,841
ELECTRIC,2026-08-18 00:45:00-04:00,2026-08-18 00:59:59-04:00,818
ELECTRIC,2026-08-18 01:00:00-04:00,2026-08-18 01:14:59-04:00,820
ELECTRIC,2026-08-18 01:15:00-04:00,2026-08-18 01:29:59-04:00,801
ELECTRIC,2026-08-18 01:30:00-04:00,2026-08-18 01:44:59-04:00,393
ELECTRIC,2026-08-18 01:45:00-04:00,2026-08-18 01:59:59-04:00,579
ELECTRIC,2026-08-18 02:00:00-04:00,2026-08-18 02:14:59-04:00,238
ELECTRIC,2026-08-18 02:15:00-04:00,2026-08-18 02:29:59-04:00,810
ELECTRIC,2026-08-18 02:30:00-04:00,2026-08-18 02:44:59-04:00,809
ELECTRIC,2026-08-18 02:45:00-04:00,2026-08-18 02:59:59-04:00,557
ELECTRIC,2026-08-18 03:00:00-04:00,2026-08-18 03:14:59-04:00,299
ELECTRIC,2026-08-18 03:15:00-04:00,2026-08-18 03:29:59-04:00,451
ELECTRIC,2026-08-18 03:30:00-04:00,2026-08-18 03:44:59-04:00,380
ELECTRIC,2026-08-18 03:45:00-04:00,2026-08-18 03:59:59-04:00,721
ELECTRIC,2026-08-18 04:00:00-04:00,2026-08-18 04:14:59-04:00,656
ELECTRIC,2026-08-18 04:15:00-04:00,2026-08-18 04:29:59-04:00,353
ELECTRIC,2026-08-18 04:30:00-04:00,2026-08-18 04:44:59-04:00,282
ELECTRIC,2026-08-18 04:45:00-04:00,2026-08-18 04:59:59-04:00,586
ELECTRIC,2026-08-18 05:00:00-04:00,2026-08-18 05:14:59-04:00,290
ELECTRIC,2026-08-18 05:15:00-04:00,2026-08-18 05:29:59-04:00,805
ELECTRIC,2026-08-18 05:30:00-04:00,2026-08-18 05:44:59-04:00,813
ELECTRIC,2026-08-18 05:45:00-04:00,2026-08-18 05:59:59-04:00,812
ELECTRIC,2026-08-18 06:00:00-04:00,2026-08-18 06:14:59-04:00,559
ELECTRIC,2026-08-18 06:15:00-04:00,2026-08-18 06:29:59-04:00,367
ELECTRIC,2026-08-18 06:30:00-04:00,2026-08-18 06:44:59-04:00,423
ELECTRIC,2026-08-18 06:45:00-04:00,2026-08-18 06:59:59-04:00,452
ELECTRIC,2026-08-18 07:00:00-04:00,2026-08-18 07:14:59-04:00,876
ELECTRIC,2026-08-18 07:15:00-04:00,2026-08-18 07:29:59-04:00,830
ELECTRIC,2026-08-18 07:30:00-04:00,2026-08-18 07:44:59-04:00,409
ELECTRIC,2026-08-18 07:45:00-04:00,2026-08-18 07:59:59-04:00,422
ELECTRIC,2026-08-18 08:00:00-04:00,2026-08-18 08:14:59-04:00,714
ELECTRIC,2026-08-18 08:15:00-04:00,2026-08-18 08:29:59-04:00,755
ELECTRIC,2026-08-18 08:30:00-04:00,2026-08-18 08:44:59-04:00,347
ELECTRIC,2026-08-18 08:45:00-04:00,2026-08-18 08:59:59-04:00,444
ELECTRIC,2026-08-18 09:00:00-04:00,2026-08-18 09:14:59-04:00,132
ELECTRIC,2026-08-18 09:15:00-04:00,2026-08-18 09:29:59-04:00,151
ELECTRIC,2026-08-18 09:30:00-04:00,2026-08-18 09:44:59-04:00,424
ELECTRIC,2026-08-18 09:45:00-04:00,2026-08-18 09:59:59-04:00,168
ELECTRIC,2026-08-18 10:00:00-04:00,2026-08-18 10:14:59-04:00,205
ELECTRIC,2026-08-18 10:15:00-04:00,2026-08-18 10:29:59-04:00,164
ELECTRIC,2026-08-18 10:30:00-04:00,2026-08-18 10:44:59-04:00,133
ELECTRIC,2026-08-18 10:45:00-04:00,2026-08-18 10:59:59-04:00,0
ELECTRIC,2026-08-18 11:00:00-04:00,2026-08-18 11:14:59-04:00,0
ELECTRIC,2026-08-18 11:15:00-04:00,2026-08-18 11:29:59-04:00,1
ELECTRIC,2026-08-18 11:30:00-04:00,2026-08-18 11:44:59-04:00,0
ELECTRIC,2026-08-18 11:45:00-04:00,2026-08-18 11:59:59-04:00,0
ELECTRIC,2026-08-18 12:00:00-04:00,2026-08-18 12:14:59-04:00,0
ELECTRIC,2026-08-18 12:15:00-04:00,2026-08-18 12:29:59-04:00,0
ELECTRIC,2026-08-18 12:30:00-04:00,2026-08-18 12:44:59-04:00,0
ELECTRIC,2026-08-18 12:45:00-04:00,2026-08-18 12:59:59-04:00,0
ELECTRIC,2026-08-18 13:00:00-04:00,2026-08-18 13:14:59-04:00,0
ELECTRIC,2026-08-18 13:15:00-04:00,2026-08-18 13:29:59-04:00,0
ELECTRIC,2026-08-18 13:30:00-04:00,2026-08-18 13:44:59-04:00,0
ELECTRIC,2026-08-18 13:45:00-04:00,2026-08-18 13:59:59-04:00,0
ELECTRIC,2026-08-18 14:00:00-04:00,2026-08-18 14:14:59-04:00,0
ELECTRIC,2026-08-18 14:15:00-04:00,2026-08-18 14:29:59-04:00,1
ELECTRIC,2026-08-18 14:30:00-04:00,2026-08-18 14:44:59-04:00,0
ELECTRIC,2026-08-18 14:45:00-04:00,2026-08-18 14:59:59-04:00,0
ELECTRIC,2026-08-18 15:00:00-04:00,2026-08-18 15:14:59-04:00,0
ELECTRIC,2026-08-18 15:15:00-04:00,2026-08-18 15:29:59-04:00,0
ELECTRIC,2026-08-18 15:30:00-04:00,2026-08-18 15:44:59-04:00,2
ELECTRIC,2026-08-18 15:45:00-04:00,2026-08-18 15:59:59-04:00,44
ELECTRIC,2026-08-18 16:00:00-04:00,2026-08-18 16:14:59-04:00,29
ELECTRIC,2026-08-18 16:15:00-04:00,2026-08-18 16:29:59-04:00,24
ELECTRIC,2026-08-18 16:30:00-04:00,2026-08-18 16:44:59-04:00,57
ELECTRIC,2026-08-18 16:45:00-04:00,2026-08-18 16:59:59-04:00,243
ELECTRIC,2026-08-18 17:00:00-04:00,2026-08-18 17:14:59-04:00,321
ELECTRIC,2026-08-18 17:15:00-04:00,2026-08-18 17:29:59-04:00,207
ELECTRIC,2026-08-18 17:30:00-04:00,2026-08-18 17:44:59-04:00,262
ELECTRIC,2026-08-18 17:45:00-04:00,2026-08-18 17:59:59-04:00,323
ELECTRIC,2026-08-18 18:00:00-04:00,2026-08-18 18:14:59-04:00,352
ELECTRIC,2026-08-18 18:15:00-04:00,2026-08-18 18:29:59-04:00,418
ELECTRIC,2026-08-18 18:30:00-04:00,2026-08-18 18:44:59-04:00,470
ELECTRIC,2026-08-18 18:45:00-04:00,2026-08-18 18:59:59-04:00,495
ELECTRIC,2026-08-18 19:00:00-04:00,2026-08-18 19:14:59-04:00,634
ELECTRIC,2026-08-18 19:15:00-04:00,2026-08-18 19:29:59-04:00,754
ELECTRIC,2026-08-18 19:30:00-04:00,2026-08-18 19:44:59-04:00,796
ELECTRIC,2026-08-18 19:45:00-04:00,2026-08-18 19:59:59-04:00,818
ELECTRIC,2026-08-18 20:00:00-04:00,2026-08-18 20:14:59-04:00,842
ELECTRIC,2026-08-18 20:15:00-04:00,2026-08-18 20:29:59-04:00,955
ELECTRIC,2026-08-18 20:30:00-04:00,2026-08-18 20:44:59-04:00,1093
ELECTRIC,2026-08-18 20:45:00-04:00,2026-08-18 20:59:59-04:00,972
ELECTRIC,2026-08-18 21:00:00-04:00,2026-08-18 21:14:59-04:00,1249
ELECTRIC,2026-08-18 21:15:00-04:00,2026-08-18 21:29:59-04:00,1020
ELECTRIC,2026-08-18 21:30:00-04:00,2026-08-18 21:44:59-04:00,878
ELECTRIC,2026-08-18 21:45:00-04:00,2026-08-18 21:59:59-04:00,866
ELECTRIC,2026-08-18 22:00:00-04:00,2026-08-18 22:14:59-04:00,1112
ELECTRIC,2026-08-18 22:15:00-04:00,2026-08-18 22:29:59-04:00,856
ELECTRIC,2026-08-18 22:30:00-04:00,2026-08-18 22:44:59-04:00,843
ELECTRIC,2026-08-18 22:45:00-04:00,2026-08-18 22:59:59-04:00,835
ELECTRIC,2026-08-18 23:00:00-04:00,2026-08-18 23:14:59-04:00,849
ELECTRIC,2026-08-18 23:15:00-04:00,2026-08-18 23:29:59-04:00,652
ELECTRIC,2026-08-18 23:30:00-04:00,2026-08-18 23:44:59-04:00,321
ELECTRIC,2026-08-18 23:45:00-04:00,2026-08-18 23:59:59-04:00,749
ELECTRIC,2026-08-19 00:00:00-04:00,2026-08-19 00:14:59-04:00,675
ELECTRIC,2026-08-19 00:15:00-04:00,2026-08-19 00:29:59-04:00,311
ELECTRIC,2026-08-19 00:30:00-04:00,2026-08-19 00:44:59-04:00,786
ELECTRIC,2026-08-19 00:45:00-04:00,2026-08-19 00:59:59-04:00,817
ELECTRIC,2026-08-19 01:00:00-04:00,2026-08-19 01:14:59-04:00,387
ELECTRIC,2026-08-19 01:15:00-04:00,2026-08-19 01:29:59-04:00,409
ELECTRIC,2026-08-19 01:30:00-04:00,2026-08-19 01:44:59-04:00,798
ELECTRIC,2026-08-19 01:45:00-04:00,2026-08-19 01:59:59-04:00,643
ELECTRIC,2026-08-19 02:00:00-04:00,2026-08-19 02:14:59-04:00,236
ELECTRIC,2026-08-19 02:15:00-04:00,2026-08-19 02:29:59-04:00,609
ELECTRIC,2026-08-19 02:30:00-04:00,2026-08-19 02:44:59-04:00,685
ELECTRIC,2026-08-19 02:45:00-04:00,2026-08-19 02:59:59-04:00,603
ELECTRIC,2026-08-19 03:00:00-04:00,2026-08-19 03:14:59-04:00,199
ELECTRIC,2026-08-19 03:15:00-04:00,2026-08-19 03:29:59-04:00,515
ELECTRIC,2026-08-19 03:30:00-04:00,2026-08-19 03:44:59-04:00,646
ELECTRIC,2026-08-19 03:45:00-04:00,2026-08-19 03:59:59-04:00,578
ELECTRIC,2026-08-19 04:00:00-04:00,2026-08-19 04:14:59-04:00,185
ELECTRIC,2026-08-19 04:15:00-04:00,2026-08-19 04:29:59-04:00,456
ELECTRIC,2026-08-19 04:30:00-04:00,2026-08-19 04:44:59-04:00,619
ELECTRIC,2026-08-19 04:45:00-04:00,2026-08-19 04:59:59-04:00,590
ELECTRIC,2026-08-19 05:00:00-04:00,2026-08-19 05:14:59-04:00,210
ELECTRIC,2026-08-19 05:15:00-04:00,2026-08-19 05:29:59-04:00,356
ELECTRIC,2026-08-19 05:30:00-04:00,2026-08-19 05:44:59-04:00,769
ELECTRIC,2026-08-19 05:45:00-04:00,2026-08-19 05:59:59-04:00,744
ELECTRIC,2026-08-19 06:00:00-04:00,2026-08-19 06:14:59-04:00,384
ELECTRIC,2026-08-19 06:15:00-04:00,2026-08-19 06:29:59-04:00,558
ELECTRIC,2026-08-19 06:30:00-04:00,2026-08-19 06:44:59-04:00,430
ELECTRIC,2026-08-19 06:45:00-04:00,2026-08-19 06:59:59-04:00,731
ELECTRIC,2026-08-19 07:00:00-04:00,2026-08-19 07:14:59-04:00,220
ELECTRIC,2026-08-19 07:15:00-04:00,2026-08-19 07:29:59-04:00,661
ELECTRIC,2026-08-19 07:30:00-04:00,2026-08-19 07:44:59-04:00,475
ELECTRIC,2026-08-19 07:45:00-04:00,2026-08-19 07:59:59-04:00,586
ELECTRIC,2026-08-19 08:00:00-04:00,2026-08-19 08:14:59-04:00,195
ELECTRIC,2026-08-19 08:15:00-04:00,2026-08-19 08:29:59-04:00,197
ELECTRIC,2026-08-19 08:30:00-04:00,2026-08-19 08:44:59-04:00,187
ELECTRIC,2026-08-19 08:45:00-04:00,2026-08-19 08:59:59-04:00,178
ELECTRIC,2026-08-19 09:00:00-04:00,2026-08-19 09:14:59-04:00,163
ELECTRIC,2026-08-19 09:15:00-04:00,2026-08-19 09:29:59-04:00,214
ELECTRIC,2026-08-19 09:30:00-04:00,2026-08-19 09:44:59-04:00,152
ELECTRIC,2026-08-19 09:45:00-04:00,2026-08-19 09:59:59-04:00,128
ELECTRIC,2026-08-19 10:00:00-04:00,2026-08-19 10:14:59-04:00,0
ELECTRIC,2026-08-19 10:15:00-04:00,2026-08-19 10:29:59-04:00,41
ELECTRIC,2026-08-19 10:30:00-04:00,2026-08-19 10:44:59-04:00,190
ELECTRIC,2026-08-19 10:45:00-04:00,2026-08-19 10:59:59-04:00,0
ELECTRIC,2026-08-19 11:00:00-04:00,2026-08-19 11:14:59-04:00,0
ELECTRIC,2026-08-19 11:15:00-04:00,2026-08-19 11:29:59-04:00,0
ELECTRIC,2026-08-19 11:30:00-04:00,2026-08-19 11:44:59-04:00,0
ELECTRIC,2026-08-19 11:45:00-04:00,2026-08-19 11:59:59-04:00,0
ELECTRIC,2026-08-19 12:00:00-04:00,2026-08-19 12:14:59-04:00,8
ELECTRIC,2026-08-19 12:15:00-04:00,2026-08-19 12:29:59-04:00,0
ELECTRIC,2026-08-19 12:30:00-04:00,2026-08-19 12:44:59-04:00,0
ELECTRIC,2026-08-19 12:45:00-04:00,2026-08-19 12:59:59-04:00,46
ELECTRIC,2026-08-19 13:00:00-04:00,2026-08-19 13:14:59-04:00,32
ELECTRIC,2026-08-19 13:15:00-04:00,2026-08-19 13:29:59-04:00,18
ELECTRIC,2026-08-19 13:30:00-04:00,2026-08-19 13:44:59-04:00,0
ELECTRIC,2026-08-19 13:45:00-04:00,2026-08-19 13:59:59-04:00,0
ELECTRIC,2026-08-19 14:00:00-04:00,2026-08-19 14:14:59-04:00,0
ELECTRIC,2026-08-19 14:15:00-04:00,2026-08-19 14:29:59-04:00,0
ELECTRIC,2026-08-19 14:30:00-04:00,2026-08-19 14:44:59-04:00,0
ELECTRIC,2026-08-19 14:45:00-04:00,2026-08-19 14:59:59-04:00,0
ELECTRIC,2026-08-19 15:00:00-04:00,2026-08-19 15:14:59-04:00,0
ELECTRIC,2026-08-19 15:15:00-04:00,2026-08-19 15:29:59-04:00,242
ELECTRIC,2026-08-19 15:30:00-04:00,2026-08-19 15:44:59-04:00,107
ELECTRIC,2026-08-19 15:45:00-04:00,2026-08-19 15:59:59-04:00,217
ELECTRIC,2026-08-19 16:00:00-04:00,2026-08-19 16:14:59-04:00,544
ELECTRIC,2026-08-19 16:15:00-04:00,2026-08-19 16:29:59-04:00,671
ELECTRIC,2026-08-19 16:30:00-04:00,2026-08-19 16:44:59-04:00,632
ELECTRIC,2026-08-19 16:45:00-04:00,2026-08-19 16:59:59-04:00,348
ELECTRIC,2026-08-19 17:00:00-04:00,2026-08-19 17:14:59-04:00,730
ELECTRIC,2026-08-19 17:15:00-04:00,2026-08-19 17:29:59-04:00,735
ELECTRIC,2026-08-19 17:30:00-04:00,2026-08-19 17:44:59-04:00,382
ELECTRIC,2026-08-19 17:45:00-04:00,2026-08-19 17:59:59-04:00,647
ELECTRIC,2026-08-19 18:00:00-04:00,2026-08-19 18:14:59-04:00,669
ELECTRIC,2026-08-19 18:15:00-04:00,2026-08-19 18:29:59-04:00,729
ELECTRIC,2026-08-19 18:30:00-04:00,2026-08-19 18:44:59-04:00,792
ELECTRIC,2026-08-19 18:45:00-04:00,2026-08-19 18:59:59-04:00,822
ELECTRIC,2026-08-19 19:00:00-04:00,2026-08-19 19:14:59-04:00,824
ELECTRIC,2026-08-19 19:15:00-04:00,2026-08-19 19:29:59-04:00,1175
ELECTRIC,2026-08-19 19:30:00-04:00,2026-08-19 19:44:59-04:00,818
ELECTRIC,2026-08-19 19:45:00-04:00,2026-08-19 19:59:59-04:00,847
ELECTRIC,2026-08-19 20:00:00-04:00,2026-08-19 20:14:59-04:00,827
ELECTRIC,2026-08-19 20:15:00-04:00,2026-08-19 20:29:59-04:00,812
ELECTRIC,2026-08-19 20:30:00-04:00,2026-08-19 20:44:59-04:00,543
ELECTRIC,2026-08-19 20:45:00-04:00,2026-08-19 20:59:59-04:00,753
ELECTRIC,2026-08-19 21:00:00-04:00,2026-08-19 21:14:59-04:00,831
ELECTRIC,2026-08-19 21:15:00-04:00,2026-08-19 21:29:59-04:00,833
ELECTRIC,2026-08-19 21:30:00-04:00,2026-08-19 21:44:59-04:00,497
ELECTRIC,2026-08-19 21:45:00-04:00,2026-08-19 21:59:59-04:00,849
ELECTRIC,2026-08-19 22:00:00-04:00,2026-08-19 22:14:59-04:00,828
ELECTRIC,2026-08-19 22:15:00-04:00,2026-08-19 22:29:59-04:00,668
ELECTRIC,2026-08-19 22:30:00-04:00,2026-08-19 22:44:59-04:00,248
ELECTRIC,2026-08-19 22:45:00-04:00,2026-08-19 22:59:59-04:00,209
ELECTRIC,2026-08-19 23:00:00-04:00,2026-08-19 23:14:59-04:00,709
ELECTRIC,2026-08-19 23:15:00-04:00,2026-08-19 23:29:59-04:00,425
ELECTRIC,2026-08-19 23:30:00-04:00,2026-08-19 23:44:59-04:00,482
ELECTRIC,2026-08-19 23:45:00-04:00,2026-08-19 23:59:59-04:00,202
ELECTRIC,2026-08-20 00:00:00-04:00,2026-08-20 00:14:59-04:00,214
ELECTRIC,2026-08-20 00:15:00-04:00,2026-08-20 00:29:59-04:00,625
ELECTRIC,2026-08-20 00:30:00-04:00,2026-08-20 00:44:59-04:00,660
ELECTRIC,2026-08-20 00:45:00-04:00,2026-08-20 00:59:59-04:00,539
ELECTRIC,2026-08-20 01:00:00-04:00,2026-08-20 01:14:59-04:00,276
ELECTRIC,2026-08-20 01:15:00-04:00,2026-08-20 01:29:59-04:00,229
ELECTRIC,2026-08-20 01:30:00-04:00,2026-08-20 01:44:59-04:00,598
ELECTRIC,2026-08-20 01:45:00-04:00,2026-08-20 01:59:59-04:00,183
ELECTRIC,2026-08-20 02:00:00-04:00,2026-08-20 02:14:59-04:00,280
ELECTRIC,2026-08-20 02:15:00-04:00,2026-08-20 02:29:59-04:00,789
ELECTRIC,2026-08-20 02:30:00-04:00,2026-08-20 02:44:59-04:00,513
ELECTRIC,2026-08-20 02:45:00-04:00,2026-08-20 02:59:59-04:00,509
ELECTRIC,2026-08-20 03:00:00-04:00,2026-08-20 03:14:59-04:00,201
ELECTRIC,2026-08-20 03:15:00-04:00,2026-08-20 03:29:59-04:00,224
ELECTRIC,2026-08-20 03:30:00-04:00,2026-08-20 03:44:59-04:00,581
ELECTRIC,2026-08-20 03:45:00-04:00,2026-08-20 03:59:59-04:00,245
ELECTRIC,2026-08-20 04:00:00-04:00,2026-08-20 04:14:59-04:00,192
ELECTRIC,2026-08-20 04:15:00-04:00,2026-08-20 04:29:59-04:00,712
ELECTRIC,2026-08-20 04:30:00-04:00,2026-08-20 04:44:59-04:00,455
ELECTRIC,2026-08-20 04:45:00-04:00,2026-08-20 04:59:59-04:00,439
ELECTRIC,2026-08-20 05:00:00-04:00,2026-08-20 05:14:59-04:00,210
ELECTRIC,2026-08-20 05:15:00-04:00,2026-08-20 05:29:59-04:00,423
ELECTRIC,2026-08-20 05:30:00-04:00,2026-08-20 05:44:59-04:00,784
ELECTRIC,2026-08-20 05:45:00-04:00,2026-08-20 05:59:59-04:00,781
ELECTRIC,2026-08-20 06:00:00-04:00,2026-08-20 06:14:59-04:00,336
ELECTRIC,2026-08-20 06:15:00-04:00,2026-08-20 06:29:59-04:00,495
ELECTRIC,2026-08-20 06:30:00-04:00,2026-08-20 06:44:59-04:00,299
ELECTRIC,2026-08-20 06:45:00-04:00,2026-08-20 06:59:59-04:00,757
ELECTRIC,2026-08-20 07:00:00-04:00,2026-08-20 07:14:59-04:00,546
ELECTRIC,2026-08-20 07:15:00-04:00,2026-08-20 07:29:59-04:00,299
ELECTRIC,2026-08-20 07:30:00-04:00,2026-08-20 07:44:59-04:00,382
ELECTRIC,2026-08-20 07:45:00-04:00,2026-08-20 07:59:59-04:00,382
ELECTRIC,2026-08-20 08:00:00-04:00,2026-08-20 08:14:59-04:00,162
ELECTRIC,2026-08-20 08:15:00-04:00,2026-08-20 08:29:59-04:00,203
ELECTRIC,2026-08-20 08:30:00-04:00,2026-08-20 08:44:59-04:00,164
ELECTRIC,2026-08-20 08:45:00-04:00,2026-08-20 08:59:59-04:00,139
ELECTRIC,2026-08-20 09:00:00-04:00,2026-08-20 09:14:59-04:00,127
ELECTRIC,2026-08-20 09:15:00-04:00,2026-08-20 09:29:59-04:00,163
ELECTRIC,2026-08-20 09:30:00-04:00,2026-08-20 09:44:59-04:00,127
ELECTRIC,2026-08-20 09:45:00-04:00,2026-08-20 09:59:59-04:00,72
ELECTRIC,2026-08-20 10:00:00-04:00,2026-08-20 10:14:59-04:00,2
ELECTRIC,2026-08-20 10:15:00-04:00,2026-08-20 10:29:59-04:00,115
ELECTRIC,2026-08-20 10:30:00-04:00,2026-08-20 10:44:59-04:00,233
ELECTRIC,2026-08-20 10:45:00-04:00,2026-08-20 10:59:59-04:00,122
ELECTRIC,2026-08-20 11:00:00-04:00,2026-08-20 11:14:59-04:00,29
ELECTRIC,2026-08-20 11:15:00-04:00,2026-08-20 11:29:59-04:00,32
ELECTRIC,2026-08-20 11:30:00-04:00,2026-08-20 11:44:59-04:00,4
ELECTRIC,2026-08-20 11:45:00-04:00,2026-08-20 11:59:59-04:00,0
ELECTRIC,2026-08-20 12:00:00-04:00,2026-08-20 12:14:59-04:00,0
ELECTRIC,2026-08-20 12:15:00-04:00,2026-08-20 12:29:59-04:00,0
ELECTRIC,2026-08-20 12:30:00-04:00,2026-08-20 12:44:59-04:00,0
ELECTRIC,2026-08-20 12:45:00-04:00,2026-08-20 12:59:59-04:00,0
ELECTRIC,2026-08-20 13:00:00-04:00,2026-08-20 13:14:59-04:00,0
ELECTRIC,2026-08-20 13:15:00-04:00,2026-08-20 13:29:59-04:00,0
ELECTRIC,2026-08-20 13:30:00-04:00,2026-08-20 13:44:59-04:00,329
ELECTRIC,2026-08-20 13:45:00-04:00,2026-08-20 13:59:59-04:00,716
ELECTRIC,2026-08-20 14:00:00-04:00,2026-08-20 14:14:59-04:00,723
ELECTRIC,2026-08-20 14:15:00-04:00,2026-08-20 14:29:59-04:00,705
ELECTRIC,2026-08-20 14:30:00-04:00,2026-08-20 14:44:59-04:00,656
ELECTRIC,2026-08-20 14:45:00-04:00,2026-08-20 14:59:59-04:00,493
ELECTRIC,2026-08-20 15:00:00-04:00,2026-08-20 15:14:59-04:00,10
ELECTRIC,2026-08-20 15:15:00-04:00,2026-08-20 15:29:59-04:00,0
ELECTRIC,2026-08-20 15:30:00-04:00,2026-08-20 15:44:59-04:00,0
ELECTRIC,2026-08-20 15:45:00-04:00,2026-08-20 15:59:59-04:00,0
ELECTRIC,2026-08-20 16:00:00-04:00,2026-08-20 16:14:59-04:00,0
ELECTRIC,2026-08-20 16:15:00-04:00,2026-08-20 16:29:59-04:00,3
ELECTRIC,2026-08-20 16:30:00-04:00,2026-08-20 16:44:59-04:00,46
ELECTRIC,2026-08-20 16:45:00-04:00,2026-08-20 16:59:59-04:00,94
ELECTRIC,2026-08-20 17:00:00-04:00,2026-08-20 17:14:59-04:00,160
ELECTRIC,2026-08-20 17:15:00-04:00,2026-08-20 17:29:59-04:00,210
ELECTRIC,2026-08-20 17:30:00-04:00,2026-08-20 17:44:59-04:00,254
ELECTRIC,2026-08-20 17:45:00-04:00,2026-08-20 17:59:59-04:00,313
ELECTRIC,2026-08-20 18:00:00-04:00,2026-08-20 18:14:59-04:00,365
ELECTRIC,2026-08-20 18:15:00-04:00,2026-08-20 18:29:59-04:00,399
ELECTRIC,2026-08-20 18:30:00-04:00,2026-08-20 18:44:59-04:00,461
ELECTRIC,2026-08-20 18:45:00-04:00,2026-08-20 18:59:59-04:00,516
ELECTRIC,2026-08-20 19:00:00-04:00,2026-08-20 19:14:59-04:00,660
ELECTRIC,2026-08-20 19:15:00-04:00,2026-08-20 19:29:59-04:00,796
ELECTRIC,2026-08-20 19:30:00-04:00,2026-08-20 19:44:59-04:00,849
ELECTRIC,2026-08-20 19:45:00-04:00,2026-08-20 19:59:59-04:00,860
ELECTRIC,2026-08-20 20:00:00-04:00,2026-08-20 20:14:59-04:00,901
ELECTRIC,2026-08-20 20:15:00-04:00,2026-08-20 20:29:59-04:00,1731
ELECTRIC,2026-08-20 20:30:00-04:00,2026-08-20 20:44:59-04:00,1433
ELECTRIC,2026-08-20 20:45:00-04:00,2026-08-20 20:59:59-04:00,1076
ELECTRIC,2026-08-20 21:00:00-04:00,2026-08-20 21:14:59-04:00,880
ELECTRIC,2026-08-20 21:15:00-04:00,2026-08-20 21:29:59-04:00,834
ELECTRIC,2026-08-20 21:30:00-04:00,2026-08-20 21:44:59-04:00,848
ELECTRIC,2026-08-20 21:45:00-04:00,2026-08-20 21:59:59-04:00,831
ELECTRIC,2026-08-20 22:00:00-04:00,2026-08-20 22:14:59-04:00,837
ELECTRIC,2026-08-20 22:15:00-04:00,2026-08-20 22:29:59-04:00,857
ELECTRIC,2026-08-20 22:30:00-04:00,2026-08-20 22:44:59-04:00,528
ELECTRIC,2026-08-20 22:45:00-04:00,2026-08-20 22:59:59-04:00,646
ELECTRIC,2026-08-20 23:00:00-04:00,2026-08-20 23:14:59-04:00,387
ELECTRIC,2026-08-20 23:15:00-04:00,2026-08-20 23:29:59-04:00,459
ELECTRIC,2026-08-20 23:30:00-04:00,2026-08-20 23:44:59-04:00,475
ELECTRIC,2026-08-20 23:45:00-04:00,2026-08-20 23:59:59-04:00,709
ELECTRIC,2026-08-21 00:00:00-04:00,2026-08-21 00:14:59-04:00,653
ELECTRIC,2026-08-21 00:15:00-04:00,2026-08-21 00:29:59-04:00,616
ELECTRIC,2026-08-21 00:30:00-04:00,2026-08-21 00:44:59-04:00,726
ELECTRIC,2026-08-21 00:45:00-04:00,2026-08-21 00:59:59-04:00,247
ELECTRIC,2026-08-21 01:00:00-04:00,2026-08-21 01:14:59-04:00,807
ELECTRIC,2026-08-21 01:15:00-04:00,2026-08-21 01:29:59-04:00,688
ELECTRIC,2026-08-21 01:30:00-04:00,2026-08-21 01:44:59-04:00,355
ELECTRIC,2026-08-21 01:45:00-04:00,2026-08-21 01:59:59-04:00,384
ELECTRIC,2026-08-21 02:00:00-04:00,2026-08-21 02:14:59-04:00,787
ELECTRIC,2026-08-21 02:15:00-04:00,2026-08-21 02:29:59-04:00,485
ELECTRIC,2026-08-21 02:30:00-04:00,2026-08-21 02:44:59-04:00,296
ELECTRIC,2026-08-21 02:45:00-04:00,2026-08-21 02:59:59-04:00,176
ELECTRIC,2026-08-21 03:00:00-04:00,2026-08-21 03:14:59-04:00,777
ELECTRIC,2026-08-21 03:15:00-04:00,2026-08-21 03:29:59-04:00,421
ELECTRIC,2026-08-21 03:30:00-04:00,2026-08-21 03:44:59-04:00,522
ELECTRIC,2026-08-21 03:45:00-04:00,2026-08-21 03:59:59-04:00,211
ELECTRIC,2026-08-21 04:00:00-04:00,2026-08-21 04:14:59-04:00,580
ELECTRIC,2026-08-21 04:15:00-04:00,2026-08-21 04:29:59-04:00,554
ELECTRIC,2026-08-21 04:30:00-04:00,2026-08-21 04:44:59-04:00,528
ELECTRIC,2026-08-21 04:45:00-04:00,2026-08-21 04:59:59-04:00,231
ELECTRIC,2026-08-21 05:00:00-04:00,2026-08-21 05:14:59-04:00,179
ELECTRIC,2026-08-21 05:15:00-04:00,2026-08-21 05:29:59-04:00,746
ELECTRIC,2026-08-21 05:30:00-04:00,2026-08-21 05:44:59-04:00,776
ELECTRIC,2026-08-21 05:45:00-04:00,2026-08-21 05:59:59-04:00,648
ELECTRIC,2026-08-21 06:00:00-04:00,2026-08-21 06:14:59-04:00,258
ELECTRIC,2026-08-21 06:15:00-04:00,2026-08-21 06:29:59-04:00,634
ELECTRIC,2026-08-21 06:30:00-04:00,2026-08-21 06:44:59-04:00,638
ELECTRIC,2026-08-21 06:45:00-04:00,2026-08-21 06:59:59-04:00,512
ELECTRIC,2026-08-21 07:00:00-04:00,2026-08-21 07:14:59-04:00,341
ELECTRIC,2026-08-21 07:15:00-04:00,2026-08-21 07:29:59-04:00,719
ELECTRIC,2026-08-21 07:30:00-04:00,2026-08-21 07:44:59-04:00,547
ELECTRIC,2026-08-21 07:45:00-04:00,2026-08-21 07:59:59-04:00,533
ELECTRIC,2026-08-21 08:00:00-04:00,2026-08-21 08:14:59-04:00,327
ELECTRIC,2026-08-21 08:15:00-04:00,2026-08-21 08:29:59-04:00,464
ELECTRIC,2026-08-21 08:30:00-04:00,2026-08-21 08:44:59-04:00,671
ELECTRIC,2026-08-21 08:45:00-04:00,2026-08-21 08:59:59-04:00,534
ELECTRIC,2026-08-21 09:00:00-04:00,2026-08-21 09:14:59-04:00,147
ELECTRIC,2026-08-21 09:15:00-04:00,2026-08-21 09:29:59-04:00,448
ELECTRIC,2026-08-21 09:30:00-04:00,2026-08-21 09:44:59-04:00,65
ELECTRIC,2026-08-21 09:45:00-04:00,2026-08-21 09:59:59-04:00,329
ELECTRIC,2026-08-21 10:00:00-04:00,2026-08-21 10:14:59-04:00,0
ELECTRIC,2026-08-21 10:15:00-04:00,2026-08-21 10:29:59-04:00,195
ELECTRIC,2026-08-21 10:30:00-04:00,2026-08-21 10:44:59-04:00,130
ELECTRIC,2026-08-21 10:45:00-04:00,2026-08-21 10:59:59-04:00,50
ELECTRIC,2026-08-21 11:00:00-04:00,2026-08-21 11:14:59-04:00,40
ELECTRIC,2026-08-21 11:15:00-04:00,2026-08-21 11:29:59-04:00,0
ELECTRIC,2026-08-21 11:30:00-04:00,2026-08-21 11:44:59-04:00,0
ELECTRIC,2026-08-21 11:45:00-04:00,2026-08-21 11:59:59-04:00,34
ELECTRIC,2026-08-21 12:00:00-04:00,2026-08-21 12:14:59-04:00,208
ELECTRIC,2026-08-21 12:15:00-04:00,2026-08-21 12:29:59-04:00,141
ELECTRIC,2026-08-21 12:30:00-04:00,2026-08-21 12:44:59-04:00,249
ELECTRIC,2026-08-21 12:45:00-04:00,2026-08-21 12:59:59-04:00,77
ELECTRIC,2026-08-21 13:00:00-04:00,2026-08-21 13:14:59-04:00,7
ELECTRIC,2026-08-21 13:15:00-04:00,2026-08-21 13:29:59-04:00,0
ELECTRIC,2026-08-21 13:30:00-04:00,2026-08-21 13:44:59-04:00,12
ELECTRIC,2026-08-21 13:45:00-04:00,2026-08-21 13:59:59-04:00,34
ELECTRIC,2026-08-21 14:00:00-04:00,2026-08-21 14:14:59-04:00,6
ELECTRIC,2026-08-21 14:15:00-04:00,2026-08-21 14:29:59-04:00,44
ELECTRIC,2026-08-21 14:30:00-04:00,2026-08-21 14:44:59-04:00,601
ELECTRIC,2026-08-21 14:45:00-04:00,2026-08-21 14:59:59-04:00,724
ELECTRIC,2026-08-21 15:00:00-04:00,2026-08-21 15:14:59-04:00,404
ELECTRIC,2026-08-21 15:15:00-04:00,2026-08-21 15:29:59-04:00,0
ELECTRIC,2026-08-21 15:30:00-04:00,2026-08-21 15:44:59-04:00,67
ELECTRIC,2026-08-21 15:45:00-04:00,2026-08-21 15:59:59-04:00,0
ELECTRIC,2026-08-21 16:00:00-04:00,2026-08-21 16:14:59-04:00,0
ELECTRIC,2026-08-21 16:15:00-04:00,2026-08-21 16:29:59-04:00,0
ELECTRIC,2026-08-21 16:30:00-04:00,2026-08-21 16:44:59-04:00,7
ELECTRIC,2026-08-21 16:45:00-04:00,2026-08-21 16:59:59-04:00,18
ELECTRIC,2026-08-21 17:00:00-04:00,2026-08-21 17:14:59-04:00,141
ELECTRIC,2026-08-21 17:15:00-04:00,2026-08-21 17:29:59-04:00,248
ELECTRIC,2026-08-21 17:30:00-04:00,2026-08-21 17:44:59-04:00,555
ELECTRIC,2026-08-21 17:45:00-04:00,2026-08-21 17:59:59-04:00,370
ELECTRIC,2026-08-21 18:00:00-04:00,2026-08-21 18:14:59-04:00,408
ELECTRIC,2026-08-21 18:15:00-04:00,2026-08-21 18:29:59-04:00,615
ELECTRIC,2026-08-21 18:30:00-04:00,2026-08-21 18:44:59-04:00,575
ELECTRIC,2026-08-21 18:45:00-04:00,2026-08-21 18:59:59-04:00,770
ELECTRIC,2026-08-21 19:00:00-04:00,2026-08-21 19:14:59-04:00,812
ELECTRIC,2026-08-21 19:15:00-04:00,2026-08-21 19:29:59-04:00,821
ELECTRIC,2026-08-21 19:30:00-04:00,2026-08-21 19:44:59-04:00,831
ELECTRIC,2026-08-21 19:45:00-04:00,2026-08-21 19:59:59-04:00,860
ELECTRIC,2026-08-21 20:00:00-04:00,2026-08-21 20:14:59-04:00,343
ELECTRIC,2026-08-21 20:15:00-04:00,2026-08-21 20:29:59-04:00,511
ELECTRIC,2026-08-21 20:30:00-04:00,2026-08-21 20:44:59-04:00,644
ELECTRIC,2026-08-21 20:45:00-04:00,2026-08-21 20:59:59-04:00,521
ELECTRIC,2026-08-21 21:00:00-04:00,2026-08-21 21:14:59-04:00,394
ELECTRIC,2026-08-21 21:15:00-04:00,2026-08-21 21:29:59-04:00,627
ELECTRIC,2026-08-21 21:30:00-04:00,2026-08-21 21:44:59-04:00,447
ELECTRIC,2026-08-21 21:45:00-04:00,2026-08-21 21:59:59-04:00,822
ELECTRIC,2026-08-21 22:00:00-04:00,2026-08-21 22:14:59-04:00,816
ELECTRIC,2026-08-21 22:15:00-04:00,2026-08-21 22:29:59-04:00,811
ELECTRIC,2026-08-21 22:30:00-04:00,2026-08-21 22:44:59-04:00,257
ELECTRIC,2026-08-21 22:45:00-04:00,2026-08-21 22:59:59-04:00,480
ELECTRIC,2026-08-21 23:00:00-04:00,2026-08-21 23:14:59-04:00,371
ELECTRIC,2026-08-21 23:15:00-04:00,2026-08-21 23:29:59-04:00,325
ELECTRIC,2026-08-21 23:30:00-04:00,2026-08-21 23:44:59-04:00,792
ELECTRIC,2026-08-21 23:45:00-04:00,2026-08-21 23:59:59-04:00,335
ELECTRIC,2026-08-22 00:00:00-04:00,2026-08-22 00:14:59-04:00,317
ELECTRIC,2026-08-22 00:15:00-04:00,2026-08-22 00:29:59-04:00,619
ELECTRIC,2026-08-22 00:30:00-04:00,2026-08-22 00:44:59-04:00,208
ELECTRIC,2026-08-22 00:45:00-04:00,2026-08-22 00:59:59-04:00,244
ELECTRIC,2026-08-22 01:00:00-04:00,2026-08-22 01:14:59-04:00,556
ELECTRIC,2026-08-22 01:15:00-04:00,2026-08-22 01:29:59-04:00,190
ELECTRIC,2026-08-22 01:30:00-04:00,2026-08-22 01:44:59-04:00,401
ELECTRIC,2026-08-22 01:45:00-04:00,2026-08-22 01:59:59-04:00,514
ELECTRIC,2026-08-22 02:00:00-04:00,2026-08-22 02:14:59-04:00,185
ELECTRIC,2026-08-22 02:15:00-04:00,2026-08-22 02:29:59-04:00,742
ELECTRIC,2026-08-22 02:30:00-04:00,2026-08-22 02:44:59-04:00,271
ELECTRIC,2026-08-22 02:45:00-04:00,2026-08-22 02:59:59-04:00,162
ELECTRIC,2026-08-22 03:00:00-04:00,2026-08-22 03:14:59-04:00,573
ELECTRIC,2026-08-22 03:15:00-04:00,2026-08-22 03:29:59-04:00,206
ELECTRIC,2026-08-22 03:30:00-04:00,2026-08-22 03:44:59-04:00,201
ELECTRIC,2026-08-22 03:45:00-04:00,2026-08-22 03:59:59-04:00,360
ELECTRIC,2026-08-22 04:00:00-04:00,2026-08-22 04:14:59-04:00,486
ELECTRIC,2026-08-22 04:15:00-04:00,2026-08-22 04:29:59-04:00,465
ELECTRIC,2026-08-22 04:30:00-04:00,2026-08-22 04:44:59-04:00,260
ELECTRIC,2026-08-22 04:45:00-04:00,2026-08-22 04:59:59-04:00,169
ELECTRIC,2026-08-22 05:00:00-04:00,2026-08-22 05:14:59-04:00,190
ELECTRIC,2026-08-22 05:15:00-04:00,2026-08-22 05:29:59-04:00,503
ELECTRIC,2026-08-22 05:30:00-04:00,2026-08-22 05:44:59-04:00,439
ELECTRIC,2026-08-22 05:45:00-04:00,2026-08-22 05:59:59-04:00,195
ELECTRIC,2026-08-22 06:00:00-04:00,2026-08-22 06:14:59-04:00,189
ELECTRIC,2026-08-22 06:15:00-04:00,2026-08-22 06:29:59-04:00,572
ELECTRIC,2026-08-22 06:30:00-04:00,2026-08-22 06:44:59-04:00,491
ELECTRIC,2026-08-22 06:45:00-04:00,2026-08-22 06:59:59-04:00,586
ELECTRIC,2026-08-22 07:00:00-04:00,2026-08-22 07:14:59-04:00,484
ELECTRIC,2026-08-22 07:15:00-04:00,2026-08-22 07:29:59-04:00,177
ELECTRIC,2026-08-22 07:30:00-04:00,2026-08-22 07:44:59-04:00,668
ELECTRIC,2026-08-22 07:45:00-04:00,2026-08-22 07:59:59-04:00,281
ELECTRIC,2026-08-22 08:00:00-04:00,2026-08-22 08:14:59-04:00,425
ELECTRIC,2026-08-22 08:15:00-04:00,2026-08-22 08:29:59-04:00,104
ELECTRIC,2026-08-22 08:30:00-04:00,2026-08-22 08:44:59-04:00,9
ELECTRIC,2026-08-22 08:45:00-04:00,2026-08-22 08:59:59-04:00,343
ELECTRIC,2026-08-22 09:00:00-04:00,2026-08-22 09:14:59-04:00,2
ELECTRIC,2026-08-22 09:15:00-04:00,2026-08-22 09:29:59-04:00,3
ELECTRIC,2026-08-22 09:30:00-04:00,2026-08-22 09:44:59-04:00,19
ELECTRIC,2026-08-22 09:45:00-04:00,2026-08-22 09:59:59-04:00,315
ELECTRIC,2026-08-22 10:00:00-04:00,2026-08-22 10:14:59-04:00,432
ELECTRIC,2026-08-22 10:15:00-04:00,2026-08-22 10:29:59-04:00,44
ELECTRIC,2026-08-22 10:30:00-04:00,2026-08-22 10:44:59-04:00,209
ELECTRIC,2026-08-22 10:45:00-04:00,2026-08-22 10:59:59-04:00,4
ELECTRIC,2026-08-22 11:00:00-04:00,2026-08-22 11:14:59-04:00,0
ELECTRIC,2026-08-22 11:15:00-04:00,2026-08-22 11:29:59-04:00,0
ELECTRIC,2026-08-22 11:30:00-04:00,2026-08-22 11:44:59-04:00,0
ELECTRIC,2026-08-22 11:45:00-04:00,2026-08-22 11:59:59-04:00,0
ELECTRIC,2026-08-22 12:00:00-04:00,2026-08-22 12:14:59-04:00,0
ELECTRIC,2026-08-22 12:15:00-04:00,2026-08-22 12:29:59-04:00,0
ELECTRIC,2026-08-22 12:30:00-04:00,2026-08-22 12:44:59-04:00,0
ELECTRIC,2026-08-22 12:45:00-04:00,2026-08-22 12:59:59-04:00,0
ELECTRIC,2026-08-22 13:00:00-04:00,2026-08-22 13:14:59-04:00,0
ELECTRIC,2026-08-22 13:15:00-04:00,2026-08-22 13:29:59-04:00,0
ELECTRIC,2026-08-22 13:30:00-04:00,2026-08-22 13:44:59-04:00,0
ELECTRIC,2026-08-22 13:45:00-04:00,2026-08-22 13:59:59-04:00,0
ELECTRIC,2026-08-22 14:00:00-04:00,2026-08-22 14:14:59-04:00,0
ELECTRIC,2026-08-22 14:15:00-04:00,2026-08-22 14:29:59-04:00,0
ELECTRIC,2026-08-22 14:30:00-04:00,2026-08-22 14:44:59-04:00,0
ELECTRIC,2026-08-22 14:45:00-04:00,2026-08-22 14:59:59-04:00,104
ELECTRIC,2026-08-22 15:00:00-04:00,2026-08-22 15:14:59-04:00,80
ELECTRIC,2026-08-22 15:15:00-04:00,2026-08-22 15:29:59-04:00,431
ELECTRIC,2026-08-22 15:30:00-04:00,2026-08-22 15:44:59-04:00,675
ELECTRIC,2026-08-22 15:45:00-04:00,2026-08-22 15:59:59-04:00,549
ELECTRIC,2026-08-22 16:00:00-04:00,2026-08-22 16:14:59-04:00,558
ELECTRIC,2026-08-22 16:15:00-04:00,2026-08-22 16:29:59-04:00,274
ELECTRIC,2026-08-22 16:30:00-04:00,2026-08-22 16:44:59-04:00,228
ELECTRIC,2026-08-22 16:45:00-04:00,2026-08-22 16:59:59-04:00,136
ELECTRIC,2026-08-22 17:00:00-04:00,2026-08-22 17:14:59-04:00,338
ELECTRIC,2026-08-22 17:15:00-04:00,2026-08-22 17:29:59-04:00,752
ELECTRIC,2026-08-22 17:30:00-04:00,2026-08-22 17:44:59-04:00,755
ELECTRIC,2026-08-22 17:45:00-04:00,2026-08-22 17:59:59-04:00,761
ELECTRIC,2026-08-22 18:00:00-04:00,2026-08-22 18:14:59-04:00,724
ELECTRIC,2026-08-22 18:15:00-04:00,2026-08-22 18:29:59-04:00,540
ELECTRIC,2026-08-22 18:30:00-04:00,2026-08-22 18:44:59-04:00,46
ELECTRIC,2026-08-22 18:45:00-04:00,2026-08-22 18:59:59-04:00,518
ELECTRIC,2026-08-22 19:00:00-04:00,2026-08-22 19:14:59-04:00,570
ELECTRIC,2026-08-22 19:15:00-04:00,2026-08-22 19:29:59-04:00,532
ELECTRIC,2026-08-22 19:30:00-04:00,2026-08-22 19:44:59-04:00,184
ELECTRIC,2026-08-22 19:45:00-04:00,2026-08-22 19:59:59-04:00,441
ELECTRIC,2026-08-22 20:00:00-04:00,2026-08-22 20:14:59-04:00,791
ELECTRIC,2026-08-22 20:15:00-04:00,2026-08-22 20:29:59-04:00,784
ELECTRIC,2026-08-22 20:30:00-04:00,2026-08-22 20:44:59-04:00,525
ELECTRIC,2026-08-22 20:45:00-04:00,2026-08-22 20:59:59-04:00,631
ELECTRIC,2026-08-22 21:00:00-04:00,2026-08-22 21:14:59-04:00,279
ELECTRIC,2026-08-22 21:15:00-04:00,2026-08-22 21:29:59-04:00,771
ELECTRIC,2026-08-22 21:30:00-04:00,2026-08-22 21:44:59-04:00,716
ELECTRIC,2026-08-22 21:45:00-04:00,2026-08-22 21:59:59-04:00,452
ELECTRIC,2026-08-22 22:00:00-04:00,2026-08-22 22:14:59-04:00,358
ELECTRIC,2026-08-22 22:15:00-04:00,2026-08-22 22:29:59-04:00,382
ELECTRIC,2026-08-22 22:30:00-04:00,2026-08-22 22:44:59-04:00,456
ELECTRIC,2026-08-22 22:45:00-04:00,2026-08-22 22:59:59-04:00,205
ELECTRIC,2026-08-22 23:00:00-04:00,2026-08-22 23:14:59-04:00,229
ELECTRIC,2026-08-22 23:15:00-04:00,2026-08-22 23:29:59-04:00,280
ELECTRIC,2026-08-22 23:30:00-04:00,2026-08-22 23:44:59-04:00,608
ELECTRIC,2026-08-22 23:45:00-04:00,2026-08-22 23:59:59-04:00,203
ELECTRIC,2026-08-23 00:00:00-04:00,2026-08-23 00:14:59-04:00,192
ELECTRIC,2026-08-23 00:15:00-04:00,2026-08-23 00:29:59-04:00,580
ELECTRIC,2026-08-23 00:30:00-04:00,2026-08-23 00:44:59-04:00,226
ELECTRIC,2026-08-23 00:45:00-04:00,2026-08-23 00:59:59-04:00,389
ELECTRIC,2026-08-23 01:00:00-04:00,2026-08-23 01:14:59-04:00,362
ELECTRIC,2026-08-23 01:15:00-04:00,2026-08-23 01:29:59-04:00,203
ELECTRIC,2026-08-23 01:30:00-04:00,2026-08-23 01:44:59-04:00,201
ELECTRIC,2026-08-23 01:45:00-04:00,2026-08-23 01:59:59-04:00,185
ELECTRIC,2026-08-23 02:00:00-04:00,2026-08-23 02:14:59-04:00,553
ELECTRIC,2026-08-23 02:15:00-04:00,2026-08-23 02:29:59-04:00,196
ELECTRIC,2026-08-23 02:30:00-04:00,2026-08-23 02:44:59-04:00,187
ELECTRIC,2026-08-23 02:45:00-04:00,2026-08-23 02:59:59-04:00,205
ELECTRIC,2026-08-23 03:00:00-04:00,2026-08-23 03:14:59-04:00,264
ELECTRIC,2026-08-23 03:15:00-04:00,2026-08-23 03:29:59-04:00,488
ELECTRIC,2026-08-23 03:30:00-04:00,2026-08-23 03:44:59-04:00,183
ELECTRIC,2026-08-23 03:45:00-04:00,2026-08-23 03:59:59-04:00,441
ELECTRIC,2026-08-23 04:00:00-04:00,2026-08-23 04:14:59-04:00,462
ELECTRIC,2026-08-23 04:15:00-04:00,2026-08-23 04:29:59-04:00,199
ELECTRIC,2026-08-23 04:30:00-04:00,2026-08-23 04:44:59-04:00,159
ELECTRIC,2026-08-23 04:45:00-04:00,2026-08-23 04:59:59-04:00,429
ELECTRIC,2026-08-23 05:00:00-04:00,2026-08-23 05:14:59-04:00,353
ELECTRIC,2026-08-23 05:15:00-04:00,2026-08-23 05:29:59-04:00,238
ELECTRIC,2026-08-23 05:30:00-04:00,2026-08-23 05:44:59-04:00,189
ELECTRIC,2026-08-23 05:45:00-04:00,2026-08-23 05:59:59-04:00,185
ELECTRIC,2026-08-23 06:00:00-04:00,2026-08-23 06:14:59-04:00,554
ELECTRIC,2026-08-23 06:15:00-04:00,2026-08-23 06:29:59-04:00,214
ELECTRIC,2026-08-23 06:30:00-04:00,2026-08-23 06:44:59-04:00,518
ELECTRIC,2026-08-23 06:45:00-04:00,2026-08-23 06:59:59-04:00,749
ELECTRIC,2026-08-23 07:00:00-04:00,2026-08-23 07:14:59-04:00,364
ELECTRIC,2026-08-23 07:15:00-04:00,2026-08-23 07:29:59-04:00,472
ELECTRIC,2026-08-23 07:30:00-04:00,2026-08-23 07:44:59-04:00,198
ELECTRIC,2026-08-23 07:45:00-04:00,2026-08-23 07:59:59-04:00,422
ELECTRIC,2026-08-23 08:00:00-04:00,2026-08-23 08:14:59-04:00,272
ELECTRIC,2026-08-23 08:15:00-04:00,2026-08-23 08:29:59-04:00,264
ELECTRIC,2026-08-23 08:30:00-04:00,2026-08-23 08:44:59-04:00,261
ELECTRIC,2026-08-23 08:45:00-04:00,2026-08-23 08:59:59-04:00,58
ELECTRIC,2026-08-23 09:00:00-04:00,2026-08-23 09:14:59-04:00,33
ELECTRIC,2026-08-23 09:15:00-04:00,2026-08-23 09:29:59-04:00,89
ELECTRIC,2026-08-23 09:30:00-04:00,2026-08-23 09:44:59-04:00,46
ELECTRIC,2026-08-23 09:45:00-04:00,2026-08-23 09:59:59-04:00,18
ELECTRIC,2026-08-23 10:00:00-04:00,2026-08-23 10:14:59-04:00,0
ELECTRIC,2026-08-23 10:15:00-04:00,2026-08-23 10:29:59-04:00,111
ELECTRIC,2026-08-23 10:30:00-04:00,2026-08-23 10:44:59-04:00,197
ELECTRIC,2026-08-23 10:45:00-04:00,2026-08-23 10:59:59-04:00,72
ELECTRIC,2026-08-23 11:00:00-04:00,2026-08-23 11:14:59-04:00,6
ELECTRIC,2026-08-23 11:15:00-04:00,2026-08-23 11:29:59-04:00,0
ELECTRIC,2026-08-23 11:30:00-04:00,2026-08-23 11:44:59-04:00,0
ELECTRIC,2026-08-23 11:45:00-04:00,2026-08-23 11:59:59-04:00,0
ELECTRIC,2026-08-23 12:00:00-04:00,2026-08-23 12:14:59-04:00,1
ELECTRIC,2026-08-23 12:15:00-04:00,2026-08-23 12:29:59-04:00,13
ELECTRIC,2026-08-23 12:30:00-04:00,2026-08-23 12:44:59-04:00,26
ELECTRIC,2026-08-23 12:45:00-04:00,2026-08-23 12:59:59-04:00,66
ELECTRIC,2026-08-23 13:00:00-04:00,2026-08-23 13:14:59-04:00,327
ELECTRIC,2026-08-23 13:15:00-04:00,2026-08-23 13:29:59-04:00,42
ELECTRIC,2026-08-23 13:30:00-04:00,2026-08-23 13:44:59-04:00,121
ELECTRIC,2026-08-23 13:45:00-04:00,2026-08-23 13:59:59-04:00,147
ELECTRIC,2026-08-23 14:00:00-04:00,2026-08-23 14:14:59-04:00,0
ELECTRIC,2026-08-23 14:15:00-04:00,2026-08-23 14:29:59-04:00,0
ELECTRIC,2026-08-23 14:30:00-04:00,2026-08-23 14:44:59-04:00,262
ELECTRIC,2026-08-23 14:45:00-04:00,2026-08-23 14:59:59-04:00,11
ELECTRIC,2026-08-23 15:00:00-04:00,2026-08-23 15:14:59-04:00,68
ELECTRIC,2026-08-23 15:15:00-04:00,2026-08-23 15:29:59-04:00,294
ELECTRIC,2026-08-23 15:30:00-04:00,2026-08-23 15:44:59-04:00,41
ELECTRIC,2026-08-23 15:45:00-04:00,2026-08-23 15:59:59-04:00,0
ELECTRIC,2026-08-23 16:00:00-04:00,2026-08-23 16:14:59-04:00,37
ELECTRIC,2026-08-23 16:15:00-04:00,2026-08-23 16:29:59-04:00,705
ELECTRIC,2026-08-23 16:30:00-04:00,2026-08-23 16:44:59-04:00,619
ELECTRIC,2026-08-23 16:45:00-04:00,2026-08-23 16:59:59-04:00,529
ELECTRIC,2026-08-23 17:00:00-04:00,2026-08-23 17:14:59-04:00,287
ELECTRIC,2026-08-23 17:15:00-04:00,2026-08-23 17:29:59-04:00,170
ELECTRIC,2026-08-23 17:30:00-04:00,2026-08-23 17:44:59-04:00,207
ELECTRIC,2026-08-23 17:45:00-04:00,2026-08-23 17:59:59-04:00,256
ELECTRIC,2026-08-23 18:00:00-04:00,2026-08-23 18:14:59-04:00,312
ELECTRIC,2026-08-23 18:15:00-04:00,2026-08-23 18:29:59-04:00,404
ELECTRIC,2026-08-23 18:30:00-04:00,2026-08-23 18:44:59-04:00,476
ELECTRIC,2026-08-23 18:45:00-04:00,2026-08-23 18:59:59-04:00,516
ELECTRIC,2026-08-23 19:00:00-04:00,2026-08-23 19:14:59-04:00,668
ELECTRIC,2026-08-23 19:15:00-04:00,2026-08-23 19:29:59-04:00,778
ELECTRIC,2026-08-23 19:30:00-04:00,2026-08-23 19:44:59-04:00,822
ELECTRIC,2026-08-23 19:45:00-04:00,2026-08-23 19:59:59-04:00,844
ELECTRIC,2026-08-23 20:00:00-04:00,2026-08-23 20:14:59-04:00,799
ELECTRIC,2026-08-23 20:15:00-04:00,2026-08-23 20:29:59-04:00,781
ELECTRIC,2026-08-23 20:30:00-04:00,2026-08-23 20:44:59-04:00,814
ELECTRIC,2026-08-23 20:45:00-04:00,2026-08-23 20:59:59-04:00,818
ELECTRIC,2026-08-23 21:00:00-04:00,2026-08-23 21:14:59-04:00,839
ELECTRIC,2026-08-23 21:15:00-04:00,2026-08-23 21:29:59-04:00,812
ELECTRIC,2026-08-23 21:30:00-04:00,2026-08-23 21:44:59-04:00,880
ELECTRIC,2026-08-23 21:45:00-04:00,2026-08-23 21:59:59-04:00,868
ELECTRIC,2026-08-23 22:00:00-04:00,2026-08-23 22:14:59-04:00,837
ELECTRIC,2026-08-23 22:15:00-04:00,2026-08-23 22:29:59-04:00,585
ELECTRIC,2026-08-23 22:30:00-04:00,2026-08-23 22:44:59-04:00,288
ELECTRIC,2026-08-23 22:45:00-04:00,2026-08-23 22:59:59-04:00,550
ELECTRIC,2026-08-23 23:00:00-04:00,2026-08-23 23:14:59-04:00,233
ELECTRIC,2026-08-23 23:15:00-04:00,2026-08-23 23:29:59-04:00,634
ELECTRIC,2026-08-23 23:30:00-04:00,2026-08-23 23:44:59-04:00,587
ELECTRIC,2026-08-23 23:45:00-04:00,2026-08-23 23:59:59-04:00,529
ELECTRIC,2026-08-24 00:00:00-04:00,2026-08-24 00:14:59-04:00,608
ELECTRIC,2026-08-24 00:15:00-04:00,2026-08-24 00:29:59-04:00,251
ELECTRIC,2026-08-24 00:30:00-04:00,2026-08-24 00:44:59-04:00,206
ELECTRIC,2026-08-24 00:45:00-04:00,2026-08-24 00:59:59-04:00,586
ELECTRIC,2026-08-24 01:00:00-04:00,2026-08-24 01:14:59-04:00,762
ELECTRIC,2026-08-24 01:15:00-04:00,2026-08-24 01:29:59-04:00,209
ELECTRIC,2026-08-24 01:30:00-04:00,2026-08-24 01:44:59-04:00,579
ELECTRIC,2026-08-24 01:45:00-04:00,2026-08-24 01:59:59-04:00,154
ELECTRIC,2026-08-24 02:00:00-04:00,2026-08-24 02:14:59-04:00,740
ELECTRIC,2026-08-24 02:15:00-04:00,2026-08-24 02:29:59-04:00,386
ELECTRIC,2026-08-24 02:30:00-04:00,2026-08-24 02:44:59-04:00,458
ELECTRIC,2026-08-24 02:45:00-04:00,2026-08-24 02:59:59-04:00,182
ELECTRIC,2026-08-24 03:00:00-04:00,2026-08-24 03:14:59-04:00,318
ELECTRIC,2026-08-24 03:15:00-04:00,2026-08-24 03:29:59-04:00,814
ELECTRIC,2026-08-24 03:30:00-04:00,2026-08-24 03:44:59-04:00,260
ELECTRIC,2026-08-24 03:45:00-04:00,2026-08-24 03:59:59-04:00,565
ELECTRIC,2026-08-24 04:00:00-04:00,2026-08-24 04:14:59-04:00,194
ELECTRIC,2026-08-24 04:15:00-04:00,2026-08-24 04:29:59-04:00,205
ELECTRIC,2026-08-24 04:30:00-04:00,2026-08-24 04:44:59-04:00,542
ELECTRIC,2026-08-24 04:45:00-04:00,2026-08-24 04:59:59-04:00,369
ELECTRIC,2026-08-24 05:00:00-04:00,2026-08-24 05:14:59-04:00,453
ELECTRIC,2026-08-24 05:15:00-04:00,2026-08-24 05:29:59-04:00,372
ELECTRIC,2026-08-24 05:30:00-04:00,2026-08-24 05:44:59-04:00,603
ELECTRIC,2026-08-24 05:45:00-04:00,2026-08-24 05:59:59-04:00,764
ELECTRIC,2026-08-24 06:00:00-04:00,2026-08-24 06:14:59-04:00,345
ELECTRIC,2026-08-24 06:15:00-04:00,2026-08-24 06:29:59-04:00,448
ELECTRIC,2026-08-24 06:30:00-04:00,2026-08-24 06:44:59-04:00,595
ELECTRIC,2026-08-24 06:45:00-04:00,2026-08-24 06:59:59-04:00,584
ELECTRIC,2026-08-24 07:00:00-04:00,2026-08-24 07:14:59-04:00,197
ELECTRIC,2026-08-24 07:15:00-04:00,2026-08-24 07:29:59-04:00,397
ELECTRIC,2026-08-24 07:30:00-04:00,2026-08-24 07:44:59-04:00,621
ELECTRIC,2026-08-24 07:45:00-04:00,2026-08-24 07:59:59-04:00,284
ELECTRIC,2026-08-24 08:00:00-04:00,2026-08-24 08:14:59-04:00,144
ELECTRIC,2026-08-24 08:15:00-04:00,2026-08-24 08:29:59-04:00,668
ELECTRIC,2026-08-24 08:30:00-04:00,2026-08-24 08:44:59-04:00,342
ELECTRIC,2026-08-24 08:45:00-04:00,2026-08-24 08:59:59-04:00,566
ELECTRIC,2026-08-24 09:00:00-04:00,2026-08-24 09:14:59-04:00,139
ELECTRIC,2026-08-24 09:15:00-04:00,2026-08-24 09:29:59-04:00,166
ELECTRIC,2026-08-24 09:30:00-04:00,2026-08-24 09:44:59-04:00,131
ELECTRIC,2026-08-24 09:45:00-04:00,2026-08-24 09:59:59-04:00,61
ELECTRIC,2026-08-24 10:00:00-04:00,2026-08-24 10:14:59-04:00,1
ELECTRIC,2026-08-24 10:15:00-04:00,2026-08-24 10:29:59-04:00,0
ELECTRIC,2026-08-24 10:30:00-04:00,2026-08-24 10:44:59-04:00,0
ELECTRIC,2026-08-24 10:45:00-04:00,2026-08-24 10:59:59-04:00,0
ELECTRIC,2026-08-24 11:00:00-04:00,2026-08-24 11:14:59-04:00,0
ELECTRIC,2026-08-24 11:15:00-04:00,2026-08-24 11:29:59-04:00,0
ELECTRIC,2026-08-24 11:30:00-04:00,2026-08-24 11:44:59-04:00,0
ELECTRIC,2026-08-24 11:45:00-04:00,2026-08-24 11:59:59-04:00,0
ELECTRIC,2026-08-24 12:00:00-04:00,2026-08-24 12:14:59-04:00,15
ELECTRIC,2026-08-24 12:15:00-04:00,2026-08-24 12:29:59-04:00,0
ELECTRIC,2026-08-24 12:30:00-04:00,2026-08-24 12:44:59-04:00,0
ELECTRIC,2026-08-24 12:45:00-04:00,2026-08-24 12:59:59-04:00,0
ELECTRIC,2026-08-24 13:00:00-04:00,2026-08-24 13:14:59-04:00,0
ELECTRIC,2026-08-24 13:15:00-04:00,2026-08-24 13:29:59-04:00,142
ELECTRIC,2026-08-24 13:30:00-04:00,2026-08-24 13:44:59-04:00,593
ELECTRIC,2026-08-24 13:45:00-04:00,2026-08-24 13:59:59-04:00,560
ELECTRIC,2026-08-24 14:00:00-04:00,2026-08-24 14:14:59-04:00,172
ELECTRIC,2026-08-24 14:15:00-04:00,2026-08-24 14:29:59-04:00,199
ELECTRIC,2026-08-24 14:30:00-04:00,2026-08-24 14:44:59-04:00,228
ELECTRIC,2026-08-24 14:45:00-04:00,2026-08-24 14:59:59-04:00,207
ELECTRIC,2026-08-24 15:00:00-04:00,2026-08-24 15:14:59-04:00,65
ELECTRIC,2026-08-24 15:15:00-04:00,2026-08-24 15:29:59-04:00,361
ELECTRIC,2026-08-24 15:30:00-04:00,2026-08-24 15:44:59-04:00,344
ELECTRIC,2026-08-24 15:45:00-04:00,2026-08-24 15:59:59-04:00,33
ELECTRIC,2026-08-24 16:00:00-04:00,2026-08-24 16:14:59-04:00,4
ELECTRIC,2026-08-24 16:15:00-04:00,2026-08-24 16:29:59-04:00,105
ELECTRIC,2026-08-24 16:30:00-04:00,2026-08-24 16:44:59-04:00,202
ELECTRIC,2026-08-24 16:45:00-04:00,2026-08-24 16:59:59-04:00,256
ELECTRIC,2026-08-24 17:00:00-04:00,2026-08-24 17:14:59-04:00,396
ELECTRIC,2026-08-24 17:15:00-04:00,2026-08-24 17:29:59-04:00,545
ELECTRIC,2026-08-24 17:30:00-04:00,2026-08-24 17:44:59-04:00,167
ELECTRIC,2026-08-24 17:45:00-04:00,2026-08-24 17:59:59-04:00,239
ELECTRIC,2026-08-24 18:00:00-04:00,2026-08-24 18:14:59-04:00,551
ELECTRIC,2026-08-24 18:15:00-04:00,2026-08-24 18:29:59-04:00,762
ELECTRIC,2026-08-24 18:30:00-04:00,2026-08-24 18:44:59-04:00,671
ELECTRIC,2026-08-24 18:45:00-04:00,2026-08-24 18:59:59-04:00,709
ELECTRIC,2026-08-24 19:00:00-04:00,2026-08-24 19:14:59-04:00,717
ELECTRIC,2026-08-24 19:15:00-04:00,2026-08-24 19:29:59-04:00,797
ELECTRIC,2026-08-24 19:30:00-04:00,2026-08-24 19:44:59-04:00,860
ELECTRIC,2026-08-24 19:45:00-04:00,2026-08-24 19:59:59-04:00,814
ELECTRIC,2026-08-24 20:00:00-04:00,2026-08-24 20:14:59-04:00,813
ELECTRIC,2026-08-24 20:15:00-04:00,2026-08-24 20:29:59-04:00,997
ELECTRIC,2026-08-24 20:30:00-04:00,2026-08-24 20:44:59-04:00,888
ELECTRIC,2026-08-24 20:45:00-04:00,2026-08-24 20:59:59-04:00,847
ELECTRIC,2026-08-24 21:00:00-04:00,2026-08-24 21:14:59-04:00,853
ELECTRIC,2026-08-24 21:15:00-04:00,2026-08-24 21:29:59-04:00,857
ELECTRIC,2026-08-24 21:30:00-04:00,2026-08-24 21:44:59-04:00,852
ELECTRIC,2026-08-24 21:45:00-04:00,2026-08-24 21:59:59-04:00,847
ELECTRIC,2026-08-24 22:00:00-04:00,2026-08-24 22:14:59-04:00,777
ELECTRIC,2026-08-24 22:15:00-04:00,2026-08-24 22:29:59-04:00,485
ELECTRIC,2026-08-24 22:30:00-04:00,2026-08-24 22:44:59-04:00,520
ELECTRIC,2026-08-24 22:45:00-04:00,2026-08-24 22:59:59-04:00,361
ELECTRIC,2026-08-24 23:00:00-04:00,2026-08-24 23:14:59-04:00,492
ELECTRIC,2026-08-24 23:15:00-04:00,2026-08-24 23:29:59-04:00,225
ELECTRIC,2026-08-24 23:30:00-04:00,2026-08-24 23:44:59-04:00,217
ELECTRIC,2026-08-24 23:45:00-04:00,2026-08-24 23:59:59-04:00,749
ELECTRIC,2026-08-25 00:00:00-04:00,2026-08-25 00:14:59-04:00,696
ELECTRIC,2026-08-25 00:15:00-04:00,2026-08-25 00:29:59-04:00,281
ELECTRIC,2026-08-25 00:30:00-04:00,2026-08-25 00:44:59-04:00,196
ELECTRIC,2026-08-25 00:45:00-04:00,2026-08-25 00:59:59-04:00,732
ELECTRIC,2026-08-25 01:00:00-04:00,2026-08-25 01:14:59-04:00,452
ELECTRIC,2026-08-25 01:15:00-04:00,2026-08-25 01:29:59-04:00,580
ELECTRIC,2026-08-25 01:30:00-04:00,2026-08-25 01:44:59-04:00,200
ELECTRIC,2026-08-25 01:45:00-04:00,2026-08-25 01:59:59-04:00,284
ELECTRIC,2026-08-25 02:00:00-04:00,2026-08-25 02:14:59-04:00,520
ELECTRIC,2026-08-25 02:15:00-04:00,2026-08-25 02:29:59-04:00,566
ELECTRIC,2026-08-25 02:30:00-04:00,2026-08-25 02:44:59-04:00,458
ELECTRIC,2026-08-25 02:45:00-04:00,2026-08-25 02:59:59-04:00,445
ELECTRIC,2026-08-25 03:00:00-04:00,2026-08-25 03:14:59-04:00,366
ELECTRIC,2026-08-25 03:15:00-04:00,2026-08-25 03:29:59-04:00,216
ELECTRIC,2026-08-25 03:30:00-04:00,2026-08-25 03:44:59-04:00,193
ELECTRIC,2026-08-25 03:45:00-04:00,2026-08-25 03:59:59-04:00,783
ELECTRIC,2026-08-25 04:00:00-04:00,2026-08-25 04:14:59-04:00,266
ELECTRIC,2026-08-25 04:15:00-04:00,2026-08-25 04:29:59-04:00,481
ELECTRIC,2026-08-25 04:30:00-04:00,2026-08-25 04:44:59-04:00,248
ELECTRIC,2026-08-25 04:45:00-04:00,2026-08-25 04:59:59-04:00,191
ELECTRIC,2026-08-25 05:00:00-04:00,2026-08-25 05:14:59-04:00,211
ELECTRIC,2026-08-25 05:15:00-04:00,2026-08-25 05:29:59-04:00,672
ELECTRIC,2026-08-25 05:30:00-04:00,2026-08-25 05:44:59-04:00,754
ELECTRIC,2026-08-25 05:45:00-04:00,2026-08-25 05:59:59-04:00,563
ELECTRIC,2026-08-25 06:00:00-04:00,2026-08-25 06:14:59-04:00,300
ELECTRIC,2026-08-25 06:15:00-04:00,2026-08-25 06:29:59-04:00,475
ELECTRIC,2026-08-25 06:30:00-04:00,2026-08-25 06:44:59-04:00,157
ELECTRIC,2026-08-25 06:45:00-04:00,2026-08-25 06:59:59-04:00,317
ELECTRIC,2026-08-25 07:00:00-04:00,2026-08-25 07:14:59-04:00,826
ELECTRIC,2026-08-25 07:15:00-04:00,2026-08-25 07:29:59-04:00,531
ELECTRIC,2026-08-25 07:30:00-04:00,2026-08-25 07:44:59-04:00,589
ELECTRIC,2026-08-25 07:45:00-04:00,2026-08-25 07:59:59-04:00,196
ELECTRIC,2026-08-25 08:00:00-04:00,2026-08-25 08:14:59-04:00,656
ELECTRIC,2026-08-25 08:15:00-04:00,2026-08-25 08:29:59-04:00,408
ELECTRIC,2026-08-25 08:30:00-04:00,2026-08-25 08:44:59-04:00,496
ELECTRIC,2026-08-25 08:45:00-04:00,2026-08-25 08:59:59-04:00,126
ELECTRIC,2026-08-25 09:00:00-04:00,2026-08-25 09:14:59-04:00,207
ELECTRIC,2026-08-25 09:15:00-04:00,2026-08-25 09:29:59-04:00,289
ELECTRIC,2026-08-25 09:30:00-04:00,2026-08-25 09:44:59-04:00,1
ELECTRIC,2026-08-25 09:45:00-04:00,2026-08-25 09:59:59-04:00,112
ELECTRIC,2026-08-25 10:00:00-04:00,2026-08-25 10:14:59-04:00,424
ELECTRIC,2026-08-25 10:15:00-04:00,2026-08-25 10:29:59-04:00,91
ELECTRIC,2026-08-25 10:30:00-04:00,2026-08-25 10:44:59-04:00,104
ELECTRIC,2026-08-25 10:45:00-04:00,2026-08-25 10:59:59-04:00,42
ELECTRIC,2026-08-25 11:00:00-04:00,2026-08-25 11:14:59-04:00,215
ELECTRIC,2026-08-25 11:15:00-04:00,2026-08-25 11:29:59-04:00,1
ELECTRIC,2026-08-25 11:30:00-04:00,2026-08-25 11:44:59-04:00,0
ELECTRIC,2026-08-25 11:45:00-04:00,2026-08-25 11:59:59-04:00,0
ELECTRIC,2026-08-25 12:00:00-04:00,2026-08-25 12:14:59-04:00,9
ELECTRIC,2026-08-25 12:15:00-04:00,2026-08-25 12:29:59-04:00,0
ELECTRIC,2026-08-25 12:30:00-04:00,2026-08-25 12:44:59-04:00,14
ELECTRIC,2026-08-25 12:45:00-04:00,2026-08-25 12:59:59-04:00,0
ELECTRIC,2026-08-25 13:00:00-04:00,2026-08-25 13:14:59-04:00,43
ELECTRIC,2026-08-25 13:15:00-04:00,2026-08-25 13:29:59-04:00,69
ELECTRIC,2026-08-25 13:30:00-04:00,2026-08-25 13:44:59-04:00,41
ELECTRIC,2026-08-25 13:45:00-04:00,2026-08-25 13:59:59-04:00,0
ELECTRIC,2026-08-25 14:00:00-04:00,2026-08-25 14:14:59-04:00,0
ELECTRIC,2026-08-25 14:15:00-04:00,2026-08-25 14:29:59-04:00,0
ELECTRIC,2026-08-25 14:30:00-04:00,2026-08-25 14:44:59-04:00,23
ELECTRIC,2026-08-25 14:45:00-04:00,2026-08-25 14:59:59-04:00,266
ELECTRIC,2026-08-25 15:00:00-04:00,2026-08-25 15:14:59-04:00,39
ELECTRIC,2026-08-25 15:15:00-04:00,2026-08-25 15:29:59-04:00,166
ELECTRIC,2026-08-25 15:30:00-04:00,2026-08-25 15:44:59-04:00,580
ELECTRIC,2026-08-25 15:45:00-04:00,2026-08-25 15:59:59-04:00,639
ELECTRIC,2026-08-25 16:00:00-04:00,2026-08-25 16:14:59-04:00,633
ELECTRIC,2026-08-25 16:15:00-04:00,2026-08-25 16:29:59-04:00,867
ELECTRIC,2026-08-25 16:30:00-04:00,2026-08-25 16:44:59-04:00,609
ELECTRIC,2026-08-25 16:45:00-04:00,2026-08-25 16:59:59-04:00,410
ELECTRIC,2026-08-25 17:00:00-04:00,2026-08-25 17:14:59-04:00,221
ELECTRIC,2026-08-25 17:15:00-04:00,2026-08-25 17:29:59-04:00,60
ELECTRIC,2026-08-25 17:30:00-04:00,2026-08-25 17:44:59-04:00,610
ELECTRIC,2026-08-25 17:45:00-04:00,2026-08-25 17:59:59-04:00,721
ELECTRIC,2026-08-25 18:00:00-04:00,2026-08-25 18:14:59-04:00,620
ELECTRIC,2026-08-25 18:15:00-04:00,2026-08-25 18:29:59-04:00,343
ELECTRIC,2026-08-25 18:30:00-04:00,2026-08-25 18:44:59-04:00,421
ELECTRIC,2026-08-25 18:45:00-04:00,2026-08-25 18:59:59-04:00,554
ELECTRIC,2026-08-25 19:00:00-04:00,2026-08-25 19:14:59-04:00,621
ELECTRIC,2026-08-25 19:15:00-04:00,2026-08-25 19:29:59-04:00,583
ELECTRIC,2026-08-25 19:30:00-04:00,2026-08-25 19:44:59-04:00,548
ELECTRIC,2026-08-25 19:45:00-04:00,2026-08-25 19:59:59-04:00,524
ELECTRIC,2026-08-25 20:00:00-04:00,2026-08-25 20:14:59-04:00,789
ELECTRIC,2026-08-25 20:15:00-04:00,2026-08-25 20:29:59-04:00,811
ELECTRIC,2026-08-25 20:30:00-04:00,2026-08-25 20:44:59-04:00,549
ELECTRIC,2026-08-25 20:45:00-04:00,2026-08-25 20:59:59-04:00,865
ELECTRIC,2026-08-25 21:00:00-04:00,2026-08-25 21:14:59-04:00,830
ELECTRIC,2026-08-25 21:15:00-04:00,2026-08-25 21:29:59-04:00,812
ELECTRIC,2026-08-25 21:30:00-04:00,2026-08-25 21:44:59-04:00,797
ELECTRIC,2026-08-25 21:45:00-04:00,2026-08-25 21:59:59-04:00,767
ELECTRIC,2026-08-25 22:00:00-04:00,2026-08-25 22:14:59-04:00,550
ELECTRIC,2026-08-25 22:15:00-04:00,2026-08-25 22:29:59-04:00,467
ELECTRIC,2026-08-25 22:30:00-04:00,2026-08-25 22:44:59-04:00,504
ELECTRIC,2026-08-25 22:45:00-04:00,2026-08-25 22:59:59-04:00,227
ELECTRIC,2026-08-25 23:00:00-04:00,2026-08-25 23:14:59-04:00,583
ELECTRIC,2026-08-25 23:15:00-04:00,2026-08-25 23:29:59-04:00,215
ELECTRIC,2026-08-25 23:30:00-04:00,2026-08-25 23:44:59-04:00,192
ELECTRIC,2026-08-25 23:45:00-04:00,2026-08-25 23:59:59-04:00,655
ELECTRIC,2026-08-26 00:00:00-04:00,2026-08-26 00:14:59-04:00,368
ELECTRIC,2026-08-26 00:15:00-04:00,2026-08-26 00:29:59-04:00,527
ELECTRIC,2026-08-26 00:30:00-04:00,2026-08-26 00:44:59-04:00,286
ELECTRIC,2026-08-26 00:45:00-04:00,2026-08-26 00:59:59-04:00,284
ELECTRIC,2026-08-26 01:00:00-04:00,2026-08-26 01:14:59-04:00,688
ELECTRIC,2026-08-26 01:15:00-04:00,2026-08-26 01:29:59-04:00,354
ELECTRIC,2026-08-26 01:30:00-04:00,2026-08-26 01:44:59-04:00,443
ELECTRIC,2026-08-26 01:45:00-04:00,2026-08-26 01:59:59-04:00,201
ELECTRIC,2026-08-26 02:00:00-04:00,2026-08-26 02:14:59-04:00,191
ELECTRIC,2026-08-26 02:15:00-04:00,2026-08-26 02:29:59-04:00,701
ELECTRIC,2026-08-26 02:30:00-04:00,2026-08-26 02:44:59-04:00,505
ELECTRIC,2026-08-26 02:45:00-04:00,2026-08-26 02:59:59-04:00,224
ELECTRIC,2026-08-26 03:00:00-04:00,2026-08-26 03:14:59-04:00,544
ELECTRIC,2026-08-26 03:15:00-04:00,2026-08-26 03:29:59-04:00,186
ELECTRIC,2026-08-26 03:30:00-04:00,2026-08-26 03:44:59-04:00,184
ELECTRIC,2026-08-26 03:45:00-04:00,2026-08-26 03:59:59-04:00,396
ELECTRIC,2026-08-26 04:00:00-04:00,2026-08-26 04:14:59-04:00,473
ELECTRIC,2026-08-26 04:15:00-04:00,2026-08-26 04:29:59-04:00,262
ELECTRIC,2026-08-26 04:30:00-04:00,2026-08-26 04:44:59-04:00,520
ELECTRIC,2026-08-26 04:45:00-04:00,2026-08-26 04:59:59-04:00,202
ELECTRIC,2026-08-26 05:00:00-04:00,2026-08-26 05:14:59-04:00,204
ELECTRIC,2026-08-26 05:15:00-04:00,2026-08-26 05:29:59-04:00,786
ELECTRIC,2026-08-26 05:30:00-04:00,2026-08-26 05:44:59-04:00,273
ELECTRIC,2026-08-26 05:45:00-04:00,2026-08-26 05:59:59-04:00,773
ELECTRIC,2026-08-26 06:00:00-04:00,2026-08-26 06:14:59-04:00,528
ELECTRIC,2026-08-26 06:15:00-04:00,2026-08-26 06:29:59-04:00,324
ELECTRIC,2026-08-26 06:30:00-04:00,2026-08-26 06:44:59-04:00,777
ELECTRIC,2026-08-26 06:45:00-04:00,2026-08-26 06:59:59-04:00,240
ELECTRIC,2026-08-26 07:00:00-04:00,2026-08-26 07:14:59-04:00,629
ELECTRIC,2026-08-26 07:15:00-04:00,2026-08-26 07:29:59-04:00,555
ELECTRIC,2026-08-26 07:30:00-04:00,2026-08-26 07:44:59-04:00,598
ELECTRIC,2026-08-26 07:45:00-04:00,2026-08-26 07:59:59-04:00,287
ELECTRIC,2026-08-26 08:00:00-04:00,2026-08-26 08:14:59-04:00,434
ELECTRIC,2026-08-26 08:15:00-04:00,2026-08-26 08:29:59-04:00,85
ELECTRIC,2026-08-26 08:30:00-04:00,2026-08-26 08:44:59-04:00,87
ELECTRIC,2026-08-26 08:45:00-04:00,2026-08-26 08:59:59-04:00,74
ELECTRIC,2026-08-26 09:00:00-04:00,2026-08-26 09:14:59-04:00,84
ELECTRIC,2026-08-26 09:15:00-04:00,2026-08-26 09:29:59-04:00,118
ELECTRIC,2026-08-26 09:30:00-04:00,2026-08-26 09:44:59-04:00,58
ELECTRIC,2026-08-26 09:45:00-04:00,2026-08-26 09:59:59-04:00,1
ELECTRIC,2026-08-26 10:00:00-04:00,2026-08-26 10:14:59-04:00,404
ELECTRIC,2026-08-26 10:15:00-04:00,2026-08-26 10:29:59-04:00,378
ELECTRIC,2026-08-26 10:30:00-04:00,2026-08-26 10:44:59-04:00,131
ELECTRIC,2026-08-26 10:45:00-04:00,2026-08-26 10:59:59-04:00,157
ELECTRIC,2026-08-26 11:00:00-04:00,2026-08-26 11:14:59-04:00,617
ELECTRIC,2026-08-26 11:15:00-04:00,2026-08-26 11:29:59-04:00,131
ELECTRIC,2026-08-26 11:30:00-04:00,2026-08-26 11:44:59-04:00,682
ELECTRIC,2026-08-26 11:45:00-04:00,2026-08-26 11:59:59-04:00,991
ELECTRIC,2026-08-26 12:00:00-04:00,2026-08-26 12:14:59-04:00,189
ELECTRIC,2026-08-26 12:15:00-04:00,2026-08-26 12:29:59-04:00,708
ELECTRIC,2026-08-26 12:30:00-04:00,2026-08-26 12:44:59-04:00,534
ELECTRIC,2026-08-26 12:45:00-04:00,2026-08-26 12:59:59-04:00,370
ELECTRIC,2026-08-26 13:00:00-04:00,2026-08-26 13:14:59-04:00,395
ELECTRIC,2026-08-26 13:15:00-04:00,2026-08-26 13:29:59-04:00,623
ELECTRIC,2026-08-26 13:30:00-04:00,2026-08-26 13:44:59-04:00,538
ELECTRIC,2026-08-26 13:45:00-04:00,2026-08-26 13:59:59-04:00,469
ELECTRIC,2026-08-26 14:00:00-04:00,2026-08-26 14:14:59-04:00,388
ELECTRIC,2026-08-26 14:15:00-04:00,2026-08-26 14:29:59-04:00,489
ELECTRIC,2026-08-26 14:30:00-04:00,2026-08-26 14:44:59-04:00,53
ELECTRIC,2026-08-26 14:45:00-04:00,2026-08-26 14:59:59-04:00,214
ELECTRIC,2026-08-26 15:00:00-04:00,2026-08-26 15:14:59-04:00,251
ELECTRIC,2026-08-26 15:15:00-04:00,2026-08-26 15:29:59-04:00,78
ELECTRIC,2026-08-26 15:30:00-04:00,2026-08-26 15:44:59-04:00,0
ELECTRIC,2026-08-26 15:45:00-04:00,2026-08-26 15:59:59-04:00,176
ELECTRIC,2026-08-26 16:00:00-04:00,2026-08-26 16:14:59-04:00,462
ELECTRIC,2026-08-26 16:15:00-04:00,2026-08-26 16:29:59-04:00,266
ELECTRIC,2026-08-26 16:30:00-04:00,2026-08-26 16:44:59-04:00,392
ELECTRIC,2026-08-26 16:45:00-04:00,2026-08-26 16:59:59-04:00,94
ELECTRIC,2026-08-26 17:00:00-04:00,2026-08-26 17:14:59-04:00,421
ELECTRIC,2026-08-26 17:15:00-04:00,2026-08-26 17:29:59-04:00,369
ELECTRIC,2026-08-26 17:30:00-04:00,2026-08-26 17:44:59-04:00,172
ELECTRIC,2026-08-26 17:45:00-04:00,2026-08-26 17:59:59-04:00,560
ELECTRIC,2026-08-26 18:00:00-04:00,2026-08-26 18:14:59-04:00,729
ELECTRIC,2026-08-26 18:15:00-04:00,2026-08-26 18:29:59-04:00,598
ELECTRIC,2026-08-26 18:30:00-04:00,2026-08-26 18:44:59-04:00,503
ELECTRIC,2026-08-26 18:45:00-04:00,2026-08-26 18:59:59-04:00,171
ELECTRIC,2026-08-26 19:00:00-04:00,2026-08-26 19:14:59-04:00,694
ELECTRIC,2026-08-26 19:15:00-04:00,2026-08-26 19:29:59-04:00,268
ELECTRIC,2026-08-26 19:30:00-04:00,2026-08-26 19:44:59-04:00,597
ELECTRIC,2026-08-26 19:45:00-04:00,2026-08-26 19:59:59-04:00,209
ELECTRIC,2026-08-26 20:00:00-04:00,2026-08-26 20:14:59-04:00,580
ELECTRIC,2026-08-26 20:15:00-04:00,2026-08-26 20:29:59-04:00,276
ELECTRIC,2026-08-26 20:30:00-04:00,2026-08-26 20:44:59-04:00,596
ELECTRIC,2026-08-26 20:45:00-04:00,2026-08-26 20:59:59-04:00,717
ELECTRIC,2026-08-26 21:00:00-04:00,2026-08-26 21:14:59-04:00,200
ELECTRIC,2026-08-26 21:15:00-04:00,2026-08-26 21:29:59-04:00,796
ELECTRIC,2026-08-26 21:30:00-04:00,2026-08-26 21:44:59-04:00,659
ELECTRIC,2026-08-26 21:45:00-04:00,2026-08-26 21:59:59-04:00,251
ELECTRIC,2026-08-26 22:00:00-04:00,2026-08-26 22:14:59-04:00,556
ELECTRIC,2026-08-26 22:15:00-04:00,2026-08-26 22:29:59-04:00,303
ELECTRIC,2026-08-26 22:30:00-04:00,2026-08-26 22:44:59-04:00,509
ELECTRIC,2026-08-26 22:45:00-04:00,2026-08-26 22:59:59-04:00,228
ELECTRIC,2026-08-26 23:00:00-04:00,2026-08-26 23:14:59-04:00,243
ELECTRIC,2026-08-26 23:15:00-04:00,2026-08-26 23:29:59-04:00,238
ELECTRIC,2026-08-26 23:30:00-04:00,2026-08-26 23:44:59-04:00,211
ELECTRIC,2026-08-26 23:45:00-04:00,2026-08-26 23:59:59-04:00,197
ELECTRIC,2026-08-27 00:00:00-04:00,2026-08-27 00:14:59-04:00,551
ELECTRIC,2026-08-27 00:15:00-04:00,2026-08-27 00:29:59-04:00,208
ELECTRIC,2026-08-27 00:30:00-04:00,2026-08-27 00:44:59-04:00,189
ELECTRIC,2026-08-27 00:45:00-04:00,2026-08-27 00:59:59-04:00,199
ELECTRIC,2026-08-27 01:00:00-04:00,2026-08-27 01:14:59-04:00,184
ELECTRIC,2026-08-27 01:15:00-04:00,2026-08-27 01:29:59-04:00,254
ELECTRIC,2026-08-27 01:30:00-04:00,2026-08-27 01:44:59-04:00,332
ELECTRIC,2026-08-27 01:45:00-04:00,2026-08-27 01:59:59-04:00,450
ELECTRIC,2026-08-27 02:00:00-04:00,2026-08-27 02:14:59-04:00,164
ELECTRIC,2026-08-27 02:15:00-04:00,2026-08-27 02:29:59-04:00,211
ELECTRIC,2026-08-27 02:30:00-04:00,2026-08-27 02:44:59-04:00,190
ELECTRIC,2026-08-27 02:45:00-04:00,2026-08-27 02:59:59-04:00,498
ELECTRIC,2026-08-27 03:00:00-04:00,2026-08-27 03:14:59-04:00,256
ELECTRIC,2026-08-27 03:15:00-04:00,2026-08-27 03:29:59-04:00,248
ELECTRIC,2026-08-27 03:30:00-04:00,2026-08-27 03:44:59-04:00,354
ELECTRIC,2026-08-27 03:45:00-04:00,2026-08-27 03:59:59-04:00,487
ELECTRIC,2026-08-27 04:00:00-04:00,2026-08-27 04:14:59-04:00,179
ELECTRIC,2026-08-27 04:15:00-04:00,2026-08-27 04:29:59-04:00,761
ELECTRIC,2026-08-27 04:30:00-04:00,2026-08-27 04:44:59-04:00,312
ELECTRIC,2026-08-27 04:45:00-04:00,2026-08-27 04:59:59-04:00,382
ELECTRIC,2026-08-27 05:00:00-04:00,2026-08-27 05:14:59-04:00,413
ELECTRIC,2026-08-27 05:15:00-04:00,2026-08-27 05:29:59-04:00,223
ELECTRIC,2026-08-27 05:30:00-04:00,2026-08-27 05:44:59-04:00,369
ELECTRIC,2026-08-27 05:45:00-04:00,2026-08-27 05:59:59-04:00,771
ELECTRIC,2026-08-27 06:00:00-04:00,2026-08-27 06:14:59-04:00,456
ELECTRIC,2026-08-27 06:15:00-04:00,2026-08-27 06:29:59-04:00,330
ELECTRIC,2026-08-27 06:30:00-04:00,2026-08-27 06:44:59-04:00,455
ELECTRIC,2026-08-27 06:45:00-04:00,2026-08-27 06:59:59-04:00,185
ELECTRIC,2026-08-27 07:00:00-04:00,2026-08-27 07:14:59-04:00,183
ELECTRIC,2026-08-27 07:15:00-04:00,2026-08-27 07:29:59-04:00,221
ELECTRIC,2026-08-27 07:30:00-04:00,2026-08-27 07:44:59-04:00,531
ELECTRIC,2026-08-27 07:45:00-04:00,2026-08-27 07:59:59-04:00,678
ELECTRIC,2026-08-27 08:00:00-04:00,2026-08-27 08:14:59-04:00,121
ELECTRIC,2026-08-27 08:15:00-04:00,2026-08-27 08:29:59-04:00,114
ELECTRIC,2026-08-27 08:30:00-04:00,2026-08-27 08:44:59-04:00,112
ELECTRIC,2026-08-27 08:45:00-04:00,2026-08-27 08:59:59-04:00,53
ELECTRIC,2026-08-27 09:00:00-04:00,2026-08-27 09:14:59-04:00,54
ELECTRIC,2026-08-27 09:15:00-04:00,2026-08-27 09:29:59-04:00,104
ELECTRIC,2026-08-27 09:30:00-04:00,2026-08-27 09:44:59-04:00,397
ELECTRIC,2026-08-27 09:45:00-04:00,2026-08-27 09:59:59-04:00,71
ELECTRIC,2026-08-27 10:00:00-04:00,2026-08-27 10:14:59-04:00,267
ELECTRIC,2026-08-27 10:15:00-04:00,2026-08-27 10:29:59-04:00,67
ELECTRIC,2026-08-27 10:30:00-04:00,2026-08-27 10:44:59-04:00,130
ELECTRIC,2026-08-27 10:45:00-04:00,2026-08-27 10:59:59-04:00,7
ELECTRIC,2026-08-27 11:00:00-04:00,2026-08-27 11:14:59-04:00,19
ELECTRIC,2026-08-27 11:15:00-04:00,2026-08-27 11:29:59-04:00,27
ELECTRIC,2026-08-27 11:30:00-04:00,2026-08-27 11:44:59-04:00,0
ELECTRIC,2026-08-27 11:45:00-04:00,2026-08-27 11:59:59-04:00,83
ELECTRIC,2026-08-27 12:00:00-04:00,2026-08-27 12:14:59-04:00,48
ELECTRIC,2026-08-27 12:15:00-04:00,2026-08-27 12:29:59-04:00,229
ELECTRIC,2026-08-27 12:30:00-04:00,2026-08-27 12:44:59-04:00,220
ELECTRIC,2026-08-27 12:45:00-04:00,2026-08-27 12:59:59-04:00,499
ELECTRIC,2026-08-27 13:00:00-04:00,2026-08-27 13:14:59-04:00,772
ELECTRIC,2026-08-27 13:15:00-04:00,2026-08-27 13:29:59-04:00,165
ELECTRIC,2026-08-27 13:30:00-04:00,2026-08-27 13:44:59-04:00,275
ELECTRIC,2026-08-27 13:45:00-04:00,2026-08-27 13:59:59-04:00,91
ELECTRIC,2026-08-27 14:00:00-04:00,2026-08-27 14:14:59-04:00,178
ELECTRIC,2026-08-27 14:15:00-04:00,2026-08-27 14:29:59-04:00,0
ELECTRIC,2026-08-27 14:30:00-04:00,2026-08-27 14:44:59-04:00,1
ELECTRIC,2026-08-27 14:45:00-04:00,2026-08-27 14:59:59-04:00,0
ELECTRIC,2026-08-27 15:00:00-04:00,2026-08-27 15:14:59-04:00,0
ELECTRIC,2026-08-27 15:15:00-04:00,2026-08-27 15:29:59-04:00,0
ELECTRIC,2026-08-27 15:30:00-04:00,2026-08-27 15:44:59-04:00,98
ELECTRIC,2026-08-27 15:45:00-04:00,2026-08-27 15:59:59-04:00,3
ELECTRIC,2026-08-27 16:00:00-04:00,2026-08-27 16:14:59-04:00,0
ELECTRIC,2026-08-27 16:15:00-04:00,2026-08-27 16:29:59-04:00,537
ELECTRIC,2026-08-27 16:30:00-04:00,2026-08-27 16:44:59-04:00,335
ELECTRIC,2026-08-27 16:45:00-04:00,2026-08-27 16:59:59-04:00,691
ELECTRIC,2026-08-27 17:00:00-04:00,2026-08-27 17:14:59-04:00,707
ELECTRIC,2026-08-27 17:15:00-04:00,2026-08-27 17:29:59-04:00,273
ELECTRIC,2026-08-27 17:30:00-04:00,2026-08-27 17:44:59-04:00,755
ELECTRIC,2026-08-27 17:45:00-04:00,2026-08-27 17:59:59-04:00,756
ELECTRIC,2026-08-27 18:00:00-04:00,2026-08-27 18:14:59-04:00,270
ELECTRIC,2026-08-27 18:15:00-04:00,2026-08-27 18:29:59-04:00,669
ELECTRIC,2026-08-27 18:30:00-04:00,2026-08-27 18:44:59-04:00,748
ELECTRIC,2026-08-27 18:45:00-04:00,2026-08-27 18:59:59-04:00,287
ELECTRIC,2026-08-27 19:00:00-04:00,2026-08-27 19:14:59-04:00,774
ELECTRIC,2026-08-27 19:15:00-04:00,2026-08-27 19:29:59-04:00,775
ELECTRIC,2026-08-27 19:30:00-04:00,2026-08-27 19:44:59-04:00,392
ELECTRIC,2026-08-27 19:45:00-04:00,2026-08-27 19:59:59-04:00,487
ELECTRIC,2026-08-27 20:00:00-04:00,2026-08-27 20:14:59-04:00,327
ELECTRIC,2026-08-27 20:15:00-04:00,2026-08-27 20:29:59-04:00,523
ELECTRIC,2026-08-27 20:30:00-04:00,2026-08-27 20:44:59-04:00,318
ELECTRIC,2026-08-27 20:45:00-04:00,2026-08-27 20:59:59-04:00,769
ELECTRIC,2026-08-27 21:00:00-04:00,2026-08-27 21:14:59-04:00,343
ELECTRIC,2026-08-27 21:15:00-04:00,2026-08-27 21:29:59-04:00,583
ELECTRIC,2026-08-27 21:30:00-04:00,2026-08-27 21:44:59-04:00,768
ELECTRIC,2026-08-27 21:45:00-04:00,2026-08-27 21:59:59-04:00,298
ELECTRIC,2026-08-27 22:00:00-04:00,2026-08-27 22:14:59-04:00,596
ELECTRIC,2026-08-27 22:15:00-04:00,2026-08-27 22:29:59-04:00,218
ELECTRIC,2026-08-27 22:30:00-04:00,2026-08-27 22:44:59-04:00,263
ELECTRIC,2026-08-27 22:45:00-04:00,2026-08-27 22:59:59-04:00,287
ELECTRIC,2026-08-27 23:00:00-04:00,2026-08-27 23:14:59-04:00,470
ELECTRIC,2026-08-27 23:15:00-04:00,2026-08-27 23:29:59-04:00,238
ELECTRIC,2026-08-27 23:30:00-04:00,2026-08-27 23:44:59-04:00,210
ELECTRIC,2026-08-27 23:45:00-04:00,2026-08-27 23:59:59-04:00,218
ELECTRIC,2026-08-28 00:00:00-04:00,2026-08-28 00:14:59-04:00,235
ELECTRIC,2026-08-28 00:15:00-04:00,2026-08-28 00:29:59-04:00,273
ELECTRIC,2026-08-28 00:30:00-04:00,2026-08-28 00:44:59-04:00,207
ELECTRIC,2026-08-28 00:45:00-04:00,2026-08-28 00:59:59-04:00,186
ELECTRIC,2026-08-28 01:00:00-04:00,2026-08-28 01:14:59-04:00,186
ELECTRIC,2026-08-28 01:15:00-04:00,2026-08-28 01:29:59-04:00,260
ELECTRIC,2026-08-28 01:30:00-04:00,2026-08-28 01:44:59-04:00,198
ELECTRIC,2026-08-28 01:45:00-04:00,2026-08-28 01:59:59-04:00,205
ELECTRIC,2026-08-28 02:00:00-04:00,2026-08-28 02:14:59-04:00,217
ELECTRIC,2026-08-28 02:15:00-04:00,2026-08-28 02:29:59-04:00,616
ELECTRIC,2026-08-28 02:30:00-04:00,2026-08-28 02:44:59-04:00,365
ELECTRIC,2026-08-28 02:45:00-04:00,2026-08-28 02:59:59-04:00,186
ELECTRIC,2026-08-28 03:00:00-04:00,2026-08-28 03:14:59-04:00,184
ELECTRIC,2026-08-28 03:15:00-04:00,2026-08-28 03:29:59-04:00,192
ELECTRIC,2026-08-28 03:30:00-04:00,2026-08-28 03:44:59-04:00,185
ELECTRIC,2026-08-28 03:45:00-04:00,2026-08-28 03:59:59-04:00,456
ELECTRIC,2026-08-28 04:00:00-04:00,2026-08-28 04:14:59-04:00,351
ELECTRIC,2026-08-28 04:15:00-04:00,2026-08-28 04:29:59-04:00,236
ELECTRIC,2026-08-28 04:30:00-04:00,2026-08-28 04:44:59-04:00,572
ELECTRIC,2026-08-28 04:45:00-04:00,2026-08-28 04:59:59-04:00,163
ELECTRIC,2026-08-28 05:00:00-04:00,2026-08-28 05:14:59-04:00,184
ELECTRIC,2026-08-28 05:15:00-04:00,2026-08-28 05:29:59-04:00,266
ELECTRIC,2026-08-28 05:30:00-04:00,2026-08-28 05:44:59-04:00,757
ELECTRIC,2026-08-28 05:45:00-04:00,2026-08-28 05:59:59-04:00,710
ELECTRIC,2026-08-28 06:00:00-04:00,2026-08-28 06:14:59-04:00,179
ELECTRIC,2026-08-28 06:15:00-04:00,2026-08-28 06:29:59-04:00,304
ELECTRIC,2026-08-28 06:30:00-04:00,2026-08-28 06:44:59-04:00,486
ELECTRIC,2026-08-28 06:45:00-04:00,2026-08-28 06:59:59-04:00,372
ELECTRIC,2026-08-28 07:00:00-04:00,2026-08-28 07:14:59-04:00,572
ELECTRIC,2026-08-28 07:15:00-04:00,2026-08-28 07:29:59-04:00,511
ELECTRIC,2026-08-28 07:30:00-04:00,2026-08-28 07:44:59-04:00,321
ELECTRIC,2026-08-28 07:45:00-04:00,2026-08-28 07:59:59-04:00,687
ELECTRIC,2026-08-28 08:00:00-04:00,2026-08-28 08:14:59-04:00,196
ELECTRIC,2026-08-28 08:15:00-04:00,2026-08-28 08:29:59-04:00,339
ELECTRIC,2026-08-28 08:30:00-04:00,2026-08-28 08:44:59-04:00,57
ELECTRIC,2026-08-28 08:45:00-04:00,2026-08-28 08:59:59-04:00,298
ELECTRIC,2026-08-28 09:00:00-04:00,2026-08-28 09:14:59-04:00,22
ELECTRIC,2026-08-28 09:15:00-04:00,2026-08-28 09:29:59-04:00,47
ELECTRIC,2026-08-28 09:30:00-04:00,2026-08-28 09:44:59-04:00,6
ELECTRIC,2026-08-28 09:45:00-04:00,2026-08-28 09:59:59-04:00,304
ELECTRIC,2026-08-28 10:00:00-04:00,2026-08-28 10:14:59-04:00,208
ELECTRIC,2026-08-28 10:15:00-04:00,2026-08-28 10:29:59-04:00,326
ELECTRIC,2026-08-28 10:30:00-04:00,2026-08-28 10:44:59-04:00,114
ELECTRIC,2026-08-28 10:45:00-04:00,2026-08-28 10:59:59-04:00,248
ELECTRIC,2026-08-28 11:00:00-04:00,2026-08-28 11:14:59-04:00,433
ELECTRIC,2026-08-28 11:15:00-04:00,2026-08-28 11:29:59-04:00,113
ELECTRIC,2026-08-28 11:30:00-04:00,2026-08-28 11:44:59-04:00,706
ELECTRIC,2026-08-28 11:45:00-04:00,2026-08-28 11:59:59-04:00,230
ELECTRIC,2026-08-28 12:00:00-04:00,2026-08-28 12:14:59-04:00,552
ELECTRIC,2026-08-28 12:15:00-04:00,2026-08-28 12:29:59-04:00,225
ELECTRIC,2026-08-28 12:30:00-04:00,2026-08-28 12:44:59-04:00,228
ELECTRIC,2026-08-28 12:45:00-04:00,2026-08-28 12:59:59-04:00,179
ELECTRIC,2026-08-28 13:00:00-04:00,2026-08-28 13:14:59-04:00,137
ELECTRIC,2026-08-28 13:15:00-04:00,2026-08-28 13:29:59-04:00,166
ELECTRIC,2026-08-28 13:30:00-04:00,2026-08-28 13:44:59-04:00,105
ELECTRIC,2026-08-28 13:45:00-04:00,2026-08-28 13:59:59-04:00,550
ELECTRIC,2026-08-28 14:00:00-04:00,2026-08-28 14:14:59-04:00,296
ELECTRIC,2026-08-28 14:15:00-04:00,2026-08-28 14:29:59-04:00,71
ELECTRIC,2026-08-28 14:30:00-04:00,2026-08-28 14:44:59-04:00,332
ELECTRIC,2026-08-28 14:45:00-04:00,2026-08-28 14:59:59-04:00,508
ELECTRIC,2026-08-28 15:00:00-04:00,2026-08-28 15:14:59-04:00,211
ELECTRIC,2026-08-28 15:15:00-04:00,2026-08-28 15:29:59-04:00,206
ELECTRIC,2026-08-28 15:30:00-04:00,2026-08-28 15:44:59-04:00,343
ELECTRIC,2026-08-28 15:45:00-04:00,2026-08-28 15:59:59-04:00,316
ELECTRIC,2026-08-28 16:00:00-04:00,2026-08-28 16:14:59-04:00,437
ELECTRIC,2026-08-28 16:15:00-04:00,2026-08-28 16:29:59-04:00,199
ELECTRIC,2026-08-28 16:30:00-04:00,2026-08-28 16:44:59-04:00,653
ELECTRIC,2026-08-28 16:45:00-04:00,2026-08-28 16:59:59-04:00,651
ELECTRIC,2026-08-28 17:00:00-04:00,2026-08-28 17:14:59-04:00,523
ELECTRIC,2026-08-28 17:15:00-04:00,2026-08-28 17:29:59-04:00,328
ELECTRIC,2026-08-28 17:30:00-04:00,2026-08-28 17:44:59-04:00,226
ELECTRIC,2026-08-28 17:45:00-04:00,2026-08-28 17:59:59-04:00,430
ELECTRIC,2026-08-28 18:00:00-04:00,2026-08-28 18:14:59-04:00,219
ELECTRIC,2026-08-28 18:15:00-04:00,2026-08-28 18:29:59-04:00,643
ELECTRIC,2026-08-28 18:30:00-04:00,2026-08-28 18:44:59-04:00,685
ELECTRIC,2026-08-28 18:45:00-04:00,2026-08-28 18:59:59-04:00,345
ELECTRIC,2026-08-28 19:00:00-04:00,2026-08-28 19:14:59-04:00,469
ELECTRIC,2026-08-28 19:15:00-04:00,2026-08-28 19:29:59-04:00,801
ELECTRIC,2026-08-28 19:30:00-04:00,2026-08-28 19:44:59-04:00,439
ELECTRIC,2026-08-28 19:45:00-04:00,2026-08-28 19:59:59-04:00,622
ELECTRIC,2026-08-28 20:00:00-04:00,2026-08-28 20:14:59-04:00,240
ELECTRIC,2026-08-28 20:15:00-04:00,2026-08-28 20:29:59-04:00,559
ELECTRIC,2026-08-28 20:30:00-04:00,2026-08-28 20:44:59-04:00,850
ELECTRIC,2026-08-28 20:45:00-04:00,2026-08-28 20:59:59-04:00,311
ELECTRIC,2026-08-28 21:00:00-04:00,2026-08-28 21:14:59-04:00,606
ELECTRIC,2026-08-28 21:15:00-04:00,2026-08-28 21:29:59-04:00,786
ELECTRIC,2026-08-28 21:30:00-04:00,2026-08-28 21:44:59-04:00,1221
ELECTRIC,2026-08-28 21:45:00-04:00,2026-08-28 21:59:59-04:00,759
ELECTRIC,2026-08-28 22:00:00-04:00,2026-08-28 22:14:59-04:00,574
ELECTRIC,2026-08-28 22:15:00-04:00,2026-08-28 22:29:59-04:00,197
ELECTRIC,2026-08-28 22:30:00-04:00,2026-08-28 22:44:59-04:00,214
ELECTRIC,2026-08-28 22:45:00-04:00,2026-08-28 22:59:59-04:00,206
ELECTRIC,2026-08-28 23:00:00-04:00,2026-08-28 23:14:59-04:00,196
ELECTRIC,2026-08-28 23:15:00-04:00,2026-08-28 23:29:59-04:00,244
ELECTRIC,2026-08-28 23:30:00-04:00,2026-08-28 23:44:59-04:00,206
ELECTRIC,2026-08-28 23:45:00-04:00,2026-08-28 23:59:59-04:00,580
ELECTRIC,2026-08-29 00:00:00-04:00,2026-08-29 00:14:59-04:00,230
ELECTRIC,2026-08-29 00:15:00-04:00,2026-08-29 00:29:59-04:00,218
ELECTRIC,2026-08-29 00:30:00-04:00,2026-08-29 00:44:59-04:00,181
ELECTRIC,2026-08-29 00:45:00-04:00,2026-08-29 00:59:59-04:00,294
ELECTRIC,2026-08-29 01:00:00-04:00,2026-08-29 01:14:59-04:00,459
ELECTRIC,2026-08-29 01:15:00-04:00,2026-08-29 01:29:59-04:00,205
ELECTRIC,2026-08-29 01:30:00-04:00,2026-08-29 01:44:59-04:00,173
ELECTRIC,2026-08-29 01:45:00-04:00,2026-08-29 01:59:59-04:00,206
ELECTRIC,2026-08-29 02:00:00-04:00,2026-08-29 02:14:59-04:00,200
ELECTRIC,2026-08-29 02:15:00-04:00,2026-08-29 02:29:59-04:00,252
ELECTRIC,2026-08-29 02:30:00-04:00,2026-08-29 02:44:59-04:00,176
ELECTRIC,2026-08-29 02:45:00-04:00,2026-08-29 02:59:59-04:00,186
ELECTRIC,2026-08-29 03:00:00-04:00,2026-08-29 03:14:59-04:00,578
ELECTRIC,2026-08-29 03:15:00-04:00,2026-08-29 03:29:59-04:00,203
ELECTRIC,2026-08-29 03:30:00-04:00,2026-08-29 03:44:59-04:00,166
ELECTRIC,2026-08-29 03:45:00-04:00,2026-08-29 03:59:59-04:00,202
ELECTRIC,2026-08-29 04:00:00-04:00,2026-08-29 04:14:59-04:00,202
ELECTRIC,2026-08-29 04:15:00-04:00,2026-08-29 04:29:59-04:00,239
ELECTRIC,2026-08-29 04:30:00-04:00,2026-08-29 04:44:59-04:00,158
ELECTRIC,2026-08-29 04:45:00-04:00,2026-08-29 04:59:59-04:00,520
ELECTRIC,2026-08-29 05:00:00-04:00,2026-08-29 05:14:59-04:00,493
ELECTRIC,2026-08-29 05:15:00-04:00,2026-08-29 05:29:59-04:00,232
ELECTRIC,2026-08-29 05:30:00-04:00,2026-08-29 05:44:59-04:00,299
ELECTRIC,2026-08-29 05:45:00-04:00,2026-08-29 05:59:59-04:00,733
ELECTRIC,2026-08-29 06:00:00-04:00,2026-08-29 06:14:59-04:00,340
ELECTRIC,2026-08-29 06:15:00-04:00,2026-08-29 06:29:59-04:00,200
ELECTRIC,2026-08-29 06:30:00-04:00,2026-08-29 06:44:59-04:00,181
ELECTRIC,2026-08-29 06:45:00-04:00,2026-08-29 06:59:59-04:00,711
ELECTRIC,2026-08-29 07:00:00-04:00,2026-08-29 07:14:59-04:00,673
ELECTRIC,2026-08-29 07:15:00-04:00,2026-08-29 07:29:59-04:00,204
ELECTRIC,2026-08-29 07:30:00-04:00,2026-08-29 07:44:59-04:00,507
ELECTRIC,2026-08-29 07:45:00-04:00,2026-08-29 07:59:59-04:00,110
ELECTRIC,2026-08-29 08:00:00-04:00,2026-08-29 08:14:59-04:00,497
ELECTRIC,2026-08-29 08:15:00-04:00,2026-08-29 08:29:59-04:00,146
ELECTRIC,2026-08-29 08:30:00-04:00,2026-08-29 08:44:59-04:00,36
ELECTRIC,2026-08-29 08:45:00-04:00,2026-08-29 08:59:59-04:00,420
ELECTRIC,2026-08-29 09:00:00-04:00,2026-08-29 09:14:59-04:00,38
ELECTRIC,2026-08-29 09:15:00-04:00,2026-08-29 09:29:59-04:00,100
ELECTRIC,2026-08-29 09:30:00-04:00,2026-08-29 09:44:59-04:00,602
ELECTRIC,2026-08-29 09:45:00-04:00,2026-08-29 09:59:59-04:00,128
ELECTRIC,2026-08-29 10:00:00-04:00,2026-08-29 10:14:59-04:00,457
ELECTRIC,2026-08-29 10:15:00-04:00,2026-08-29 10:29:59-04:00,29
ELECTRIC,2026-08-29 10:30:00-04:00,2026-08-29 10:44:59-04:00,343
ELECTRIC,2026-08-29 10:45:00-04:00,2026-08-29 10:59:59-04:00,76
ELECTRIC,2026-08-29 11:00:00-04:00,2026-08-29 11:14:59-04:00,33
ELECTRIC,2026-08-29 11:15:00-04:00,2026-08-29 11:29:59-04:00,397
ELECTRIC,2026-08-29 11:30:00-04:00,2026-08-29 11:44:59-04:00,32
ELECTRIC,2026-08-29 11:45:00-04:00,2026-08-29 11:59:59-04:00,234
ELECTRIC,2026-08-29 12:00:00-04:00,2026-08-29 12:14:59-04:00,0
ELECTRIC,2026-08-29 12:15:00-04:00,2026-08-29 12:29:59-04:00,88
ELECTRIC,2026-08-29 12:30:00-04:00,2026-08-29 12:44:59-04:00,14
ELECTRIC,2026-08-29 12:45:00-04:00,2026-08-29 12:59:59-04:00,0
ELECTRIC,2026-08-29 13:00:00-04:00,2026-08-29 13:14:59-04:00,125
ELECTRIC,2026-08-29 13:15:00-04:00,2026-08-29 13:29:59-04:00,28
ELECTRIC,2026-08-29 13:30:00-04:00,2026-08-29 13:44:59-04:00,76
ELECTRIC,2026-08-29 13:45:00-04:00,2026-08-29 13:59:59-04:00,46
ELECTRIC,2026-08-29 14:00:00-04:00,2026-08-29 14:14:59-04:00,19
ELECTRIC,2026-08-29 14:15:00-04:00,2026-08-29 14:29:59-04:00,386
ELECTRIC,2026-08-29 14:30:00-04:00,2026-08-29 14:44:59-04:00,110
ELECTRIC,2026-08-29 14:45:00-04:00,2026-08-29 14:59:59-04:00,458
ELECTRIC,2026-08-29 15:00:00-04:00,2026-08-29 15:14:59-04:00,221
ELECTRIC,2026-08-29 15:15:00-04:00,2026-08-29 15:29:59-04:00,310
ELECTRIC,2026-08-29 15:30:00-04:00,2026-08-29 15:44:59-04:00,259
ELECTRIC,2026-08-29 15:45:00-04:00,2026-08-29 15:59:59-04:00,230
ELECTRIC,2026-08-29 16:00:00-04:00,2026-08-29 16:14:59-04:00,210
ELECTRIC,2026-08-29 16:15:00-04:00,2026-08-29 16:29:59-04:00,0
ELECTRIC,2026-08-29 16:30:00-04:00,2026-08-29 16:44:59-04:00,305
ELECTRIC,2026-08-29 16:45:00-04:00,2026-08-29 16:59:59-04:00,373
ELECTRIC,2026-08-29 17:00:00-04:00,2026-08-29 17:14:59-04:00,439
ELECTRIC,2026-08-29 17:15:00-04:00,2026-08-29 17:29:59-04:00,444
ELECTRIC,2026-08-29 17:30:00-04:00,2026-08-29 17:44:59-04:00,643
ELECTRIC,2026-08-29 17:45:00-04:00,2026-08-29 17:59:59-04:00,639
ELECTRIC,2026-08-29 18:00:00-04:00,2026-08-29 18:14:59-04:00,600
ELECTRIC,2026-08-29 18:15:00-04:00,2026-08-29 18:29:59-04:00,491
ELECTRIC,2026-08-29 18:30:00-04:00,2026-08-29 18:44:59-04:00,488
ELECTRIC,2026-08-29 18:45:00-04:00,2026-08-29 18:59:59-04:00,369
ELECTRIC,2026-08-29 19:00:00-04:00,2026-08-29 19:14:59-04:00,599
ELECTRIC,2026-08-29 19:15:00-04:00,2026-08-29 19:29:59-04:00,685
ELECTRIC,2026-08-29 19:30:00-04:00,2026-08-29 19:44:59-04:00,619
ELECTRIC,2026-08-29 19:45:00-04:00,2026-08-29 19:59:59-04:00,795
ELECTRIC,2026-08-29 20:00:00-04:00,2026-08-29 20:14:59-04:00,525
ELECTRIC,2026-08-29 20:15:00-04:00,2026-08-29 20:29:59-04:00,646
ELECTRIC,2026-08-29 20:30:00-04:00,2026-08-29 20:44:59-04:00,464
ELECTRIC,2026-08-29 20:45:00-04:00,2026-08-29 20:59:59-04:00,793
ELECTRIC,2026-08-29 21:00:00-04:00,2026-08-29 21:14:59-04:00,596
ELECTRIC,2026-08-29 21:15:00-04:00,2026-08-29 21:29:59-04:00,517
ELECTRIC,2026-08-29 21:30:00-04:00,2026-08-29 21:44:59-04:00,337
ELECTRIC,2026-08-29 21:45:00-04:00,2026-08-29 21:59:59-04:00,423
ELECTRIC,2026-08-29 22:00:00-04:00,2026-08-29 22:14:59-04:00,815
ELECTRIC,2026-08-29 22:15:00-04:00,2026-08-29 22:29:59-04:00,384
ELECTRIC,2026-08-29 22:30:00-04:00,2026-08-29 22:44:59-04:00,231
ELECTRIC,2026-08-29 22:45:00-04:00,2026-08-29 22:59:59-04:00,233
ELECTRIC,2026-08-29 23:00:00-04:00,2026-08-29 23:14:59-04:00,616
ELECTRIC,2026-08-29 23:15:00-04:00,2026-08-29 23:29:59-04:00,262
ELECTRIC,2026-08-29 23:30:00-04:00,2026-08-29 23:44:59-04:00,222
ELECTRIC,2026-08-29 23:45:00-04:00,2026-08-29 23:59:59-04:00,220
ELECTRIC,2026-08-30 00:00:00-04:00,2026-08-30 00:14:59-04:00,606
ELECTRIC,2026-08-30 00:15:00-04:00,2026-08-30 00:29:59-04:00,250
ELECTRIC,2026-08-30 00:30:00-04:00,2026-08-30 00:44:59-04:00,310
ELECTRIC,2026-08-30 00:45:00-04:00,2026-08-30 00:59:59-04:00,699
ELECTRIC,2026-08-30 01:00:00-04:00,2026-08-30 01:14:59-04:00,191
ELECTRIC,2026-08-30 01:15:00-04:00,2026-08-30 01:29:59-04:00,515
ELECTRIC,2026-08-30 01:30:00-04:00,2026-08-30 01:44:59-04:00,278
ELECTRIC,2026-08-30 01:45:00-04:00,2026-08-30 01:59:59-04:00,211
ELECTRIC,2026-08-30 02:00:00-04:00,2026-08-30 02:14:59-04:00,212
ELECTRIC,2026-08-30 02:15:00-04:00,2026-08-30 02:29:59-04:00,690
ELECTRIC,2026-08-30 02:30:00-04:00,2026-08-30 02:44:59-04:00,465
ELECTRIC,2026-08-30 02:45:00-04:00,2026-08-30 02:59:59-04:00,163
ELECTRIC,2026-08-30 03:00:00-04:00,2026-08-30 03:14:59-04:00,192
ELECTRIC,2026-08-30 03:15:00-04:00,2026-08-30 03:29:59-04:00,588
ELECTRIC,2026-08-30 03:30:00-04:00,2026-08-30 03:44:59-04:00,217
ELECTRIC,2026-08-30 03:45:00-04:00,2026-08-30 03:59:59-04:00,203
ELECTRIC,2026-08-30 04:00:00-04:00,2026-08-30 04:14:59-04:00,628
ELECTRIC,2026-08-30 04:15:00-04:00,2026-08-30 04:29:59-04:00,478
ELECTRIC,2026-08-30 04:30:00-04:00,2026-08-30 04:44:59-04:00,219
ELECTRIC,2026-08-30 04:45:00-04:00,2026-08-30 04:59:59-04:00,578
ELECTRIC,2026-08-30 05:00:00-04:00,2026-08-30 05:14:59-04:00,166
ELECTRIC,2026-08-30 05:15:00-04:00,2026-08-30 05:29:59-04:00,236
ELECTRIC,2026-08-30 05:30:00-04:00,2026-08-30 05:44:59-04:00,471
ELECTRIC,2026-08-30 05:45:00-04:00,2026-08-30 05:59:59-04:00,571
ELECTRIC,2026-08-30 06:00:00-04:00,2026-08-30 06:14:59-04:00,359
ELECTRIC,2026-08-30 06:15:00-04:00,2026-08-30 06:29:59-04:00,424
ELECTRIC,2026-08-30 06:30:00-04:00,2026-08-30 06:44:59-04:00,448
ELECTRIC,2026-08-30 06:45:00-04:00,2026-08-30 06:59:59-04:00,764
ELECTRIC,2026-08-30 07:00:00-04:00,2026-08-30 07:14:59-04:00,370
ELECTRIC,2026-08-30 07:15:00-04:00,2026-08-30 07:29:59-04:00,468
ELECTRIC,2026-08-30 07:30:00-04:00,2026-08-30 07:44:59-04:00,752
ELECTRIC,2026-08-30 07:45:00-04:00,2026-08-30 07:59:59-04:00,675
ELECTRIC,2026-08-30 08:00:00-04:00,2026-08-30 08:14:59-04:00,318
ELECTRIC,2026-08-30 08:15:00-04:00,2026-08-30 08:29:59-04:00,343
ELECTRIC,2026-08-30 08:30:00-04:00,2026-08-30 08:44:59-04:00,5
ELECTRIC,2026-08-30 08:45:00-04:00,2026-08-30 08:59:59-04:00,318
ELECTRIC,2026-08-30 09:00:00-04:00,2026-08-30 09:14:59-04:00,0
ELECTRIC,2026-08-30 09:15:00-04:00,2026-08-30 09:29:59-04:00,21
ELECTRIC,2026-08-30 09:30:00-04:00,2026-08-30 09:44:59-04:00,0
ELECTRIC,2026-08-30 09:45:00-04:00,2026-08-30 09:59:59-04:00,146
ELECTRIC,2026-08-30 10:00:00-04:00,2026-08-30 10:14:59-04:00,48
ELECTRIC,2026-08-30 10:15:00-04:00,2026-08-30 10:29:59-04:00,0
ELECTRIC,2026-08-30 10:30:00-04:00,2026-08-30 10:44:59-04:00,0
ELECTRIC,2026-08-30 10:45:00-04:00,2026-08-30 10:59:59-04:00,0
ELECTRIC,2026-08-30 11:00:00-04:00,2026-08-30 11:14:59-04:00,101
ELECTRIC,2026-08-30 11:15:00-04:00,2026-08-30 11:29:59-04:00,107
ELECTRIC,2026-08-30 11:30:00-04:00,2026-08-30 11:44:59-04:00,227
ELECTRIC,2026-08-30 11:45:00-04:00,2026-08-30 11:59:59-04:00,373
ELECTRIC,2026-08-30 12:00:00-04:00,2026-08-30 12:14:59-04:00,87
ELECTRIC,2026-08-30 12:15:00-04:00,2026-08-30 12:29:59-04:00,442
ELECTRIC,2026-08-30 12:30:00-04:00,2026-08-30 12:44:59-04:00,409
ELECTRIC,2026-08-30 12:45:00-04:00,2026-08-30 12:59:59-04:00,389
ELECTRIC,2026-08-30 13:00:00-04:00,2026-08-30 13:14:59-04:00,279
ELECTRIC,2026-08-30 13:15:00-04:00,2026-08-30 13:29:59-04:00,267
ELECTRIC,2026-08-30 13:30:00-04:00,2026-08-30 13:44:59-04:00,460
ELECTRIC,2026-08-30 13:45:00-04:00,2026-08-30 13:59:59-04:00,514
ELECTRIC,2026-08-30 14:00:00-04:00,2026-08-30 14:14:59-04:00,575
ELECTRIC,2026-08-30 14:15:00-04:00,2026-08-30 14:29:59-04:00,699
ELECTRIC,2026-08-30 14:30:00-04:00,2026-08-30 14:44:59-04:00,317
ELECTRIC,2026-08-30 14:45:00-04:00,2026-08-30 14:59:59-04:00,31
ELECTRIC,2026-08-30 15:00:00-04:00,2026-08-30 15:14:59-04:00,144
ELECTRIC,2026-08-30 15:15:00-04:00,2026-08-30 15:29:59-04:00,1
ELECTRIC,2026-08-30 15:30:00-04:00,2026-08-30 15:44:59-04:00,0
ELECTRIC,2026-08-30 15:45:00-04:00,2026-08-30 15:59:59-04:00,0
ELECTRIC,2026-08-30 16:00:00-04:00,2026-08-30 16:14:59-04:00,0
ELECTRIC,2026-08-30 16:15:00-04:00,2026-08-30 16:29:59-04:00,0
ELECTRIC,2026-08-30 16:30:00-04:00,2026-08-30 16:44:59-04:00,33
ELECTRIC,2026-08-30 16:45:00-04:00,2026-08-30 16:59:59-04:00,126
ELECTRIC,2026-08-30 17:00:00-04:00,2026-08-30 17:14:59-04:00,199
ELECTRIC,2026-08-30 17:15:00-04:00,2026-08-30 17:29:59-04:00,857
ELECTRIC,2026-08-30 17:30:00-04:00,2026-08-30 17:44:59-04:00,1013
ELECTRIC,2026-08-30 17:45:00-04:00,2026-08-30 17:59:59-04:00,1087
ELECTRIC,2026-08-30 18:00:00-04:00,2026-08-30 18:14:59-04:00,1059
ELECTRIC,2026-08-30 18:15:00-04:00,2026-08-30 18:29:59-04:00,1129
ELECTRIC,2026-08-30 18:30:00-04:00,2026-08-30 18:44:59-04:00,1236
ELECTRIC,2026-08-30 18:45:00-04:00,2026-08-30 18:59:59-04:00,650
ELECTRIC,2026-08-30 19:00:00-04:00,2026-08-30 19:14:59-04:00,765
ELECTRIC,2026-08-30 19:15:00-04:00,2026-08-30 19:29:59-04:00,785
ELECTRIC,2026-08-30 19:30:00-04:00,2026-08-30 19:44:59-04:00,799
ELECTRIC,2026-08-30 19:45:00-04:00,2026-08-30 19:59:59-04:00,557
ELECTRIC,2026-08-30 20:00:00-04:00,2026-08-30 20:14:59-04:00,495
ELECTRIC,2026-08-30 20:15:00-04:00,2026-08-30 20:29:59-04:00,800
ELECTRIC,2026-08-30 20:30:00-04:00,2026-08-30 20:44:59-04:00,547
ELECTRIC,2026-08-30 20:45:00-04:00,2026-08-30 20:59:59-04:00,586
ELECTRIC,2026-08-30 21:00:00-04:00,2026-08-30 21:14:59-04:00,803
ELECTRIC,2026-08-30 21:15:00-04:00,2026-08-30 21:29:59-04:00,446
ELECTRIC,2026-08-30 21:30:00-04:00,2026-08-30 21:44:59-04:00,582
ELECTRIC,2026-08-30 21:45:00-04:00,2026-08-30 21:59:59-04:00,223
ELECTRIC,2026-08-30 22:00:00-04:00,2026-08-30 22:14:59-04:00,790
ELECTRIC,2026-08-30 22:15:00-04:00,2026-08-30 22:29:59-04:00,598
ELECTRIC,2026-08-30 22:30:00-04:00,2026-08-30 22:44:59-04:00,218
ELECTRIC,2026-08-30 22:45:00-04:00,2026-08-30 22:59:59-04:00,224
ELECTRIC,2026-08-30 23:00:00-04:00,2026-08-30 23:14:59-04:00,318
ELECTRIC,2026-08-30 23:15:00-04:00,2026-08-30 23:29:59-04:00,485
ELECTRIC,2026-08-30 23:30:00-04:00,2026-08-30 23:44:59-04:00,183
ELECTRIC,2026-08-30 23:45:00-04:00,2026-08-30 23:59:59-04:00,183
ELECTRIC,2026-08-31 00:00:00-04:00,2026-08-31 00:14:59-04:00,184
ELECTRIC,2026-08-31 00:15:00-04:00,2026-08-31 00:29:59-04:00,499
ELECTRIC,2026-08-31 00:30:00-04:00,2026-08-31 00:44:59-04:00,279
ELECTRIC,2026-08-31 00:45:00-04:00,2026-08-31 00:59:59-04:00,223
ELECTRIC,2026-08-31 01:00:00-04:00,2026-08-31 01:14:59-04:00,199
ELECTRIC,2026-08-31 01:15:00-04:00,2026-08-31 01:29:59-04:00,271
ELECTRIC,2026-08-31 01:30:00-04:00,2026-08-31 01:44:59-04:00,540
ELECTRIC,2026-08-31 01:45:00-04:00,2026-08-31 01:59:59-04:00,193
ELECTRIC,2026-08-31 02:00:00-04:00,2026-08-31 02:14:59-04:00,191
ELECTRIC,2026-08-31 02:15:00-04:00,2026-08-31 02:29:59-04:00,256
ELECTRIC,2026-08-31 02:30:00-04:00,2026-08-31 02:44:59-04:00,552
ELECTRIC,2026-08-31 02:45:00-04:00,2026-08-31 02:59:59-04:00,183
ELECTRIC,2026-08-31 03:00:00-04:00,2026-08-31 03:14:59-04:00,667
ELECTRIC,2026-08-31 03:15:00-04:00,2026-08-31 03:29:59-04:00,312
ELECTRIC,2026-08-31 03:30:00-04:00,2026-08-31 03:44:59-04:00,240
ELECTRIC,2026-08-31 03:45:00-04:00,2026-08-31 03:59:59-04:00,544
ELECTRIC,2026-08-31 04:00:00-04:00,2026-08-31 04:14:59-04:00,200
ELECTRIC,2026-08-31 04:15:00-04:00,2026-08-31 04:29:59-04:00,227
ELECTRIC,2026-08-31 04:30:00-04:00,2026-08-31 04:44:59-04:00,225
ELECTRIC,2026-08-31 04:45:00-04:00,2026-08-31 04:59:59-04:00,490
ELECTRIC,2026-08-31 05:00:00-04:00,2026-08-31 05:14:59-04:00,142
ELECTRIC,2026-08-31 05:15:00-04:00,2026-08-31 05:29:59-04:00,214
ELECTRIC,2026-08-31 05:30:00-04:00,2026-08-31 05:44:59-04:00,630
ELECTRIC,2026-08-31 05:45:00-04:00,2026-08-31 05:59:59-04:00,766
ELECTRIC,2026-08-31 06:00:00-04:00,2026-08-31 06:14:59-04:00,324
ELECTRIC,2026-08-31 06:15:00-04:00,2026-08-31 06:29:59-04:00,518
ELECTRIC,2026-08-31 06:30:00-04:00,2026-08-31 06:44:59-04:00,200
ELECTRIC,2026-08-31 06:45:00-04:00,2026-08-31 06:59:59-04:00,483
ELECTRIC,2026-08-31 07:00:00-04:00,2026-08-31 07:14:59-04:00,429
ELECTRIC,2026-08-31 07:15:00-04:00,2026-08-31 07:29:59-04:00,545
ELECTRIC,2026-08-31 07:30:00-04:00,2026-08-31 07:44:59-04:00,164
ELECTRIC,2026-08-31 07:45:00-04:00,2026-08-31 07:59:59-04:00,479
ELECTRIC,2026-08-31 08:00:00-04:00,2026-08-31 08:14:59-04:00,741
ELECTRIC,2026-08-31 08:15:00-04:00,2026-08-31 08:29:59-04:00,288
ELECTRIC,2026-08-31 08:30:00-04:00,2026-08-31 08:44:59-04:00,425
ELECTRIC,2026-08-31 08:45:00-04:00,2026-08-31 08:59:59-04:00,35
ELECTRIC,2026-08-31 09:00:00-04:00,2026-08-31 09:14:59-04:00,109
ELECTRIC,2026-08-31 09:15:00-04:00,2026-08-31 09:29:59-04:00,181
ELECTRIC,2026-08-31 09:30:00-04:00,2026-08-31 09:44:59-04:00,158
ELECTRIC,2026-08-31 09:45:00-04:00,2026-08-31 09:59:59-04:00,142
ELECTRIC,2026-08-31 10:00:00-04:00,2026-08-31 10:14:59-04:00,527
ELECTRIC,2026-08-31 10:15:00-04:00,2026-08-31 10:29:59-04:00,98
ELECTRIC,2026-08-31 10:30:00-04:00,2026-08-31 10:44:59-04:00,148
ELECTRIC,2026-08-31 10:45:00-04:00,2026-08-31 10:59:59-04:00,9
ELECTRIC,2026-08-31 11:00:00-04:00,2026-08-31 11:14:59-04:00,29
ELECTRIC,2026-08-31 11:15:00-04:00,2026-08-31 11:29:59-04:00,226
ELECTRIC,2026-08-31 11:30:00-04:00,2026-08-31 11:44:59-04:00,35
ELECTRIC,2026-08-31 11:45:00-04:00,2026-08-31 11:59:59-04:00,114
ELECTRIC,2026-08-31 12:00:00-04:00,2026-08-31 12:14:59-04:00,296
ELECTRIC,2026-08-31 12:15:00-04:00,2026-08-31 12:29:59-04:00,269
ELECTRIC,2026-08-31 12:30:00-04:00,2026-08-31 12:44:59-04:00,357
ELECTRIC,2026-08-31 12:45:00-04:00,2026-08-31 12:59:59-04:00,350
ELECTRIC,2026-08-31 13:00:00-04:00,2026-08-31 13:14:59-04:00,417
ELECTRIC,2026-08-31 13:15:00-04:00,2026-08-31 13:29:59-04:00,3
ELECTRIC,2026-08-31 13:30:00-04:00,2026-08-31 13:44:59-04:00,201
ELECTRIC,2026-08-31 13:45:00-04:00,2026-08-31 13:59:59-04:00,370
ELECTRIC,2026-08-31 14:00:00-04:00,2026-08-31 14:14:59-04:00,387
ELECTRIC,2026-08-31 14:15:00-04:00,2026-08-31 14:29:59-04:00,44
ELECTRIC,2026-08-31 14:30:00-04:00,2026-08-31 14:44:59-04:00,212
ELECTRIC,2026-08-31 14:45:00-04:00,2026-08-31 14:59:59-04:00,10
ELECTRIC,2026-08-31 15:00:00-04:00,2026-08-31 15:14:59-04:00,179
ELECTRIC,2026-08-31 15:15:00-04:00,2026-08-31 15:29:59-04:00,0
ELECTRIC,2026-08-31 15:30:00-04:00,2026-08-31 15:44:59-04:00,92
ELECTRIC,2026-08-31 15:45:00-04:00,2026-08-31 15:59:59-04:00,2
ELECTRIC,2026-08-31 16:00:00-04:00,2026-08-31 16:14:59-04:00,129
ELECTRIC,2026-08-31 16:15:00-04:00,2026-08-31 16:29:59-04:00,32
ELECTRIC,2026-08-31 16:30:00-04:00,2026-08-31 16:44:59-04:00,18
ELECTRIC,2026-08-31 16:45:00-04:00,2026-08-31 16:59:59-04:00,100
ELECTRIC,2026-08-31 17:00:00-04:00,2026-08-31 17:14:59-04:00,217
ELECTRIC,2026-08-31 17:15:00-04:00,2026-08-31 17:29:59-04:00,450
ELECTRIC,2026-08-31 17:30:00-04:00,2026-08-31 17:44:59-04:00,211
ELECTRIC,2026-08-31 17:45:00-04:00,2026-08-31 17:59:59-04:00,279
ELECTRIC,2026-08-31 18:00:00-04:00,2026-08-31 18:14:59-04:00,609
ELECTRIC,2026-08-31 18:15:00-04:00,2026-08-31 18:29:59-04:00,523
ELECTRIC,2026-08-31 18:30:00-04:00,2026-08-31 18:44:59-04:00,460
ELECTRIC,2026-08-31 18:45:00-04:00,2026-08-31 18:59:59-04:00,548
ELECTRIC,2026-08-31 19:00:00-04:00,2026-08-31 19:14:59-04:00,658
ELECTRIC,2026-08-31 19:15:00-04:00,2026-08-31 19:29:59-04:00,803
ELECTRIC,2026-08-31 19:30:00-04:00,2026-08-31 19:44:59-04:00,804
ELECTRIC,2026-08-31 19:45:00-04:00,2026-08-31 19:59:59-04:00,789
ELECTRIC,2026-08-31 20:00:00-04:00,2026-08-31 20:14:59-04:00,812
ELECTRIC,2026-08-31 20:15:00-04:00,2026-08-31 20:29:59-04:00,835
ELECTRIC,2026-08-31 20:30:00-04:00,2026-08-31 20:44:59-04:00,833
ELECTRIC,2026-08-31 20:45:00-04:00,2026-08-31 20:59:59-04:00,685
ELECTRIC,2026-08-31 21:00:00-04:00,2026-08-31 21:14:59-04:00,648
ELECTRIC,2026-08-31 21:15:00-04:00,2026-08-31 21:29:59-04:00,779
ELECTRIC,2026-08-31 21:30:00-04:00,2026-08-31 21:44:59-04:00,232
ELECTRIC,2026-08-31 21:45:00-04:00,2026-08-31 21:59:59-04:00,752
ELECTRIC,2026-08-31 22:00:00-04:00,2026-08-31 22:14:59-04:00,726
ELECTRIC,2026-08-31 22:15:00-04:00,2026-08-31 22:29:59-04:00,350
ELECTRIC,2026-08-31 22:30:00-04:00,2026-08-31 22:44:59-04:00,236
ELECTRIC,2026-08-31 22:45:00-04:00,2026-08-31 22:59:59-04:00,811
ELECTRIC,2026-08-31 23:00:00-04:00,2026-08-31 23:14:59-04:00,340
ELECTRIC,2026-08-31 23:15:00-04:00,2026-08-31 23:29:59-04:00,624
ELECTRIC,2026-08-31 23:30:00-04:00,2026-08-31 23:44:59-04:00,229
ELECTRIC,2026-08-31 23:45:00-04:00,2026-08-31 23:59:59-04:00,310
ELECTRIC,2026-09-01 00:00:00-04:00,2026-09-01 00:14:59-04:00,467
ELECTRIC,2026-09-01 00:15:00-04:00,2026-09-01 00:29:59-04:00,221
ELECTRIC,2026-09-01 00:30:00-04:00,2026-09-01 00:44:59-04:00,161
ELECTRIC,2026-09-01 00:45:00-04:00,2026-09-01 00:59:59-04:00,757
ELECTRIC,2026-09-01 01:00:00-04:00,2026-09-01 01:14:59-04:00,431
ELECTRIC,2026-09-01 01:15:00-04:00,2026-09-01 01:29:59-04:00,587
ELECTRIC,2026-09-01 01:30:00-04:00,2026-09-01 01:44:59-04:00,215
ELECTRIC,2026-09-01 01:45:00-04:00,2026-09-01 01:59:59-04:00,163
ELECTRIC,2026-09-01 02:00:00-04:00,2026-09-01 02:14:59-04:00,201
ELECTRIC,2026-09-01 02:15:00-04:00,2026-09-01 02:29:59-04:00,762
ELECTRIC,2026-09-01 02:30:00-04:00,2026-09-01 02:44:59-04:00,338
ELECTRIC,2026-09-01 02:45:00-04:00,2026-09-01 02:59:59-04:00,194
ELECTRIC,2026-09-01 03:00:00-04:00,2026-09-01 03:14:59-04:00,568
ELECTRIC,2026-09-01 03:15:00-04:00,2026-09-01 03:29:59-04:00,211
ELECTRIC,2026-09-01 03:30:00-04:00,2026-09-01 03:44:59-04:00,210
ELECTRIC,2026-09-01 03:45:00-04:00,2026-09-01 03:59:59-04:00,196
ELECTRIC,2026-09-01 04:00:00-04:00,2026-09-01 04:14:59-04:00,520
ELECTRIC,2026-09-01 04:15:00-04:00,2026-09-01 04:29:59-04:00,222
ELECTRIC,2026-09-01 04:30:00-04:00,2026-09-01 04:44:59-04:00,186
ELECTRIC,2026-09-01 04:45:00-04:00,2026-09-01 04:59:59-04:00,757
ELECTRIC,2026-09-01 05:00:00-04:00,2026-09-01 05:14:59-04:00,204
ELECTRIC,2026-09-01 05:15:00-04:00,2026-09-01 05:29:59-04:00,639
ELECTRIC,2026-09-01 05:30:00-04:00,2026-09-01 05:44:59-04:00,221
ELECTRIC,2026-09-01 05:45:00-04:00,2026-09-01 05:59:59-04:00,564
ELECTRIC,2026-09-01 06:00:00-04:00,2026-09-01 06:14:59-04:00,709
ELECTRIC,2026-09-01 06:15:00-04:00,2026-09-01 06:29:59-04:00,502
ELECTRIC,2026-09-01 06:30:00-04:00,2026-09-01 06:44:59-04:00,248
ELECTRIC,2026-09-01 06:45:00-04:00,2026-09-01 06:59:59-04:00,201
ELECTRIC,2026-09-01 07:00:00-04:00,2026-09-01 07:14:59-04:00,209
ELECTRIC,2026-09-01 07:15:00-04:00,2026-09-01 07:29:59-04:00,751
ELECTRIC,2026-09-01 07:30:00-04:00,2026-09-01 07:44:59-04:00,354
ELECTRIC,2026-09-01 07:45:00-04:00,2026-09-01 07:59:59-04:00,757
ELECTRIC,2026-09-01 08:00:00-04:00,2026-09-01 08:14:59-04:00,603
ELECTRIC,2026-09-01 08:15:00-04:00,2026-09-01 08:29:59-04:00,156
ELECTRIC,2026-09-01 08:30:00-04:00,2026-09-01 08:44:59-04:00,566
ELECTRIC,2026-09-01 08:45:00-04:00,2026-09-01 08:59:59-04:00,193
ELECTRIC,2026-09-01 09:00:00-04:00,2026-09-01 09:14:59-04:00,565
ELECTRIC,2026-09-01 09:15:00-04:00,2026-09-01 09:29:59-04:00,164
ELECTRIC,2026-09-01 09:30:00-04:00,2026-09-01 09:44:59-04:00,113
ELECTRIC,2026-09-01 09:45:00-04:00,2026-09-01 09:59:59-04:00,208
ELECTRIC,2026-09-01 10:00:00-04:00,2026-09-01 10:14:59-04:00,460
ELECTRIC,2026-09-01 10:15:00-04:00,2026-09-01 10:29:59-04:00,0
ELECTRIC,2026-09-01 10:30:00-04:00,2026-09-01 10:44:59-04:00,23
ELECTRIC,2026-09-01 10:45:00-04:00,2026-09-01 10:59:59-04:00,26
ELECTRIC,2026-09-01 11:00:00-04:00,2026-09-01 11:14:59-04:00,19
ELECTRIC,2026-09-01 11:15:00-04:00,2026-09-01 11:29:59-04:00,0
ELECTRIC,2026-09-01 11:30:00-04:00,2026-09-01 11:44:59-04:00,0
ELECTRIC,2026-09-01 11:45:00-04:00,2026-09-01 11:59:59-04:00,56
ELECTRIC,2026-09-01 12:00:00-04:00,2026-09-01 12:14:59-04:00,4
ELECTRIC,2026-09-01 12:15:00-04:00,2026-09-01 12:29:59-04:00,0
ELECTRIC,2026-09-01 12:30:00-04:00,2026-09-01 12:44:59-04:00,0
ELECTRIC,2026-09-01 12:45:00-04:00,2026-09-01 12:59:59-04:00,112
ELECTRIC,2026-09-01 13:00:00-04:00,2026-09-01 13:14:59-04:00,0
ELECTRIC,2026-09-01 13:15:00-04:00,2026-09-01 13:29:59-04:00,86
ELECTRIC,2026-09-01 13:30:00-04:00,2026-09-01 13:44:59-04:00,26
ELECTRIC,2026-09-01 13:45:00-04:00,2026-09-01 13:59:59-04:00,0
ELECTRIC,2026-09-01 14:00:00-04:00,2026-09-01 14:14:59-04:00,0
ELECTRIC,2026-09-01 14:15:00-04:00,2026-09-01 14:29:59-04:00,67
ELECTRIC,2026-09-01 14:30:00-04:00,2026-09-01 14:44:59-04:00,48
ELECTRIC,2026-09-01 14:45:00-04:00,2026-09-01 14:59:59-04:00,1
ELECTRIC,2026-09-01 15:00:00-04:00,2026-09-01 15:14:59-04:00,0
ELECTRIC,2026-09-01 15:15:00-04:00,2026-09-01 15:29:59-04:00,0
ELECTRIC,2026-09-01 15:30:00-04:00,2026-09-01 15:44:59-04:00,0
ELECTRIC,2026-09-01 15:45:00-04:00,2026-09-01 15:59:59-04:00,0
ELECTRIC,2026-09-01 16:00:00-04:00,2026-09-01 16:14:59-04:00,128
ELECTRIC,2026-09-01 16:15:00-04:00,2026-09-01 16:29:59-04:00,211
ELECTRIC,2026-09-01 16:30:00-04:00,2026-09-01 16:44:59-04:00,28
ELECTRIC,2026-09-01 16:45:00-04:00,2026-09-01 16:59:59-04:00,532
ELECTRIC,2026-09-01 17:00:00-04:00,2026-09-01 17:14:59-04:00,729
ELECTRIC,2026-09-01 17:15:00-04:00,2026-09-01 17:29:59-04:00,562
ELECTRIC,2026-09-01 17:30:00-04:00,2026-09-01 17:44:59-04:00,354
ELECTRIC,2026-09-01 17:45:00-04:00,2026-09-01 17:59:59-04:00,336
ELECTRIC,2026-09-01 18:00:00-04:00,2026-09-01 18:14:59-04:00,1025
ELECTRIC,2026-09-01 18:15:00-04:00,2026-09-01 18:29:59-04:00,867
ELECTRIC,2026-09-01 18:30:00-04:00,2026-09-01 18:44:59-04:00,487
ELECTRIC,2026-09-01 18:45:00-04:00,2026-09-01 18:59:59-04:00,572
ELECTRIC,2026-09-01 19:00:00-04:00,2026-09-01 19:14:59-04:00,674
ELECTRIC,2026-09-01 19:15:00-04:00,2026-09-01 19:29:59-04:00,782
ELECTRIC,2026-09-01 19:30:00-04:00,2026-09-01 19:44:59-04:00,784
ELECTRIC,2026-09-01 19:45:00-04:00,2026-09-01 19:59:59-04:00,797
ELECTRIC,2026-09-01 20:00:00-04:00,2026-09-01 20:14:59-04:00,851
ELECTRIC,2026-09-01 20:15:00-04:00,2026-09-01 20:29:59-04:00,850
ELECTRIC,2026-09-01 20:30:00-04:00,2026-09-01 20:44:59-04:00,841
ELECTRIC,2026-09-01 20:45:00-04:00,2026-09-01 20:59:59-04:00,840
ELECTRIC,2026-09-01 21:00:00-04:00,2026-09-01 21:14:59-04:00,779
ELECTRIC,2026-09-01 21:15:00-04:00,2026-09-01 21:29:59-04:00,636
ELECTRIC,2026-09-01 21:30:00-04:00,2026-09-01 21:44:59-04:00,467
ELECTRIC,2026-09-01 21:45:00-04:00,2026-09-01 21:59:59-04:00,811
ELECTRIC,2026-09-01 22:00:00-04:00,2026-09-01 22:14:59-04:00,818
ELECTRIC,2026-09-01 22:15:00-04:00,2026-09-01 22:29:59-04:00,781
ELECTRIC,2026-09-01 22:30:00-04:00,2026-09-01 22:44:59-04:00,225
ELECTRIC,2026-09-01 22:45:00-04:00,2026-09-01 22:59:59-04:00,248
ELECTRIC,2026-09-01 23:00:00-04:00,2026-09-01 23:14:59-04:00,609
ELECTRIC,2026-09-01 23:15:00-04:00,2026-09-01 23:29:59-04:00,269
ELECTRIC,2026-09-01 23:30:00-04:00,2026-09-01 23:44:59-04:00,211
ELECTRIC,2026-09-01 23:45:00-04:00,2026-09-01 23:59:59-04:00,585
ELECTRIC,2026-09-02 00:00:00-04:00,2026-09-02 00:14:59-04:00,212
ELECTRIC,2026-09-02 00:15:00-04:00,2026-09-02 00:29:59-04:00,242
ELECTRIC,2026-09-02 00:30:00-04:00,2026-09-02 00:44:59-04:00,760
ELECTRIC,2026-09-02 00:45:00-04:00,2026-09-02 00:59:59-04:00,263
ELECTRIC,2026-09-02 01:00:00-04:00,2026-09-02 01:14:59-04:00,336
ELECTRIC,2026-09-02 01:15:00-04:00,2026-09-02 01:29:59-04:00,790
ELECTRIC,2026-09-02 01:30:00-04:00,2026-09-02 01:44:59-04:00,412
ELECTRIC,2026-09-02 01:45:00-04:00,2026-09-02 01:59:59-04:00,173
ELECTRIC,2026-09-02 02:00:00-04:00,2026-09-02 02:14:59-04:00,577
ELECTRIC,2026-09-02 02:15:00-04:00,2026-09-02 02:29:59-04:00,201
ELECTRIC,2026-09-02 02:30:00-04:00,2026-09-02 02:44:59-04:00,200
ELECTRIC,2026-09-02 02:45:00-04:00,2026-09-02 02:59:59-04:00,312
ELECTRIC,2026-09-02 03:00:00-04:00,2026-09-02 03:14:59-04:00,743
ELECTRIC,2026-09-02 03:15:00-04:00,2026-09-02 03:29:59-04:00,379
ELECTRIC,2026-09-02 03:30:00-04:00,2026-09-02 03:44:59-04:00,184
ELECTRIC,2026-09-02 03:45:00-04:00,2026-09-02 03:59:59-04:00,570
ELECTRIC,2026-09-02 04:00:00-04:00,2026-09-02 04:14:59-04:00,171
ELECTRIC,2026-09-02 04:15:00-04:00,2026-09-02 04:29:59-04:00,203
ELECTRIC,2026-09-02 04:30:00-04:00,2026-09-02 04:44:59-04:00,292
ELECTRIC,2026-09-02 04:45:00-04:00,2026-09-02 04:59:59-04:00,772
ELECTRIC,2026-09-02 05:00:00-04:00,2026-09-02 05:14:59-04:00,220
ELECTRIC,2026-09-02 05:15:00-04:00,2026-09-02 05:29:59-04:00,563
ELECTRIC,2026-09-02 05:30:00-04:00,2026-09-02 05:44:59-04:00,186
ELECTRIC,2026-09-02 05:45:00-04:00,2026-09-02 05:59:59-04:00,708
ELECTRIC,2026-09-02 06:00:00-04:00,2026-09-02 06:14:59-04:00,640
ELECTRIC,2026-09-02 06:15:00-04:00,2026-09-02 06:29:59-04:00,252
ELECTRIC,2026-09-02 06:30:00-04:00,2026-09-02 06:44:59-04:00,476
ELECTRIC,2026-09-02 06:45:00-04:00,2026-09-02 06:59:59-04:00,199
ELECTRIC,2026-09-02 07:00:00-04:00,2026-09-02 07:14:59-04:00,197
ELECTRIC,2026-09-02 07:15:00-04:00,2026-09-02 07:29:59-04:00,495
ELECTRIC,2026-09-02 07:30:00-04:00,2026-09-02 07:44:59-04:00,327
ELECTRIC,2026-09-02 07:45:00-04:00,2026-09-02 07:59:59-04:00,383
ELECTRIC,2026-09-02 08:00:00-04:00,2026-09-02 08:14:59-04:00,343
ELECTRIC,2026-09-02 08:15:00-04:00,2026-09-02 08:29:59-04:00,167
ELECTRIC,2026-09-02 08:30:00-04:00,2026-09-02 08:44:59-04:00,152
ELECTRIC,2026-09-02 08:45:00-04:00,2026-09-02 08:59:59-04:00,150
ELECTRIC,2026-09-02 09:00:00-04:00,2026-09-02 09:14:59-04:00,667
ELECTRIC,2026-09-02 09:15:00-04:00,2026-09-02 09:29:59-04:00,152
ELECTRIC,2026-09-02 09:30:00-04:00,2026-09-02 09:44:59-04:00,181
ELECTRIC,2026-09-02 09:45:00-04:00,2026-09-02 09:59:59-04:00,373
ELECTRIC,2026-09-02 10:00:00-04:00,2026-09-02 10:14:59-04:00,6
ELECTRIC,2026-09-02 10:15:00-04:00,2026-09-02 10:29:59-04:00,238
ELECTRIC,2026-09-02 10:30:00-04:00,2026-09-02 10:44:59-04:00,23
ELECTRIC,2026-09-02 10:45:00-04:00,2026-09-02 10:59:59-04:00,8
ELECTRIC,2026-09-02 11:00:00-04:00,2026-09-02 11:14:59-04:00,28
ELECTRIC,2026-09-02 11:15:00-04:00,2026-09-02 11:29:59-04:00,59
ELECTRIC,2026-09-02 11:30:00-04:00,2026-09-02 11:44:59-04:00,0
ELECTRIC,2026-09-02 11:45:00-04:00,2026-09-02 11:59:59-04:00,27
ELECTRIC,2026-09-02 12:00:00-04:00,2026-09-02 12:14:59-04:00,0
ELECTRIC,2026-09-02 12:15:00-04:00,2026-09-02 12:29:59-04:00,0
ELECTRIC,2026-09-02 12:30:00-04:00,2026-09-02 12:44:59-04:00,32
ELECTRIC,2026-09-02 12:45:00-04:00,2026-09-02 12:59:59-04:00,0
ELECTRIC,2026-09-02 13:00:00-04:00,2026-09-02 13:14:59-04:00,0
ELECTRIC,2026-09-02 13:15:00-04:00,2026-09-02 13:29:59-04:00,0
ELECTRIC,2026-09-02 13:30:00-04:00,2026-09-02 13:44:59-04:00,78
ELECTRIC,2026-09-02 13:45:00-04:00,2026-09-02 13:59:59-04:00,245
ELECTRIC,2026-09-02 14:00:00-04:00,2026-09-02 14:14:59-04:00,210
ELECTRIC,2026-09-02 14:15:00-04:00,2026-09-02 14:29:59-04:00,289
ELECTRIC,2026-09-02 14:30:00-04:00,2026-09-02 14:44:59-04:00,410
ELECTRIC,2026-09-02 14:45:00-04:00,2026-09-02 14:59:59-04:00,623
ELECTRIC,2026-09-02 15:00:00-04:00,2026-09-02 15:14:59-04:00,81
ELECTRIC,2026-09-02 15:15:00-04:00,2026-09-02 15:29:59-04:00,6
ELECTRIC,2026-09-02 15:30:00-04:00,2026-09-02 15:44:59-04:00,0
ELECTRIC,2026-09-02 15:45:00-04:00,2026-09-02 15:59:59-04:00,0
ELECTRIC,2026-09-02 16:00:00-04:00,2026-09-02 16:14:59-04:00,17
ELECTRIC,2026-09-02 16:15:00-04:00,2026-09-02 16:29:59-04:00,283
ELECTRIC,2026-09-02 16:30:00-04:00,2026-09-02 16:44:59-04:00,127
ELECTRIC,2026-09-02 16:45:00-04:00,2026-09-02 16:59:59-04:00,441
ELECTRIC,2026-09-02 17:00:00-04:00,2026-09-02 17:14:59-04:00,571
ELECTRIC,2026-09-02 17:15:00-04:00,2026-09-02 17:29:59-04:00,563
ELECTRIC,2026-09-02 17:30:00-04:00,2026-09-02 17:44:59-04:00,638
ELECTRIC,2026-09-02 17:45:00-04:00,2026-09-02 17:59:59-04:00,335
ELECTRIC,2026-09-02 18:00:00-04:00,2026-09-02 18:14:59-04:00,397
ELECTRIC,2026-09-02 18:15:00-04:00,2026-09-02 18:29:59-04:00,445
ELECTRIC,2026-09-02 18:30:00-04:00,2026-09-02 18:44:59-04:00,490
ELECTRIC,2026-09-02 18:45:00-04:00,2026-09-02 18:59:59-04:00,575
ELECTRIC,2026-09-02 19:00:00-04:00,2026-09-02 19:14:59-04:00,676
ELECTRIC,2026-09-02 19:15:00-04:00,2026-09-02 19:29:59-04:00,843
ELECTRIC,2026-09-02 19:30:00-04:00,2026-09-02 19:44:59-04:00,1111
ELECTRIC,2026-09-02 19:45:00-04:00,2026-09-02 19:59:59-04:00,1017
ELECTRIC,2026-09-02 20:00:00-04:00,2026-09-02 20:14:59-04:00,833
ELECTRIC,2026-09-02 20:15:00-04:00,2026-09-02 20:29:59-04:00,846
ELECTRIC,2026-09-02 20:30:00-04:00,2026-09-02 20:44:59-04:00,852
ELECTRIC,2026-09-02 20:45:00-04:00,2026-09-02 20:59:59-04:00,848
ELECTRIC,2026-09-02 21:00:00-04:00,2026-09-02 21:14:59-04:00,831
ELECTRIC,2026-09-02 21:15:00-04:00,2026-09-02 21:29:59-04:00,723
ELECTRIC,2026-09-02 21:30:00-04:00,2026-09-02 21:44:59-04:00,220
ELECTRIC,2026-09-02 21:45:00-04:00,2026-09-02 21:59:59-04:00,839
ELECTRIC,2026-09-02 22:00:00-04:00,2026-09-02 22:14:59-04:00,846
ELECTRIC,2026-09-02 22:15:00-04:00,2026-09-02 22:29:59-04:00,681
ELECTRIC,2026-09-02 22:30:00-04:00,2026-09-02 22:44:59-04:00,315
ELECTRIC,2026-09-02 22:45:00-04:00,2026-09-02 22:59:59-04:00,305
ELECTRIC,2026-09-02 23:00:00-04:00,2026-09-02 23:14:59-04:00,645
ELECTRIC,2026-09-02 23:15:00-04:00,2026-09-02 23:29:59-04:00,255
ELECTRIC,2026-09-02 23:30:00-04:00,2026-09-02 23:44:59-04:00,448
ELECTRIC,2026-09-02 23:45:00-04:00,2026-09-02 23:59:59-04:00,393
ELECTRIC,2026-09-03 00:00:00-04:00,2026-09-03 00:14:59-04:00,222
ELECTRIC,2026-09-03 00:15:00-04:00,2026-09-03 00:29:59-04:00,258
ELECTRIC,2026-09-03 00:30:00-04:00,2026-09-03 00:44:59-04:00,779
ELECTRIC,2026-09-03 00:45:00-04:00,2026-09-03 00:59:59-04:00,361
ELECTRIC,2026-09-03 01:00:00-04:00,2026-09-03 01:14:59-04:00,214
ELECTRIC,2026-09-03 01:15:00-04:00,2026-09-03 01:29:59-04:00,340
ELECTRIC,2026-09-03 01:30:00-04:00,2026-09-03 01:44:59-04:00,723
ELECTRIC,2026-09-03 01:45:00-04:00,2026-09-03 01:59:59-04:00,225
ELECTRIC,2026-09-03 02:00:00-04:00,2026-09-03 02:14:59-04:00,228
ELECTRIC,2026-09-03 02:15:00-04:00,2026-09-03 02:29:59-04:00,478
ELECTRIC,2026-09-03 02:30:00-04:00,2026-09-03 02:44:59-04:00,335
ELECTRIC,2026-09-03 02:45:00-04:00,2026-09-03 02:59:59-04:00,215
ELECTRIC,2026-09-03 03:00:00-04:00,2026-09-03 03:14:59-04:00,220
ELECTRIC,2026-09-03 03:15:00-04:00,2026-09-03 03:29:59-04:00,706
ELECTRIC,2026-09-03 03:30:00-04:00,2026-09-03 03:44:59-04:00,259
ELECTRIC,2026-09-03 03:45:00-04:00,2026-09-03 03:59:59-04:00,570
ELECTRIC,2026-09-03 04:00:00-04:00,2026-09-03 04:14:59-04:00,208
ELECTRIC,2026-09-03 04:15:00-04:00,2026-09-03 04:29:59-04:00,231
ELECTRIC,2026-09-03 04:30:00-04:00,2026-09-03 04:44:59-04:00,618
ELECTRIC,2026-09-03 04:45:00-04:00,2026-09-03 04:59:59-04:00,219
ELECTRIC,2026-09-03 05:00:00-04:00,2026-09-03 05:14:59-04:00,176
ELECTRIC,2026-09-03 05:15:00-04:00,2026-09-03 05:29:59-04:00,560
ELECTRIC,2026-09-03 05:30:00-04:00,2026-09-03 05:44:59-04:00,767
ELECTRIC,2026-09-03 05:45:00-04:00,2026-09-03 05:59:59-04:00,468
ELECTRIC,2026-09-03 06:00:00-04:00,2026-09-03 06:14:59-04:00,270
ELECTRIC,2026-09-03 06:15:00-04:00,2026-09-03 06:29:59-04:00,496
ELECTRIC,2026-09-03 06:30:00-04:00,2026-09-03 06:44:59-04:00,187
ELECTRIC,2026-09-03 06:45:00-04:00,2026-09-03 06:59:59-04:00,255
ELECTRIC,2026-09-03 07:00:00-04:00,2026-09-03 07:14:59-04:00,727
ELECTRIC,2026-09-03 07:15:00-04:00,2026-09-03 07:29:59-04:00,339
ELECTRIC,2026-09-03 07:30:00-04:00,2026-09-03 07:44:59-04:00,541
ELECTRIC,2026-09-03 07:45:00-04:00,2026-09-03 07:59:59-04:00,163
ELECTRIC,2026-09-03 08:00:00-04:00,2026-09-03 08:14:59-04:00,161
ELECTRIC,2026-09-03 08:15:00-04:00,2026-09-03 08:29:59-04:00,232
ELECTRIC,2026-09-03 08:30:00-04:00,2026-09-03 08:44:59-04:00,125
ELECTRIC,2026-09-03 08:45:00-04:00,2026-09-03 08:59:59-04:00,131
ELECTRIC,2026-09-03 09:00:00-04:00,2026-09-03 09:14:59-04:00,122
ELECTRIC,2026-09-03 09:15:00-04:00,2026-09-03 09:29:59-04:00,142
ELECTRIC,2026-09-03 09:30:00-04:00,2026-09-03 09:44:59-04:00,177
ELECTRIC,2026-09-03 09:45:00-04:00,2026-09-03 09:59:59-04:00,655
ELECTRIC,2026-09-03 10:00:00-04:00,2026-09-03 10:14:59-04:00,563
ELECTRIC,2026-09-03 10:15:00-04:00,2026-09-03 10:29:59-04:00,125
ELECTRIC,2026-09-03 10:30:00-04:00,2026-09-03 10:44:59-04:00,245
ELECTRIC,2026-09-03 10:45:00-04:00,2026-09-03 10:59:59-04:00,23
ELECTRIC,2026-09-03 11:00:00-04:00,2026-09-03 11:14:59-04:00,125
ELECTRIC,2026-09-03 11:15:00-04:00,2026-09-03 11:29:59-04:00,0
ELECTRIC,2026-09-03 11:30:00-04:00,2026-09-03 11:44:59-04:00,18
ELECTRIC,2026-09-03 11:45:00-04:00,2026-09-03 11:59:59-04:00,73
ELECTRIC,2026-09-03 12:00:00-04:00,2026-09-03 12:14:59-04:00,0
ELECTRIC,2026-09-03 12:15:00-04:00,2026-09-03 12:29:59-04:00,34
ELECTRIC,2026-09-03 12:30:00-04:00,2026-09-03 12:44:59-04:00,5
ELECTRIC,2026-09-03 12:45:00-04:00,2026-09-03 12:59:59-04:00,87
ELECTRIC,2026-09-03 13:00:00-04:00,2026-09-03 13:14:59-04:00,4
ELECTRIC,2026-09-03 13:15:00-04:00,2026-09-03 13:29:59-04:00,75
ELECTRIC,2026-09-03 13:30:00-04:00,2026-09-03 13:44:59-04:00,40
ELECTRIC,2026-09-03 13:45:00-04:00,2026-09-03 13:59:59-04:00,173
ELECTRIC,2026-09-03 14:00:00-04:00,2026-09-03 14:14:59-04:00,0
ELECTRIC,2026-09-03 14:15:00-04:00,2026-09-03 14:29:59-04:00,7
ELECTRIC,2026-09-03 14:30:00-04:00,2026-09-03 14:44:59-04:00,43
ELECTRIC,2026-09-03 14:45:00-04:00,2026-09-03 14:59:59-04:00,65
ELECTRIC,2026-09-03 15:00:00-04:00,2026-09-03 15:14:59-04:00,15
ELECTRIC,2026-09-03 15:15:00-04:00,2026-09-03 15:29:59-04:00,100
ELECTRIC,2026-09-03 15:30:00-04:00,2026-09-03 15:44:59-04:00,209
ELECTRIC,2026-09-03 15:45:00-04:00,2026-09-03 15:59:59-04:00,172
ELECTRIC,2026-09-03 16:00:00-04:00,2026-09-03 16:14:59-04:00,79
ELECTRIC,2026-09-03 16:15:00-04:00,2026-09-03 16:29:59-04:00,0
ELECTRIC,2026-09-03 16:30:00-04:00,2026-09-03 16:44:59-04:00,328
ELECTRIC,2026-09-03 16:45:00-04:00,2026-09-03 16:59:59-04:00,496
ELECTRIC,2026-09-03 17:00:00-04:00,2026-09-03 17:14:59-04:00,543
ELECTRIC,2026-09-03 17:15:00-04:00,2026-09-03 17:29:59-04:00,450
ELECTRIC,2026-09-03 17:30:00-04:00,2026-09-03 17:44:59-04:00,351
ELECTRIC,2026-09-03 17:45:00-04:00,2026-09-03 17:59:59-04:00,256
ELECTRIC,2026-09-03 18:00:00-04:00,2026-09-03 18:14:59-04:00,358
ELECTRIC,2026-09-03 18:15:00-04:00,2026-09-03 18:29:59-04:00,398
ELECTRIC,2026-09-03 18:30:00-04:00,2026-09-03 18:44:59-04:00,607
ELECTRIC,2026-09-03 18:45:00-04:00,2026-09-03 18:59:59-04:00,659
ELECTRIC,2026-09-03 19:00:00-04:00,2026-09-03 19:14:59-04:00,651
ELECTRIC,2026-09-03 19:15:00-04:00,2026-09-03 19:29:59-04:00,809
ELECTRIC,2026-09-03 19:30:00-04:00,2026-09-03 19:44:59-04:00,833
ELECTRIC,2026-09-03 19:45:00-04:00,2026-09-03 19:59:59-04:00,885
ELECTRIC,2026-09-03 20:00:00-04:00,2026-09-03 20:14:59-04:00,1552
ELECTRIC,2026-09-03 20:15:00-04:00,2026-09-03 20:29:59-04:00,1054
ELECTRIC,2026-09-03 20:30:00-04:00,2026-09-03 20:44:59-04:00,850
ELECTRIC,2026-09-03 20:45:00-04:00,2026-09-03 20:59:59-04:00,921
ELECTRIC,2026-09-03 21:00:00-04:00,2026-09-03 21:14:59-04:00,806
ELECTRIC,2026-09-03 21:15:00-04:00,2026-09-03 21:29:59-04:00,840
ELECTRIC,2026-09-03 21:30:00-04:00,2026-09-03 21:44:59-04:00,824
ELECTRIC,2026-09-03 21:45:00-04:00,2026-09-03 21:59:59-04:00,818
ELECTRIC,2026-09-03 22:00:00-04:00,2026-09-03 22:14:59-04:00,637
ELECTRIC,2026-09-03 22:15:00-04:00,2026-09-03 22:29:59-04:00,234
ELECTRIC,2026-09-03 22:30:00-04:00,2026-09-03 22:44:59-04:00,239
ELECTRIC,2026-09-03 22:45:00-04:00,2026-09-03 22:59:59-04:00,495
ELECTRIC,2026-09-03 23:00:00-04:00,2026-09-03 23:14:59-04:00,402
ELECTRIC,2026-09-03 23:15:00-04:00,2026-09-03 23:29:59-04:00,645
ELECTRIC,2026-09-03 23:30:00-04:00,2026-09-03 23:44:59-04:00,571
ELECTRIC,2026-09-03 23:45:00-04:00,2026-09-03 23:59:59-04:00,635
ELECTRIC,2026-09-04 00:00:00-04:00,2026-09-04 00:14:59-04:00,233
ELECTRIC,2026-09-04 00:15:00-04:00,2026-09-04 00:29:59-04:00,754
ELECTRIC,2026-09-04 00:30:00-04:00,2026-09-04 00:44:59-04:00,431
ELECTRIC,2026-09-04 00:45:00-04:00,2026-09-04 00:59:59-04:00,409
ELECTRIC,2026-09-04 01:00:00-04:00,2026-09-04 01:14:59-04:00,211
ELECTRIC,2026-09-04 01:15:00-04:00,2026-09-04 01:29:59-04:00,258
ELECTRIC,2026-09-04 01:30:00-04:00,2026-09-04 01:44:59-04:00,785
ELECTRIC,2026-09-04 01:45:00-04:00,2026-09-04 01:59:59-04:00,431
ELECTRIC,2026-09-04 02:00:00-04:00,2026-09-04 02:14:59-04:00,502
ELECTRIC,2026-09-04 02:15:00-04:00,2026-09-04 02:29:59-04:00,214
ELECTRIC,2026-09-04 02:30:00-04:00,2026-09-04 02:44:59-04:00,204
ELECTRIC,2026-09-04 02:45:00-04:00,2026-09-04 02:59:59-04:00,565
ELECTRIC,2026-09-04 03:00:00-04:00,2026-09-04 03:14:59-04:00,530
ELECTRIC,2026-09-04 03:15:00-04:00,2026-09-04 03:29:59-04:00,590
ELECTRIC,2026-09-04 03:30:00-04:00,2026-09-04 03:44:59-04:00,214
ELECTRIC,2026-09-04 03:45:00-04:00,2026-09-04 03:59:59-04:00,213
ELECTRIC,2026-09-04 04:00:00-04:00,2026-09-04 04:14:59-04:00,207
ELECTRIC,2026-09-04 04:15:00-04:00,2026-09-04 04:29:59-04:00,633
ELECTRIC,2026-09-04 04:30:00-04:00,2026-09-04 04:44:59-04:00,737
ELECTRIC,2026-09-04 04:45:00-04:00,2026-09-04 04:59:59-04:00,201
ELECTRIC,2026-09-04 05:00:00-04:00,2026-09-04 05:14:59-04:00,193
ELECTRIC,2026-09-04 05:15:00-04:00,2026-09-04 05:29:59-04:00,179
ELECTRIC,2026-09-04 05:30:00-04:00,2026-09-04 05:44:59-04:00,642
ELECTRIC,2026-09-04 05:45:00-04:00,2026-09-04 05:59:59-04:00,805
ELECTRIC,2026-09-04 06:00:00-04:00,2026-09-04 06:14:59-04:00,746
ELECTRIC,2026-09-04 06:15:00-04:00,2026-09-04 06:29:59-04:00,222
ELECTRIC,2026-09-04 06:30:00-04:00,2026-09-04 06:44:59-04:00,578
ELECTRIC,2026-09-04 06:45:00-04:00,2026-09-04 06:59:59-04:00,193
ELECTRIC,2026-09-04 07:00:00-04:00,2026-09-04 07:14:59-04:00,589
ELECTRIC,2026-09-04 07:15:00-04:00,2026-09-04 07:29:59-04:00,789
ELECTRIC,2026-09-04 07:30:00-04:00,2026-09-04 07:44:59-04:00,627
ELECTRIC,2026-09-04 07:45:00-04:00,2026-09-04 07:59:59-04:00,487
ELECTRIC,2026-09-04 08:00:00-04:00,2026-09-04 08:14:59-04:00,215
ELECTRIC,2026-09-04 08:15:00-04:00,2026-09-04 08:29:59-04:00,192
ELECTRIC,2026-09-04 08:30:00-04:00,2026-09-04 08:44:59-04:00,753
ELECTRIC,2026-09-04 08:45:00-04:00,2026-09-04 08:59:59-04:00,455
ELECTRIC,2026-09-04 09:00:00-04:00,2026-09-04 09:14:59-04:00,537
ELECTRIC,2026-09-04 09:15:00-04:00,2026-09-04 09:29:59-04:00,112
ELECTRIC,2026-09-04 09:30:00-04:00,2026-09-04 09:44:59-04:00,16
ELECTRIC,2026-09-04 09:45:00-04:00,2026-09-04 09:59:59-04:00,447
ELECTRIC,2026-09-04 10:00:00-04:00,2026-09-04 10:14:59-04:00,27
ELECTRIC,2026-09-04 10:15:00-04:00,2026-09-04 10:29:59-04:00,389
ELECTRIC,2026-09-04 10:30:00-04:00,2026-09-04 10:44:59-04:00,125
ELECTRIC,2026-09-04 10:45:00-04:00,2026-09-04 10:59:59-04:00,0
ELECTRIC,2026-09-04 11:00:00-04:00,2026-09-04 11:14:59-04:00,0
ELECTRIC,2026-09-04 11:15:00-04:00,2026-09-04 11:29:59-04:00,0
ELECTRIC,2026-09-04 11:30:00-04:00,2026-09-04 11:44:59-04:00,0
ELECTRIC,2026-09-04 11:45:00-04:00,2026-09-04 11:59:59-04:00,6
ELECTRIC,2026-09-04 12:00:00-04:00,2026-09-04 12:14:59-04:00,0
ELECTRIC,2026-09-04 12:15:00-04:00,2026-09-04 12:29:59-04:00,0
ELECTRIC,2026-09-04 12:30:00-04:00,2026-09-04 12:44:59-04:00,0
ELECTRIC,2026-09-04 12:45:00-04:00,2026-09-04 12:59:59-04:00,8
ELECTRIC,2026-09-04 13:00:00-04:00,2026-09-04 13:14:59-04:00,54
ELECTRIC,2026-09-04 13:15:00-04:00,2026-09-04 13:29:59-04:00,302
ELECTRIC,2026-09-04 13:30:00-04:00,2026-09-04 13:44:59-04:00,401
ELECTRIC,2026-09-04 13:45:00-04:00,2026-09-04 13:59:59-04:00,48
ELECTRIC,2026-09-04 14:00:00-04:00,2026-09-04 14:14:59-04:00,0
ELECTRIC,2026-09-04 14:15:00-04:00,2026-09-04 14:29:59-04:00,124
ELECTRIC,2026-09-04 14:30:00-04:00,2026-09-04 14:44:59-04:00,0
ELECTRIC,2026-09-04 14:45:00-04:00,2026-09-04 14:59:59-04:00,0
ELECTRIC,2026-09-04 15:00:00-04:00,2026-09-04 15:14:59-04:00,0
ELECTRIC,2026-09-04 15:15:00-04:00,2026-09-04 15:29:59-04:00,153
ELECTRIC,2026-09-04 15:30:00-04:00,2026-09-04 15:44:59-04:00,27
ELECTRIC,2026-09-04 15:45:00-04:00,2026-09-04 15:59:59-04:00,0
ELECTRIC,2026-09-04 16:00:00-04:00,2026-09-04 16:14:59-04:00,152
ELECTRIC,2026-09-04 16:15:00-04:00,2026-09-04 16:29:59-04:00,254
ELECTRIC,2026-09-04 16:30:00-04:00,2026-09-04 16:44:59-04:00,55
ELECTRIC,2026-09-04 16:45:00-04:00,2026-09-04 16:59:59-04:00,80
ELECTRIC,2026-09-04 17:00:00-04:00,2026-09-04 17:14:59-04:00,134
ELECTRIC,2026-09-04 17:15:00-04:00,2026-09-04 17:29:59-04:00,242
ELECTRIC,2026-09-04 17:30:00-04:00,2026-09-04 17:44:59-04:00,235
ELECTRIC,2026-09-04 17:45:00-04:00,2026-09-04 17:59:59-04:00,280
ELECTRIC,2026-09-04 18:00:00-04:00,2026-09-04 18:14:59-04:00,449
ELECTRIC,2026-09-04 18:15:00-04:00,2026-09-04 18:29:59-04:00,324
ELECTRIC,2026-09-04 18:30:00-04:00,2026-09-04 18:44:59-04:00,374
ELECTRIC,2026-09-04 18:45:00-04:00,2026-09-04 18:59:59-04:00,500
ELECTRIC,2026-09-04 19:00:00-04:00,2026-09-04 19:14:59-04:00,615
ELECTRIC,2026-09-04 19:15:00-04:00,2026-09-04 19:29:59-04:00,798
ELECTRIC,2026-09-04 19:30:00-04:00,2026-09-04 19:44:59-04:00,814
ELECTRIC,2026-09-04 19:45:00-04:00,2026-09-04 19:59:59-04:00,820
ELECTRIC,2026-09-04 20:00:00-04:00,2026-09-04 20:14:59-04:00,825
ELECTRIC,2026-09-04 20:15:00-04:00,2026-09-04 20:29:59-04:00,823
ELECTRIC,2026-09-04 20:30:00-04:00,2026-09-04 20:44:59-04:00,835
ELECTRIC,2026-09-04 20:45:00-04:00,2026-09-04 20:59:59-04:00,821
ELECTRIC,2026-09-04 21:00:00-04:00,2026-09-04 21:14:59-04:00,517
ELECTRIC,2026-09-04 21:15:00-04:00,2026-09-04 21:29:59-04:00,620
ELECTRIC,2026-09-04 21:30:00-04:00,2026-09-04 21:44:59-04:00,825
ELECTRIC,2026-09-04 21:45:00-04:00,2026-09-04 21:59:59-04:00,459
ELECTRIC,2026-09-04 22:00:00-04:00,2026-09-04 22:14:59-04:00,617
ELECTRIC,2026-09-04 22:15:00-04:00,2026-09-04 22:29:59-04:00,779
ELECTRIC,2026-09-04 22:30:00-04:00,2026-09-04 22:44:59-04:00,219
ELECTRIC,2026-09-04 22:45:00-04:00,2026-09-04 22:59:59-04:00,625
ELECTRIC,2026-09-04 23:00:00-04:00,2026-09-04 23:14:59-04:00,253
ELECTRIC,2026-09-04 23:15:00-04:00,2026-09-04 23:29:59-04:00,438
ELECTRIC,2026-09-04 23:30:00-04:00,2026-09-04 23:44:59-04:00,676
ELECTRIC,2026-09-04 23:45:00-04:00,2026-09-04 23:59:59-04:00,522
ELECTRIC,2026-09-05 00:00:00-04:00,2026-09-05 00:14:59-04:00,278
ELECTRIC,2026-09-05 00:15:00-04:00,2026-09-05 00:29:59-04:00,255
ELECTRIC,2026-09-05 00:30:00-04:00,2026-09-05 00:44:59-04:00,788
ELECTRIC,2026-09-05 00:45:00-04:00,2026-09-05 00:59:59-04:00,414
ELECTRIC,2026-09-05 01:00:00-04:00,2026-09-05 01:14:59-04:00,550
ELECTRIC,2026-09-05 01:15:00-04:00,2026-09-05 01:29:59-04:00,205
ELECTRIC,2026-09-05 01:30:00-04:00,2026-09-05 01:44:59-04:00,366
ELECTRIC,2026-09-05 01:45:00-04:00,2026-09-05 01:59:59-04:00,727
ELECTRIC,2026-09-05 02:00:00-04:00,2026-09-05 02:14:59-04:00,184
ELECTRIC,2026-09-05 02:15:00-04:00,2026-09-05 02:29:59-04:00,528
ELECTRIC,2026-09-05 02:30:00-04:00,2026-09-05 02:44:59-04:00,196
ELECTRIC,2026-09-05 02:45:00-04:00,2026-09-05 02:59:59-04:00,256
ELECTRIC,2026-09-05 03:00:00-04:00,2026-09-05 03:14:59-04:00,715
ELECTRIC,2026-09-05 03:15:00-04:00,2026-09-05 03:29:59-04:00,532
ELECTRIC,2026-09-05 03:30:00-04:00,2026-09-05 03:44:59-04:00,207
ELECTRIC,2026-09-05 03:45:00-04:00,2026-09-05 03:59:59-04:00,187
ELECTRIC,2026-09-05 04:00:00-04:00,2026-09-05 04:14:59-04:00,188
ELECTRIC,2026-09-05 04:15:00-04:00,2026-09-05 04:29:59-04:00,743
ELECTRIC,2026-09-05 04:30:00-04:00,2026-09-05 04:44:59-04:00,439
ELECTRIC,2026-09-05 04:45:00-04:00,2026-09-05 04:59:59-04:00,307
ELECTRIC,2026-09-05 05:00:00-04:00,2026-09-05 05:14:59-04:00,169
ELECTRIC,2026-09-05 05:15:00-04:00,2026-09-05 05:29:59-04:00,183
ELECTRIC,2026-09-05 05:30:00-04:00,2026-09-05 05:44:59-04:00,585
ELECTRIC,2026-09-05 05:45:00-04:00,2026-09-05 05:59:59-04:00,466
ELECTRIC,2026-09-05 06:00:00-04:00,2026-09-05 06:14:59-04:00,461
ELECTRIC,2026-09-05 06:15:00-04:00,2026-09-05 06:29:59-04:00,292
ELECTRIC,2026-09-05 06:30:00-04:00,2026-09-05 06:44:59-04:00,370
ELECTRIC,2026-09-05 06:45:00-04:00,2026-09-05 06:59:59-04:00,762
ELECTRIC,2026-09-05 07:00:00-04:00,2026-09-05 07:14:59-04:00,449
ELECTRIC,2026-09-05 07:15:00-04:00,2026-09-05 07:29:59-04:00,324
ELECTRIC,2026-09-05 07:30:00-04:00,2026-09-05 07:44:59-04:00,678
ELECTRIC,2026-09-05 07:45:00-04:00,2026-09-05 07:59:59-04:00,509
ELECTRIC,2026-09-05 08:00:00-04:00,2026-09-05 08:14:59-04:00,211
ELECTRIC,2026-09-05 08:15:00-04:00,2026-09-05 08:29:59-04:00,152
ELECTRIC,2026-09-05 08:30:00-04:00,2026-09-05 08:44:59-04:00,664
ELECTRIC,2026-09-05 08:45:00-04:00,2026-09-05 08:59:59-04:00,279
ELECTRIC,2026-09-05 09:00:00-04:00,2026-09-05 09:14:59-04:00,474
ELECTRIC,2026-09-05 09:15:00-04:00,2026-09-05 09:29:59-04:00,101
ELECTRIC,2026-09-05 09:30:00-04:00,2026-09-05 09:44:59-04:00,256
ELECTRIC,2026-09-05 09:45:00-04:00,2026-09-05 09:59:59-04:00,272
ELECTRIC,2026-09-05 10:00:00-04:00,2026-09-05 10:14:59-04:00,20
ELECTRIC,2026-09-05 10:15:00-04:00,2026-09-05 10:29:59-04:00,335
ELECTRIC,2026-09-05 10:30:00-04:00,2026-09-05 10:44:59-04:00,5
ELECTRIC,2026-09-05 10:45:00-04:00,2026-09-05 10:59:59-04:00,71
ELECTRIC,2026-09-05 11:00:00-04:00,2026-09-05 11:14:59-04:00,70
ELECTRIC,2026-09-05 11:15:00-04:00,2026-09-05 11:29:59-04:00,131
ELECTRIC,2026-09-05 11:30:00-04:00,2026-09-05 11:44:59-04:00,134
ELECTRIC,2026-09-05 11:45:00-04:00,2026-09-05 11:59:59-04:00,33
ELECTRIC,2026-09-05 12:00:00-04:00,2026-09-05 12:14:59-04:00,120
ELECTRIC,2026-09-05 12:15:00-04:00,2026-09-05 12:29:59-04:00,0
ELECTRIC,2026-09-05 12:30:00-04:00,2026-09-05 12:44:59-04:00,0
ELECTRIC,2026-09-05 12:45:00-04:00,2026-09-05 12:59:59-04:00,0
ELECTRIC,2026-09-05 13:00:00-04:00,2026-09-05 13:14:59-04:00,0
ELECTRIC,2026-09-05 13:15:00-04:00,2026-09-05 13:29:59-04:00,0
ELECTRIC,2026-09-05 13:30:00-04:00,2026-09-05 13:44:59-04:00,0
ELECTRIC,2026-09-05 13:45:00-04:00,2026-09-05 13:59:59-04:00,0
ELECTRIC,2026-09-05 14:00:00-04:00,2026-09-05 14:14:59-04:00,128
ELECTRIC,2026-09-05 14:15:00-04:00,2026-09-05 14:29:59-04:00,0
ELECTRIC,2026-09-05 14:30:00-04:00,2026-09-05 14:44:59-04:00,0
ELECTRIC,2026-09-05 14:45:00-04:00,2026-09-05 14:59:59-04:00,0
ELECTRIC,2026-09-05 15:00:00-04:00,2026-09-05 15:14:59-04:00,0
ELECTRIC,2026-09-05 15:15:00-04:00,2026-09-05 15:29:59-04:00,0
ELECTRIC,2026-09-05 15:30:00-04:00,2026-09-05 15:44:59-04:00,0
ELECTRIC,2026-09-05 15:45:00-04:00,2026-09-05 15:59:59-04:00,0
ELECTRIC,2026-09-05 16:00:00-04:00,2026-09-05 16:14:59-04:00,5
ELECTRIC,2026-09-05 16:15:00-04:00,2026-09-05 16:29:59-04:00,43
ELECTRIC,2026-09-05 16:30:00-04:00,2026-09-05 16:44:59-04:00,600
ELECTRIC,2026-09-05 16:45:00-04:00,2026-09-05 16:59:59-04:00,1027
ELECTRIC,2026-09-05 17:00:00-04:00,2026-09-05 17:14:59-04:00,653
ELECTRIC,2026-09-05 17:15:00-04:00,2026-09-05 17:29:59-04:00,248
ELECTRIC,2026-09-05 17:30:00-04:00,2026-09-05 17:44:59-04:00,229
ELECTRIC,2026-09-05 17:45:00-04:00,2026-09-05 17:59:59-04:00,285
ELECTRIC,2026-09-05 18:00:00-04:00,2026-09-05 18:14:59-04:00,393
ELECTRIC,2026-09-05 18:15:00-04:00,2026-09-05 18:29:59-04:00,849
ELECTRIC,2026-09-05 18:30:00-04:00,2026-09-05 18:44:59-04:00,1138
ELECTRIC,2026-09-05 18:45:00-04:00,2026-09-05 18:59:59-04:00,1008
ELECTRIC,2026-09-05 19:00:00-04:00,2026-09-05 19:14:59-04:00,783
ELECTRIC,2026-09-05 19:15:00-04:00,2026-09-05 19:29:59-04:00,807
ELECTRIC,2026-09-05 19:30:00-04:00,2026-09-05 19:44:59-04:00,812
ELECTRIC,2026-09-05 19:45:00-04:00,2026-09-05 19:59:59-04:00,802
ELECTRIC,2026-09-05 20:00:00-04:00,2026-09-05 20:14:59-04:00,805
ELECTRIC,2026-09-05 20:15:00-04:00,2026-09-05 20:29:59-04:00,806
ELECTRIC,2026-09-05 20:30:00-04:00,2026-09-05 20:44:59-04:00,790
ELECTRIC,2026-09-05 20:45:00-04:00,2026-09-05 20:59:59-04:00,788
ELECTRIC,2026-09-05 21:00:00-04:00,2026-09-05 21:14:59-04:00,778
ELECTRIC,2026-09-05 21:15:00-04:00,2026-09-05 21:29:59-04:00,833
ELECTRIC,2026-09-05 21:30:00-04:00,2026-09-05 21:44:59-04:00,817
ELECTRIC,2026-09-05 21:45:00-04:00,2026-09-05 21:59:59-04:00,569
ELECTRIC,2026-09-05 22:00:00-04:00,2026-09-05 22:14:59-04:00,685
ELECTRIC,2026-09-05 22:15:00-04:00,2026-09-05 22:29:59-04:00,522
ELECTRIC,2026-09-05 22:30:00-04:00,2026-09-05 22:44:59-04:00,421
ELECTRIC,2026-09-05 22:45:00-04:00,2026-09-05 22:59:59-04:00,443
ELECTRIC,2026-09-05 23:00:00-04:00,2026-09-05 23:14:59-04:00,348
ELECTRIC,2026-09-05 23:15:00-04:00,2026-09-05 23:29:59-04:00,489
ELECTRIC,2026-09-05 23:30:00-04:00,2026-09-05 23:44:59-04:00,473
ELECTRIC,2026-09-05 23:45:00-04:00,2026-09-05 23:59:59-04:00,775
ELECTRIC,2026-09-06 00:00:00-04:00,2026-09-06 00:14:59-04:00,445
ELECTRIC,2026-09-06 00:15:00-04:00,2026-09-06 00:29:59-04:00,595
ELECTRIC,2026-09-06 00:30:00-04:00,2026-09-06 00:44:59-04:00,236
ELECTRIC,2026-09-06 00:45:00-04:00,2026-09-06 00:59:59-04:00,178
ELECTRIC,2026-09-06 01:00:00-04:00,2026-09-06 01:14:59-04:00,514
ELECTRIC,2026-09-06 01:15:00-04:00,2026-09-06 01:29:59-04:00,284
ELECTRIC,2026-09-06 01:30:00-04:00,2026-09-06 01:44:59-04:00,616
ELECTRIC,2026-09-06 01:45:00-04:00,2026-09-06 01:59:59-04:00,445
ELECTRIC,2026-09-06 02:00:00-04:00,2026-09-06 02:14:59-04:00,453
ELECTRIC,2026-09-06 02:15:00-04:00,2026-09-06 02:29:59-04:00,163
ELECTRIC,2026-09-06 02:30:00-04:00,2026-09-06 02:44:59-04:00,182
ELECTRIC,2026-09-06 02:45:00-04:00,2026-09-06 02:59:59-04:00,467
ELECTRIC,2026-09-06 03:00:00-04:00,2026-09-06 03:14:59-04:00,603
ELECTRIC,2026-09-06 03:15:00-04:00,2026-09-06 03:29:59-04:00,201
ELECTRIC,2026-09-06 03:30:00-04:00,2026-09-06 03:44:59-04:00,465
ELECTRIC,2026-09-06 03:45:00-04:00,2026-09-06 03:59:59-04:00,282
ELECTRIC,2026-09-06 04:00:00-04:00,2026-09-06 04:14:59-04:00,188
ELECTRIC,2026-09-06 04:15:00-04:00,2026-09-06 04:29:59-04:00,221
ELECTRIC,2026-09-06 04:30:00-04:00,2026-09-06 04:44:59-04:00,449
ELECTRIC,2026-09-06 04:45:00-04:00,2026-09-06 04:59:59-04:00,289
ELECTRIC,2026-09-06 05:00:00-04:00,2026-09-06 05:14:59-04:00,229
ELECTRIC,2026-09-06 05:15:00-04:00,2026-09-06 05:29:59-04:00,624
ELECTRIC,2026-09-06 05:30:00-04:00,2026-09-06 05:44:59-04:00,316
ELECTRIC,2026-09-06 05:45:00-04:00,2026-09-06 05:59:59-04:00,543
ELECTRIC,2026-09-06 06:00:00-04:00,2026-09-06 06:14:59-04:00,163
ELECTRIC,2026-09-06 06:15:00-04:00,2026-09-06 06:29:59-04:00,199
ELECTRIC,2026-09-06 06:30:00-04:00,2026-09-06 06:44:59-04:00,449
ELECTRIC,2026-09-06 06:45:00-04:00,2026-09-06 06:59:59-04:00,746
ELECTRIC,2026-09-06 07:00:00-04:00,2026-09-06 07:14:59-04:00,326
ELECTRIC,2026-09-06 07:15:00-04:00,2026-09-06 07:29:59-04:00,541
ELECTRIC,2026-09-06 07:30:00-04:00,2026-09-06 07:44:59-04:00,167
ELECTRIC,2026-09-06 07:45:00-04:00,2026-09-06 07:59:59-04:00,138
ELECTRIC,2026-09-06 08:00:00-04:00,2026-09-06 08:14:59-04:00,575
ELECTRIC,2026-09-06 08:15:00-04:00,2026-09-06 08:29:59-04:00,199
ELECTRIC,2026-09-06 08:30:00-04:00,2026-09-06 08:44:59-04:00,463
ELECTRIC,2026-09-06 08:45:00-04:00,2026-09-06 08:59:59-04:00,89
ELECTRIC,2026-09-06 09:00:00-04:00,2026-09-06 09:14:59-04:00,89
ELECTRIC,2026-09-06 09:15:00-04:00,2026-09-06 09:29:59-04:00,108
ELECTRIC,2026-09-06 09:30:00-04:00,2026-09-06 09:44:59-04:00,61
ELECTRIC,2026-09-06 09:45:00-04:00,2026-09-06 09:59:59-04:00,55
ELECTRIC,2026-09-06 10:00:00-04:00,2026-09-06 10:14:59-04:00,2
ELECTRIC,2026-09-06 10:15:00-04:00,2026-09-06 10:29:59-04:00,1
ELECTRIC,2026-09-06 10:30:00-04:00,2026-09-06 10:44:59-04:00,0
ELECTRIC,2026-09-06 10:45:00-04:00,2026-09-06 10:59:59-04:00,0
ELECTRIC,2026-09-06 11:00:00-04:00,2026-09-06 11:14:59-04:00,12
ELECTRIC,2026-09-06 11:15:00-04:00,2026-09-06 11:29:59-04:00,95
ELECTRIC,2026-09-06 11:30:00-04:00,2026-09-06 11:44:59-04:00,0
ELECTRIC,2026-09-06 11:45:00-04:00,2026-09-06 11:59:59-04:00,0
ELECTRIC,2026-09-06 12:00:00-04:00,2026-09-06 12:14:59-04:00,4
ELECTRIC,2026-09-06 12:15:00-04:00,2026-09-06 12:29:59-04:00,0
ELECTRIC,2026-09-06 12:30:00-04:00,2026-09-06 12:44:59-04:00,14
ELECTRIC,2026-09-06 12:45:00-04:00,2026-09-06 12:59:59-04:00,1
ELECTRIC,2026-09-06 13:00:00-04:00,2026-09-06 13:14:59-04:00,0
ELECTRIC,2026-09-06 13:15:00-04:00,2026-09-06 13:29:59-04:00,0
ELECTRIC,2026-09-06 13:30:00-04:00,2026-09-06 13:44:59-04:00,0
ELECTRIC,2026-09-06 13:45:00-04:00,2026-09-06 13:59:59-04:00,0
ELECTRIC,2026-09-06 14:00:00-04:00,2026-09-06 14:14:59-04:00,0
ELECTRIC,2026-09-06 14:15:00-04:00,2026-09-06 14:29:59-04:00,0
ELECTRIC,2026-09-06 14:30:00-04:00,2026-09-06 14:44:59-04:00,83
ELECTRIC,2026-09-06 14:45:00-04:00,2026-09-06 14:59:59-04:00,72
ELECTRIC,2026-09-06 15:00:00-04:00,2026-09-06 15:14:59-04:00,0
ELECTRIC,2026-09-06 15:15:00-04:00,2026-09-06 15:29:59-04:00,0
ELECTRIC,2026-09-06 15:30:00-04:00,2026-09-06 15:44:59-04:00,0
ELECTRIC,2026-09-06 15:45:00-04:00,2026-09-06 15:59:59-04:00,0
ELECTRIC,2026-09-06 16:00:00-04:00,2026-09-06 16:14:59-04:00,6
ELECTRIC,2026-09-06 16:15:00-04:00,2026-09-06 16:29:59-04:00,549
ELECTRIC,2026-09-06 16:30:00-04:00,2026-09-06 16:44:59-04:00,605
ELECTRIC,2026-09-06 16:45:00-04:00,2026-09-06 16:59:59-04:00,619
ELECTRIC,2026-09-06 17:00:00-04:00,2026-09-06 17:14:59-04:00,642
ELECTRIC,2026-09-06 17:15:00-04:00,2026-09-06 17:29:59-04:00,650
ELECTRIC,2026-09-06 17:30:00-04:00,2026-09-06 17:44:59-04:00,701
ELECTRIC,2026-09-06 17:45:00-04:00,2026-09-06 17:59:59-04:00,787
ELECTRIC,2026-09-06 18:00:00-04:00,2026-09-06 18:14:59-04:00,851
ELECTRIC,2026-09-06 18:15:00-04:00,2026-09-06 18:29:59-04:00,825
ELECTRIC,2026-09-06 18:30:00-04:00,2026-09-06 18:44:59-04:00,817
ELECTRIC,2026-09-06 18:45:00-04:00,2026-09-06 18:59:59-04:00,815
ELECTRIC,2026-09-06 19:00:00-04:00,2026-09-06 19:14:59-04:00,816
ELECTRIC,2026-09-06 19:15:00-04:00,2026-09-06 19:29:59-04:00,391
ELECTRIC,2026-09-06 19:30:00-04:00,2026-09-06 19:44:59-04:00,1194
ELECTRIC,2026-09-06 19:45:00-04:00,2026-09-06 19:59:59-04:00,1380
ELECTRIC,2026-09-06 20:00:00-04:00,2026-09-06 20:14:59-04:00,1318
ELECTRIC,2026-09-06 20:15:00-04:00,2026-09-06 20:29:59-04:00,1271
ELECTRIC,2026-09-06 20:30:00-04:00,2026-09-06 20:44:59-04:00,1045
ELECTRIC,2026-09-06 20:45:00-04:00,2026-09-06 20:59:59-04:00,1312
ELECTRIC,2026-09-06 21:00:00-04:00,2026-09-06 21:14:59-04:00,944
ELECTRIC,2026-09-06 21:15:00-04:00,2026-09-06 21:29:59-04:00,841
ELECTRIC,2026-09-06 21:30:00-04:00,2026-09-06 21:44:59-04:00,872
ELECTRIC,2026-09-06 21:45:00-04:00,2026-09-06 21:59:59-04:00,883
ELECTRIC,2026-09-06 22:00:00-04:00,2026-09-06 22:14:59-04:00,1078
ELECTRIC,2026-09-06 22:15:00-04:00,2026-09-06 22:29:59-04:00,1245
ELECTRIC,2026-09-06 22:30:00-04:00,2026-09-06 22:44:59-04:00,814
ELECTRIC,2026-09-06 22:45:00-04:00,2026-09-06 22:59:59-04:00,724
ELECTRIC,2026-09-06 23:00:00-04:00,2026-09-06 23:14:59-04:00,465
ELECTRIC,2026-09-06 23:15:00-04:00,2026-09-06 23:29:59-04:00,338
ELECTRIC,2026-09-06 23:30:00-04:00,2026-09-06 23:44:59-04:00,196
ELECTRIC,2026-09-06 23:45:00-04:00,2026-09-06 23:59:59-04:00,530
GAS,2026-08-13 00:00:00-04:00,2026-08-13 00:59:59-04:00,0
GAS,2026-08-13 01:00:00-04:00,2026-08-13 01:59:59-04:00,0
GAS,2026-08-13 02:00:00-04:00,2026-08-13 02:59:59-04:00,2000
GAS,2026-08-13 03:00:00-04:00,2026-08-13 03:59:59-04:00,0
GAS,2026-08-13 04:00:00-04:00,2026-08-13 04:59:59-04:00,0
GAS,2026-08-13 05:00:00-04:00,2026-08-13 05:59:59-04:00,0
GAS,2026-08-13 06:00:00-04:00,2026-08-13 06:59:59-04:00,0
GAS,2026-08-13 07:00:00-04:00,2026-08-13 07:59:59-04:00,2000
GAS,2026-08-13 08:00:00-04:00,2026-08-13 08:59:59-04:00,0
GAS,2026-08-13 09:00:00-04:00,2026-08-13 09:59:59-04:00,0
GAS,2026-08-13 10:00:00-04:00,2026-08-13 10:59:59-04:00,0
GAS,2026-08-13 11:00:00-04:00,2026-08-13 11:59:59-04:00,0
GAS,2026-08-13 12:00:00-04:00,2026-08-13 12:59:59-04:00,2000
GAS,2026-08-13 13:00:00-04:00,2026-08-13 13:59:59-04:00,0
GAS,2026-08-13 14:00:00-04:00,2026-08-13 14:59:59-04:00,0
GAS,2026-08-13 15:00:00-04:00,2026-08-13 15:59:59-04:00,0
GAS,2026-08-13 16:00:00-04:00,2026-08-13 16:59:59-04:00,0
GAS,2026-08-13 17:00:00-04:00,2026-08-13 17:59:59-04:00,2000
GAS,2026-08-13 18:00:00-04:00,2026-08-13 18:59:59-04:00,0
GAS,2026-08-13 19:00:00-04:00,2026-08-13 19:59:59-04:00,0
GAS,2026-08-13 20:00:00-04:00,2026-08-13 20:59:59-04:00,0
GAS,2026-08-13 21:00:00-04:00,2026-08-13 21:59:59-04:00,0
GAS,2026-08-13 22:00:00-04:00,2026-08-13 22:59:59-04:00,2000
GAS,2026-08-13 23:00:00-04:00,2026-08-13 23:59:59-04:00,0
GAS,2026-08-14 00:00:00-04:00,2026-08-14 00:59:59-04:00,0
GAS,2026-08-14 01:00:00-04:00,2026-08-14 01:59:59-04:00,0
GAS,2026-08-14 02:00:00-04:00,2026-08-14 02:59:59-04:00,0
GAS,2026-08-14 03:00:00-04:00,2026-08-14 03:59:59-04:00,2000
GAS,2026-08-14 04:00:00-04:00,2026-08-14 04:59:59-04:00,0
GAS,2026-08-14 05:00:00-04:00,2026-08-14 05:59:59-04:00,0
GAS,2026-08-14 06:00:00-04:00,2026-08-14 06:59:59-04:00,0
GAS,2026-08-14 07:00:00-04:00,2026-08-14 07:59:59-04:00,0
GAS,2026-08-14 08:00:00-04:00,2026-08-14 08:59:59-04:00,2000
GAS,2026-08-14 09:00:00-04:00,2026-08-14 09:59:59-04:00,0
GAS,2026-08-14 10:00:00-04:00,2026-08-14 10:59:59-04:00,8000
GAS,2026-08-14 11:00:00-04:00,2026-08-14 11:59:59-04:00,0
GAS,2026-08-14 12:00:00-04:00,2026-08-14 12:59:59-04:00,0
GAS,2026-08-14 13:00:00-04:00,2026-08-14 13:59:59-04:00,0
GAS,2026-08-14 14:00:00-04:00,2026-08-14 14:59:59-04:00,0
GAS,2026-08-14 15:00:00-04:00,2026-08-14 15:59:59-04:00,2000
GAS,2026-08-14 16:00:00-04:00,2026-08-14 16:59:59-04:00,0
GAS,2026-08-14 17:00:00-04:00,2026-08-14 17:59:59-04:00,0
GAS,2026-08-14 18:00:00-04:00,2026-08-14 18:59:59-04:00,0
GAS,2026-08-14 19:00:00-04:00,2026-08-14 19:59:59-04:00,0
GAS,2026-08-14 20:00:00-04:00,2026-08-14 20:59:59-04:00,2000
GAS,2026-08-14 21:00:00-04:00,2026-08-14 21:59:59-04:00,6000
GAS,2026-08-14 22:00:00-04:00,2026-08-14 22:59:59-04:00,2000
GAS,2026-08-14 23:00:00-04:00,2026-08-14 23:59:59-04:00,0
GAS,2026-08-15 00:00:00-04:00,2026-08-15 00:59:59-04:00,0
GAS,2026-08-15 01:00:00-04:00,2026-08-15 01:59:59-04:00,0
GAS,2026-08-15 02:00:00-04:00,2026-08-15 02:59:59-04:00,0
GAS,2026-08-15 03:00:00-04:00,2026-08-15 03:59:59-04:00,2000
GAS,2026-08-15 04:00:00-04:00,2026-08-15 04:59:59-04:00,0
GAS,2026-08-15 05:00:00-04:00,2026-08-15 05:59:59-04:00,0
GAS,2026-08-15 06:00:00-04:00,2026-08-15 06:59:59-04:00,0
GAS,2026-08-15 07:00:00-04:00,2026-08-15 07:59:59-04:00,6000
GAS,2026-08-15 08:00:00-04:00,2026-08-15 08:59:59-04:00,0
GAS,2026-08-15 09:00:00-04:00,2026-08-15 09:59:59-04:00,2000
GAS,2026-08-15 10:00:00-04:00,2026-08-15 10:59:59-04:00,0
GAS,2026-08-15 11:00:00-04:00,2026-08-15 11:59:59-04:00,0
GAS,2026-08-15 12:00:00-04:00,2026-08-15 12:59:59-04:00,0
GAS,2026-08-15 13:00:00-04:00,2026-08-15 13:59:59-04:00,0
GAS,2026-08-15 14:00:00-04:00,2026-08-15 14:59:59-04:00,2000
GAS,2026-08-15 15:00:00-04:00,2026-08-15 15:59:59-04:00,0
GAS,2026-08-15 16:00:00-04:00,2026-08-15 16:59:59-04:00,0
GAS,2026-08-15 17:00:00-04:00,2026-08-15 17:59:59-04:00,0
GAS,2026-08-15 18:00:00-04:00,2026-08-15 18:59:59-04:00,0
GAS,2026-08-15 19:00:00-04:00,2026-08-15 19:59:59-04:00,2000
GAS,2026-08-15 20:00:00-04:00,2026-08-15 20:59:59-04:00,0
GAS,2026-08-15 21:00:00-04:00,2026-08-15 21:59:59-04:00,0
GAS,2026-08-15 22:00:00-04:00,2026-08-15 22:59:59-04:00,0
GAS,2026-08-15 23:00:00-04:00,2026-08-15 23:59:59-04:00,0
GAS,2026-08-16 00:00:00-04:00,2026-08-16 00:59:59-04:00,2000
GAS,2026-08-16 01:00:00-04:00,2026-08-16 01:59:59-04:00,0
GAS,2026-08-16 02:00:00-04:00,2026-08-16 02:59:59-04:00,0
GAS,2026-08-16 03:00:00-04:00,2026-08-16 03:59:59-04:00,0
GAS,2026-08-16 04:00:00-04:00,2026-08-16 04:59:59-04:00,0
GAS,2026-08-16 05:00:00-04:00,2026-08-16 05:59:59-04:00,2000
GAS,2026-08-16 06:00:00-04:00,2026-08-16 06:59:59-04:00,0
GAS,2026-08-16 07:00:00-04:00,2026-08-16 07:59:59-04:00,0
GAS,2026-08-16 08:00:00-04:00,2026-08-16 08:59:59-04:00,0
GAS,2026-08-16 09:00:00-04:00,2026-08-16 09:59:59-04:00,0
GAS,2026-08-16 10:00:00-04:00,2026-08-16 10:59:59-04:00,2000
GAS,2026-08-16 11:00:00-04:00,2026-08-16 11:59:59-04:00,0
GAS,2026-08-16 12:00:00-04:00,2026-08-16 12:59:59-04:00,0
GAS,2026-08-16 13:00:00-04:00,2026-08-16 13:59:59-04:00,0
GAS,2026-08-16 14:00:00-04:00,2026-08-16 14:59:59-04:00,2000
GAS,2026-08-16 15:00:00-04:00,2026-08-16 15:59:59-04:00,0
GAS,2026-08-16 16:00:00-04:00,2026-08-16 16:59:59-04:00,0
GAS,2026-08-16 17:00:00-04:00,2026-08-16 17:59:59-04:00,0
GAS,2026-08-16 18:00:00-04:00,2026-08-16 18:59:59-04:00,0
GAS,2026-08-16 19:00:00-04:00,2026-08-16 19:59:59-04:00,10000
GAS,2026-08-16 20:00:00-04:00,2026-08-16 20:59:59-04:00,0
GAS,2026-08-16 21:00:00-04:00,2026-08-16 21:59:59-04:00,2000
GAS,2026-08-16 22:00:00-04:00,2026-08-16 22:59:59-04:00,0
GAS,2026-08-16 23:00:00-04:00,2026-08-16 23:59:59-04:00,0
GAS,2026-08-17 00:00:00-04:00,2026-08-17 00:59:59-04:00,0
GAS,2026-08-17 01:00:00-04:00,2026-08-17 01:59:59-04:00,0
GAS,2026-08-17 02:00:00-04:00,2026-08-17 02:59:59-04:00,2000
GAS,2026-08-17 03:00:00-04:00,2026-08-17 03:59:59-04:00,0
GAS,2026-08-17 04:00:00-04:00,2026-08-17 04:59:59-04:00,0
GAS,2026-08-17 05:00:00-04:00,2026-08-17 05:59:59-04:00,0
GAS,2026-08-17 06:00:00-04:00,2026-08-17 06:59:59-04:00,6000
GAS,2026-08-17 07:00:00-04:00,2026-08-17 07:59:59-04:00,0
GAS,2026-08-17 08:00:00-04:00,2026-08-17 08:59:59-04:00,0
GAS,2026-08-17 09:00:00-04:00,2026-08-17 09:59:59-04:00,0
GAS,2026-08-17 10:00:00-04:00,2026-08-17 10:59:59-04:00,0
GAS,2026-08-17 11:00:00-04:00,2026-08-17 11:59:59-04:00,2000
GAS,2026-08-17 12:00:00-04:00,2026-08-17 12:59:59-04:00,0
GAS,2026-08-17 13:00:00-04:00,2026-08-17 13:59:59-04:00,0
GAS,2026-08-17 14:00:00-04:00,2026-08-17 14:59:59-04:00,0
GAS,2026-08-17 15:00:00-04:00,2026-08-17 15:59:59-04:00,0
GAS,2026-08-17 16:00:00-04:00,2026-08-17 16:59:59-04:00,2000
GAS,2026-08-17 17:00:00-04:00,2026-08-17 17:59:59-04:00,0
GAS,2026-08-17 18:00:00-04:00,2026-08-17 18:59:59-04:00,0
GAS,2026-08-17 19:00:00-04:00,2026-08-17 19:59:59-04:00,0
GAS,2026-08-17 20:00:00-04:00,2026-08-17 20:59:59-04:00,0
GAS,2026-08-17 21:00:00-04:00,2026-08-17 21:59:59-04:00,2000
GAS,2026-08-17 22:00:00-04:00,2026-08-17 22:59:59-04:00,0
GAS,2026-08-17 23:00:00-04:00,2026-08-17 23:59:59-04:00,0
GAS,2026-08-18 00:00:00-04:00,2026-08-18 00:59:59-04:00,0
GAS,2026-08-18 01:00:00-04:00,2026-08-18 01:59:59-04:00,2000
GAS,2026-08-18 02:00:00-04:00,2026-08-18 02:59:59-04:00,0
GAS,2026-08-18 03:00:00-04:00,2026-08-18 03:59:59-04:00,0
GAS,2026-08-18 04:00:00-04:00,2026-08-18 04:59:59-04:00,0
GAS,2026-08-18 05:00:00-04:00,2026-08-18 05:59:59-04:00,0
GAS,2026-08-18 06:00:00-04:00,2026-08-18 06:59:59-04:00,2000
GAS,2026-08-18 07:00:00-04:00,2026-08-18 07:59:59-04:00,0
GAS,2026-08-18 08:00:00-04:00,2026-08-18 08:59:59-04:00,0
GAS,2026-08-18 09:00:00-04:00,2026-08-18 09:59:59-04:00,0
GAS,2026-08-18 10:00:00-04:00,2026-08-18 10:59:59-04:00,0
GAS,2026-08-18 11:00:00-04:00,2026-08-18 11:59:59-04:00,2000
GAS,2026-08-18 12:00:00-04:00,2026-08-18 12:59:59-04:00,0
GAS,2026-08-18 13:00:00-04:00,2026-08-18 13:59:59-04:00,0
GAS,2026-08-18 14:00:00-04:00,2026-08-18 14:59:59-04:00,0
GAS,2026-08-18 15:00:00-04:00,2026-08-18 15:59:59-04:00,0
GAS,2026-08-18 16:00:00-04:00,2026-08-18 16:59:59-04:00,2000
GAS,2026-08-18 17:00:00-04:00,2026-08-18 17:59:59-04:00,0
GAS,2026-08-18 18:00:00-04:00,2026-08-18 18:59:59-04:00,0
GAS,2026-08-18 19:00:00-04:00,2026-08-18 19:59:59-04:00,0
GAS,2026-08-18 20:00:00-04:00,2026-08-18 20:59:59-04:00,0
GAS,2026-08-18 21:00:00-04:00,2026-08-18 21:59:59-04:00,10000
GAS,2026-08-18 22:00:00-04:00,2026-08-18 22:59:59-04:00,2000
GAS,2026-08-18 23:00:00-04:00,2026-08-18 23:59:59-04:00,0
GAS,2026-08-19 00:00:00-04:00,2026-08-19 00:59:59-04:00,0
GAS,2026-08-19 01:00:00-04:00,2026-08-19 01:59:59-04:00,0
GAS,2026-08-19 02:00:00-04:00,2026-08-19 02:59:59-04:00,0
GAS,2026-08-19 03:00:00-04:00,2026-08-19 03:59:59-04:00,2000
GAS,2026-08-19 04:00:00-04:00,2026-08-19 04:59:59-04:00,0
GAS,2026-08-19 05:00:00-04:00,2026-08-19 05:59:59-04:00,0
GAS,2026-08-19 06:00:00-04:00,2026-08-19 06:59:59-04:00,0
GAS,2026-08-19 07:00:00-04:00,2026-08-19 07:59:59-04:00,6000
GAS,2026-08-19 08:00:00-04:00,2026-08-19 08:59:59-04:00,0
GAS,2026-08-19 09:00:00-04:00,2026-08-19 09:59:59-04:00,0
GAS,2026-08-19 10:00:00-04:00,2026-08-19 10:59:59-04:00,0
GAS,2026-08-19 11:00:00-04:00,2026-08-19 11:59:59-04:00,0
GAS,2026-08-19 12:00:00-04:00,2026-08-19 12:59:59-04:00,2000
GAS,2026-08-19 13:00:00-04:00,2026-08-19 13:59:59-04:00,0
GAS,2026-08-19 14:00:00-04:00,2026-08-19 14:59:59-04:00,0
GAS,2026-08-19 15:00:00-04:00,2026-08-19 15:59:59-04:00,0
GAS,2026-08-19 16:00:00-04:00,2026-08-19 16:59:59-04:00,0
GAS,2026-08-19 17:00:00-04:00,2026-08-19 17:59:59-04:00,2000
GAS,2026-08-19 18:00:00-04:00,2026-08-19 18:59:59-04:00,0
GAS,2026-08-19 19:00:00-04:00,2026-08-19 19:59:59-04:00,0
GAS,2026-08-19 20:00:00-04:00,2026-08-19 20:59:59-04:00,0
GAS,2026-08-19 21:00:00-04:00,2026-08-19 21:59:59-04:00,0
GAS,2026-08-19 22:00:00-04:00,2026-08-19 22:59:59-04:00,2000
GAS,2026-08-19 23:00:00-04:00,2026-08-19 23:59:59-04:00,0
GAS,2026-08-20 00:00:00-04:00,2026-08-20 00:59:59-04:00,0
GAS,2026-08-20 01:00:00-04:00,2026-08-20 01:59:59-04:00,0
GAS,2026-08-20 02:00:00-04:00,2026-08-20 02:59:59-04:00,0
GAS,2026-08-20 03:00:00-04:00,2026-08-20 03:59:59-04:00,2000
GAS,2026-08-20 04:00:00-04:00,2026-08-20 04:59:59-04:00,0
GAS,2026-08-20 05:00:00-04:00,2026-08-20 05:59:59-04:00,0
GAS,2026-08-20 06:00:00-04:00,2026-08-20 06:59:59-04:00,0
GAS,2026-08-20 07:00:00-04:00,2026-08-20 07:59:59-04:00,0
GAS,2026-08-20 08:00:00-04:00,2026-08-20 08:59:59-04:00,2000
GAS,2026-08-20 09:00:00-04:00,2026-08-20 09:59:59-04:00,0
GAS,2026-08-20 10:00:00-04:00,2026-08-20 10:59:59-04:00,0
GAS,2026-08-20 11:00:00-04:00,2026-08-20 11:59:59-04:00,0
GAS,2026-08-20 12:00:00-04:00,2026-08-20 12:59:59-04:00,2000
GAS,2026-08-20 13:00:00-04:00,2026-08-20 13:59:59-04:00,0
GAS,2026-08-20 14:00:00-04:00,2026-08-20 14:59:59-04:00,0
GAS,2026-08-20 15:00:00-04:00,2026-08-20 15:59:59-04:00,0
GAS,2026-08-20 16:00:00-04:00,2026-08-20 16:59:59-04:00,0
GAS,2026-08-20 17:00:00-04:00,2026-08-20 17:59:59-04:00,2000
GAS,2026-08-20 18:00:00-04:00,2026-08-20 18:59:59-04:00,0
GAS,2026-08-20 19:00:00-04:00,2026-08-20 19:59:59-04:00,0
GAS,2026-08-20 20:00:00-04:00,2026-08-20 20:59:59-04:00,2000
GAS,2026-08-20 21:00:00-04:00,2026-08-20 21:59:59-04:00,6000
GAS,2026-08-20 22:00:00-04:00,2026-08-20 22:59:59-04:00,0
GAS,2026-08-20 23:00:00-04:00,2026-08-20 23:59:59-04:00,0
GAS,2026-08-21 00:00:00-04:00,2026-08-21 00:59:59-04:00,2000
GAS,2026-08-21 01:00:00-04:00,2026-08-21 01:59:59-04:00,0
GAS,2026-08-21 02:00:00-04:00,2026-08-21 02:59:59-04:00,0
GAS,2026-08-21 03:00:00-04:00,2026-08-21 03:59:59-04:00,0
GAS,2026-08-21 04:00:00-04:00,2026-08-21 04:59:59-04:00,0
GAS,2026-08-21 05:00:00-04:00,2026-08-21 05:59:59-04:00,2000
GAS,2026-08-21 06:00:00-04:00,2026-08-21 06:59:59-04:00,0
GAS,2026-08-21 07:00:00-04:00,2026-08-21 07:59:59-04:00,0
GAS,2026-08-21 08:00:00-04:00,2026-08-21 08:59:59-04:00,0
GAS,2026-08-21 09:00:00-04:00,2026-08-21 09:59:59-04:00,0
GAS,2026-08-21 10:00:00-04:00,2026-08-21 10:59:59-04:00,2000
GAS,2026-08-21 11:00:00-04:00,2026-08-21 11:59:59-04:00,0
GAS,2026-08-21 12:00:00-04:00,2026-08-21 12:59:59-04:00,0
GAS,2026-08-21 13:00:00-04:00,2026-08-21 13:59:59-04:00,0
GAS,2026-08-21 14:00:00-04:00,2026-08-21 14:59:59-04:00,6000
GAS,2026-08-21 15:00:00-04:00,2026-08-21 15:59:59-04:00,0
GAS,2026-08-21 16:00:00-04:00,2026-08-21 16:59:59-04:00,0
GAS,2026-08-21 17:00:00-04:00,2026-08-21 17:59:59-04:00,0
GAS,2026-08-21 18:00:00-04:00,2026-08-21 18:59:59-04:00,2000
GAS,2026-08-21 19:00:00-04:00,2026-08-21 19:59:59-04:00,0
GAS,2026-08-21 20:00:00-04:00,2026-08-21 20:59:59-04:00,0
GAS,2026-08-21 21:00:00-04:00,2026-08-21 21:59:59-04:00,0
GAS,2026-08-21 22:00:00-04:00,2026-08-21 22:59:59-04:00,0
GAS,2026-08-21 23:00:00-04:00,2026-08-21 23:59:59-04:00,2000
GAS,2026-08-22 00:00:00-04:00,2026-08-22 00:59:59-04:00,0
GAS,2026-08-22 01:00:00-04:00,2026-08-22 01:59:59-04:00,0
GAS,2026-08-22 02:00:00-04:00,2026-08-22 02:59:59-04:00,0
GAS,2026-08-22 03:00:00-04:00,2026-08-22 03:59:59-04:00,0
GAS,2026-08-22 04:00:00-04:00,2026-08-22 04:59:59-04:00,2000
GAS,2026-08-22 05:00:00-04:00,2026-08-22 05:59:59-04:00,0
GAS,2026-08-22 06:00:00-04:00,2026-08-22 06:59:59-04:00,0
GAS,2026-08-22 07:00:00-04:00,2026-08-22 07:59:59-04:00,0
GAS,2026-08-22 08:00:00-04:00,2026-08-22 08:59:59-04:00,0
GAS,2026-08-22 09:00:00-04:00,2026-08-22 09:59:59-04:00,2000
GAS,2026-08-22 10:00:00-04:00,2026-08-22 10:59:59-04:00,0
GAS,2026-08-22 11:00:00-04:00,2026-08-22 11:59:59-04:00,0
GAS,2026-08-22 12:00:00-04:00,2026-08-22 12:59:59-04:00,0
GAS,2026-08-22 13:00:00-04:00,2026-08-22 13:59:59-04:00,0
GAS,2026-08-22 14:00:00-04:00,2026-08-22 14:59:59-04:00,2000
GAS,2026-08-22 15:00:00-04:00,2026-08-22 15:59:59-04:00,0
GAS,2026-08-22 16:00:00-04:00,2026-08-22 16:59:59-04:00,4000
GAS,2026-08-22 17:00:00-04:00,2026-08-22 17:59:59-04:00,0
GAS,2026-08-22 18:00:00-04:00,2026-08-22 18:59:59-04:00,2000
GAS,2026-08-22 19:00:00-04:00,2026-08-22 19:59:59-04:00,0
GAS,2026-08-22 20:00:00-04:00,2026-08-22 20:59:59-04:00,0
GAS,2026-08-22 21:00:00-04:00,2026-08-22 21:59:59-04:00,0
GAS,2026-08-22 22:00:00-04:00,2026-08-22 22:59:59-04:00,0
GAS,2026-08-22 23:00:00-04:00,2026-08-22 23:59:59-04:00,2000
GAS,2026-08-23 00:00:00-04:00,2026-08-23 00:59:59-04:00,0
GAS,2026-08-23 01:00:00-04:00,2026-08-23 01:59:59-04:00,0
GAS,2026-08-23 02:00:00-04:00,2026-08-23 02:59:59-04:00,0
GAS,2026-08-23 03:00:00-04:00,2026-08-23 03:59:59-04:00,0
GAS,2026-08-23 04:00:00-04:00,2026-08-23 04:59:59-04:00,2000
GAS,2026-08-23 05:00:00-04:00,2026-08-23 05:59:59-04:00,0
GAS,2026-08-23 06:00:00-04:00,2026-08-23 06:59:59-04:00,0
GAS,2026-08-23 07:00:00-04:00,2026-08-23 07:59:59-04:00,0
GAS,2026-08-23 08:00:00-04:00,2026-08-23 08:59:59-04:00,0
GAS,2026-08-23 09:00:00-04:00,2026-08-23 09:59:59-04:00,2000
GAS,2026-08-23 10:00:00-04:00,2026-08-23 10:59:59-04:00,0
GAS,2026-08-23 11:00:00-04:00,2026-08-23 11:59:59-04:00,4000
GAS,2026-08-23 12:00:00-04:00,2026-08-23 12:59:59-04:00,2000
GAS,2026-08-23 13:00:00-04:00,2026-08-23 13:59:59-04:00,0
GAS,2026-08-23 14:00:00-04:00,2026-08-23 14:59:59-04:00,0
GAS,2026-08-23 15:00:00-04:00,2026-08-23 15:59:59-04:00,0
GAS,2026-08-23 16:00:00-04:00,2026-08-23 16:59:59-04:00,0
GAS,2026-08-23 17:00:00-04:00,2026-08-23 17:59:59-04:00,2000
GAS,2026-08-23 18:00:00-04:00,2026-08-23 18:59:59-04:00,0
GAS,2026-08-23 19:00:00-04:00,2026-08-23 19:59:59-04:00,0
GAS,2026-08-23 20:00:00-04:00,2026-08-23 20:59:59-04:00,0
GAS,2026-08-23 21:00:00-04:00,2026-08-23 21:59:59-04:00,6000
GAS,2026-08-23 22:00:00-04:00,2026-08-23 22:59:59-04:00,2000
GAS,2026-08-23 23:00:00-04:00,2026-08-23 23:59:59-04:00,0
GAS,2026-08-24 00:00:00-04:00,2026-08-24 00:59:59-04:00,0
GAS,2026-08-24 01:00:00-04:00,2026-08-24 01:59:59-04:00,0
GAS,2026-08-24 02:00:00-04:00,2026-08-24 02:59:59-04:00,0
GAS,2026-08-24 03:00:00-04:00,2026-08-24 03:59:59-04:00,2000
GAS,2026-08-24 04:00:00-04:00,2026-08-24 04:59:59-04:00,0
GAS,2026-08-24 05:00:00-04:00,2026-08-24 05:59:59-04:00,0
GAS,2026-08-24 06:00:00-04:00,2026-08-24 06:59:59-04:00,0
GAS,2026-08-24 07:00:00-04:00,2026-08-24 07:59:59-04:00,0
GAS,2026-08-24 08:00:00-04:00,2026-08-24 08:59:59-04:00,2000
GAS,2026-08-24 09:00:00-04:00,2026-08-24 09:59:59-04:00,0
GAS,2026-08-24 10:00:00-04:00,2026-08-24 10:59:59-04:00,0
GAS,2026-08-24 11:00:00-04:00,2026-08-24 11:59:59-04:00,6000
GAS,2026-08-24 12:00:00-04:00,2026-08-24 12:59:59-04:00,0
GAS,2026-08-24 13:00:00-04:00,2026-08-24 13:59:59-04:00,0
GAS,2026-08-24 14:00:00-04:00,2026-08-24 14:59:59-04:00,0
GAS,2026-08-24 15:00:00-04:00,2026-08-24 15:59:59-04:00,0
GAS,2026-08-24 16:00:00-04:00,2026-08-24 16:59:59-04:00,2000
GAS,2026-08-24 17:00:00-04:00,2026-08-24 17:59:59-04:00,0
GAS,2026-08-24 18:00:00-04:00,2026-08-24 18:59:59-04:00,0
GAS,2026-08-24 19:00:00-04:00,2026-08-24 19:59:59-04:00,0
GAS,2026-08-24 20:00:00-04:00,2026-08-24 20:59:59-04:00,0
GAS,2026-08-24 21:00:00-04:00,2026-08-24 21:59:59-04:00,2000
GAS,2026-08-24 22:00:00-04:00,2026-08-24 22:59:59-04:00,0
GAS,2026-08-24 23:00:00-04:00,2026-08-24 23:59:59-04:00,0
GAS,2026-08-25 00:00:00-04:00,2026-08-25 00:59:59-04:00,0
GAS,2026-08-25 01:00:00-04:00,2026-08-25 01:59:59-04:00,0
GAS,2026-08-25 02:00:00-04:00,2026-08-25 02:59:59-04:00,2000
GAS,2026-08-25 03:00:00-04:00,2026-08-25 03:59:59-04:00,0
GAS,2026-08-25 04:00:00-04:00,2026-08-25 04:59:59-04:00,0
GAS,2026-08-25 05:00:00-04:00,2026-08-25 05:59:59-04:00,0
GAS,2026-08-25 06:00:00-04:00,2026-08-25 06:59:59-04:00,0
GAS,2026-08-25 07:00:00-04:00,2026-08-25 07:59:59-04:00,2000
GAS,2026-08-25 08:00:00-04:00,2026-08-25 08:59:59-04:00,0
GAS,2026-08-25 09:00:00-04:00,2026-08-25 09:59:59-04:00,0
GAS,2026-08-25 10:00:00-04:00,2026-08-25 10:59:59-04:00,0
GAS,2026-08-25 11:00:00-04:00,2026-08-25 11:59:59-04:00,0
GAS,2026-08-25 12:00:00-04:00,2026-08-25 12:59:59-04:00,2000
GAS,2026-08-25 13:00:00-04:00,2026-08-25 13:59:59-04:00,0
GAS,2026-08-25 14:00:00-04:00,2026-08-25 14:59:59-04:00,0
GAS,2026-08-25 15:00:00-04:00,2026-08-25 15:59:59-04:00,0
GAS,2026-08-25 16:00:00-04:00,2026-08-25 16:59:59-04:00,2000
GAS,2026-08-25 17:00:00-04:00,2026-08-25 17:59:59-04:00,0
GAS,2026-08-25 18:00:00-04:00,2026-08-25 18:59:59-04:00,0
GAS,2026-08-25 19:00:00-04:00,2026-08-25 19:59:59-04:00,0
GAS,2026-08-25 20:00:00-04:00,2026-08-25 20:59:59-04:00,2000
GAS,2026-08-25 21:00:00-04:00,2026-08-25 21:59:59-04:00,6000
GAS,2026-08-25 22:00:00-04:00,2026-08-25 22:59:59-04:00,0
GAS,2026-08-25 23:00:00-04:00,2026-08-25 23:59:59-04:00,0
GAS,2026-08-26 00:00:00-04:00,2026-08-26 00:59:59-04:00,0
GAS,2026-08-26 01:00:00-04:00,2026-08-26 01:59:59-04:00,2000
GAS,2026-08-26 02:00:00-04:00,2026-08-26 02:59:59-04:00,0
GAS,2026-08-26 03:00:00-04:00,2026-08-26 03:59:59-04:00,0
GAS,2026-08-26 04:00:00-04:00,2026-08-26 04:59:59-04:00,0
GAS,2026-08-26 05:00:00-04:00,2026-08-26 05:59:59-04:00,0
GAS,2026-08-26 06:00:00-04:00,2026-08-26 06:59:59-04:00,2000
GAS,2026-08-26 07:00:00-04:00,2026-08-26 07:59:59-04:00,0
GAS,2026-08-26 08:00:00-04:00,2026-08-26 08:59:59-04:00,0
GAS,2026-08-26 09:00:00-04:00,2026-08-26 09:59:59-04:00,0
GAS,2026-08-26 10:00:00-04:00,2026-08-26 10:59:59-04:00,0
GAS,2026-08-26 11:00:00-04:00,2026-08-26 11:59:59-04:00,2000
GAS,2026-08-26 12:00:00-04:00,2026-08-26 12:59:59-04:00,0
GAS,2026-08-26 13:00:00-04:00,2026-08-26 13:59:59-04:00,0
GAS,2026-08-26 14:00:00-04:00,2026-08-26 14:59:59-04:00,0
GAS,2026-08-26 15:00:00-04:00,2026-08-26 15:59:59-04:00,0
GAS,2026-08-26 16:00:00-04:00,2026-08-26 16:59:59-04:00,2000
GAS,2026-08-26 17:00:00-04:00,2026-08-26 17:59:59-04:00,0
GAS,2026-08-26 18:00:00-04:00,2026-08-26 18:59:59-04:00,0
GAS,2026-08-26 19:00:00-04:00,2026-08-26 19:59:59-04:00,0
GAS,2026-08-26 20:00:00-04:00,2026-08-26 20:59:59-04:00,0
GAS,2026-08-26 21:00:00-04:00,2026-08-26 21:59:59-04:00,2000
GAS,2026-08-26 22:00:00-04:00,2026-08-26 22:59:59-04:00,0
GAS,2026-08-26 23:00:00-04:00,2026-08-26 23:59:59-04:00,0
GAS,2026-08-27 00:00:00-04:00,2026-08-27 00:59:59-04:00,0
GAS,2026-08-27 01:00:00-04:00,2026-08-27 01:59:59-04:00,0
GAS,2026-08-27 02:00:00-04:00,2026-08-27 02:59:59-04:00,2000
GAS,2026-08-27 03:00:00-04:00,2026-08-27 03:59:59-04:00,0
GAS,2026-08-27 04:00:00-04:00,2026-08-27 04:59:59-04:00,0
GAS,2026-08-27 05:00:00-04:00,2026-08-27 05:59:59-04:00,0
GAS,2026-08-27 06:00:00-04:00,2026-08-27 06:59:59-04:00,0
GAS,2026-08-27 07:00:00-04:00,2026-08-27 07:59:59-04:00,2000
GAS,2026-08-27 08:00:00-04:00,2026-08-27 08:59:59-04:00,0
GAS,2026-08-27 09:00:00-04:00,2026-08-27 09:59:59-04:00,0
GAS,2026-08-27 10:00:00-04:00,2026-08-27 10:59:59-04:00,0
GAS,2026-08-27 11:00:00-04:00,2026-08-27 11:59:59-04:00,6000
GAS,2026-08-27 12:00:00-04:00,2026-08-27 12:59:59-04:00,0
GAS,2026-08-27 13:00:00-04:00,2026-08-27 13:59:59-04:00,0
GAS,2026-08-27 14:00:00-04:00,2026-08-27 14:59:59-04:00,2000
GAS,2026-08-27 15:00:00-04:00,2026-08-27 15:59:59-04:00,0
GAS,2026-08-27 16:00:00-04:00,2026-08-27 16:59:59-04:00,0
GAS,2026-08-27 17:00:00-04:00,2026-08-27 17:59:59-04:00,6000
GAS,2026-08-27 18:00:00-04:00,2026-08-27 18:59:59-04:00,0
GAS,2026-08-27 19:00:00-04:00,2026-08-27 19:59:59-04:00,2000
GAS,2026-08-27 20:00:00-04:00,2026-08-27 20:59:59-04:00,0
GAS,2026-08-27 21:00:00-04:00,2026-08-27 21:59:59-04:00,8000
GAS,2026-08-27 22:00:00-04:00,2026-08-27 22:59:59-04:00,0
GAS,2026-08-27 23:00:00-04:00,2026-08-27 23:59:59-04:00,0
GAS,2026-08-28 00:00:00-04:00,2026-08-28 00:59:59-04:00,0
GAS,2026-08-28 01:00:00-04:00,2026-08-28 01:59:59-04:00,2000
GAS,2026-08-28 02:00:00-04:00,2026-08-28 02:59:59-04:00,0
GAS,2026-08-28 03:00:00-04:00,2026-08-28 03:59:59-04:00,0
GAS,2026-08-28 04:00:00-04:00,2026-08-28 04:59:59-04:00,0
GAS,2026-08-28 05:00:00-04:00,2026-08-28 05:59:59-04:00,0
GAS,2026-08-28 06:00:00-04:00,2026-08-28 06:59:59-04:00,0
GAS,2026-08-28 07:00:00-04:00,2026-08-28 07:59:59-04:00,2000
GAS,2026-08-28 08:00:00-04:00,2026-08-28 08:59:59-04:00,0
GAS,2026-08-28 09:00:00-04:00,2026-08-28 09:59:59-04:00,0
GAS,2026-08-28 10:00:00-04:00,2026-08-28 10:59:59-04:00,0
GAS,2026-08-28 11:00:00-04:00,2026-08-28 11:59:59-04:00,0
GAS,2026-08-28 12:00:00-04:00,2026-08-28 12:59:59-04:00,2000
GAS,2026-08-28 13:00:00-04:00,2026-08-28 13:59:59-04:00,0
GAS,2026-08-28 14:00:00-04:00,2026-08-28 14:59:59-04:00,0
GAS,2026-08-28 15:00:00-04:00,2026-08-28 15:59:59-04:00,0
GAS,2026-08-28 16:00:00-04:00,2026-08-28 16:59:59-04:00,2000
GAS,2026-08-28 17:00:00-04:00,2026-08-28 17:59:59-04:00,0
GAS,2026-08-28 18:00:00-04:00,2026-08-28 18:59:59-04:00,0
GAS,2026-08-28 19:00:00-04:00,2026-08-28 19:59:59-04:00,0
GAS,2026-08-28 20:00:00-04:00,2026-08-28 20:59:59-04:00,0
GAS,2026-08-28 21:00:00-04:00,2026-08-28 21:59:59-04:00,6000
GAS,2026-08-28 22:00:00-04:00,2026-08-28 22:59:59-04:00,2000
GAS,2026-08-28 23:00:00-04:00,2026-08-28 23:59:59-04:00,0
GAS,2026-08-29 00:00:00-04:00,2026-08-29 00:59:59-04:00,0
GAS,2026-08-29 01:00:00-04:00,2026-08-29 01:59:59-04:00,0
GAS,2026-08-29 02:00:00-04:00,2026-08-29 02:59:59-04:00,0
GAS,2026-08-29 03:00:00-04:00,2026-08-29 03:59:59-04:00,2000
GAS,2026-08-29 04:00:00-04:00,2026-08-29 04:59:59-04:00,0
GAS,2026-08-29 05:00:00-04:00,2026-08-29 05:59:59-04:00,0
GAS,2026-08-29 06:00:00-04:00,2026-08-29 06:59:59-04:00,0
GAS,2026-08-29 07:00:00-04:00,2026-08-29 07:59:59-04:00,0
GAS,2026-08-29 08:00:00-04:00,2026-08-29 08:59:59-04:00,2000
GAS,2026-08-29 09:00:00-04:00,2026-08-29 09:59:59-04:00,0
GAS,2026-08-29 10:00:00-04:00,2026-08-29 10:59:59-04:00,0
GAS,2026-08-29 11:00:00-04:00,2026-08-29 11:59:59-04:00,0
GAS,2026-08-29 12:00:00-04:00,2026-08-29 12:59:59-04:00,0
GAS,2026-08-29 13:00:00-04:00,2026-08-29 13:59:59-04:00,2000
GAS,2026-08-29 14:00:00-04:00,2026-08-29 14:59:59-04:00,0
GAS,2026-08-29 15:00:00-04:00,2026-08-29 15:59:59-04:00,0
GAS,2026-08-29 16:00:00-04:00,2026-08-29 16:59:59-04:00,0
GAS,2026-08-29 17:00:00-04:00,2026-08-29 17:59:59-04:00,0
GAS,2026-08-29 18:00:00-04:00,2026-08-29 18:59:59-04:00,6000
GAS,2026-08-29 19:00:00-04:00,2026-08-29 19:59:59-04:00,0
GAS,2026-08-29 20:00:00-04:00,2026-08-29 20:59:59-04:00,2000
GAS,2026-08-29 21:00:00-04:00,2026-08-29 21:59:59-04:00,0
GAS,2026-08-29 22:00:00-04:00,2026-08-29 22:59:59-04:00,0
GAS,2026-08-29 23:00:00-04:00,2026-08-29 23:59:59-04:00,0
GAS,2026-08-30 00:00:00-04:00,2026-08-30 00:59:59-04:00,0
GAS,2026-08-30 01:00:00-04:00,2026-08-30 01:59:59-04:00,2000
GAS,2026-08-30 02:00:00-04:00,2026-08-30 02:59:59-04:00,0
GAS,2026-08-30 03:00:00-04:00,2026-08-30 03:59:59-04:00,0
GAS,2026-08-30 04:00:00-04:00,2026-08-30 04:59:59-04:00,0
GAS,2026-08-30 05:00:00-04:00,2026-08-30 05:59:59-04:00,0
GAS,2026-08-30 06:00:00-04:00,2026-08-30 06:59:59-04:00,4000
GAS,2026-08-30 07:00:00-04:00,2026-08-30 07:59:59-04:00,2000
GAS,2026-08-30 08:00:00-04:00,2026-08-30 08:59:59-04:00,0
GAS,2026-08-30 09:00:00-04:00,2026-08-30 09:59:59-04:00,0
GAS,2026-08-30 10:00:00-04:00,2026-08-30 10:59:59-04:00,0
GAS,2026-08-30 11:00:00-04:00,2026-08-30 11:59:59-04:00,2000
GAS,2026-08-30 12:00:00-04:00,2026-08-30 12:59:59-04:00,0
GAS,2026-08-30 13:00:00-04:00,2026-08-30 13:59:59-04:00,0
GAS,2026-08-30 14:00:00-04:00,2026-08-30 14:59:59-04:00,0
GAS,2026-08-30 15:00:00-04:00,2026-08-30 15:59:59-04:00,0
GAS,2026-08-30 16:00:00-04:00,2026-08-30 16:59:59-04:00,2000
GAS,2026-08-30 17:00:00-04:00,2026-08-30 17:59:59-04:00,0
GAS,2026-08-30 18:00:00-04:00,2026-08-30 18:59:59-04:00,0
GAS,2026-08-30 19:00:00-04:00,2026-08-30 19:59:59-04:00,0
GAS,2026-08-30 20:00:00-04:00,2026-08-30 20:59:59-04:00,0
GAS,2026-08-30 21:00:00-04:00,2026-08-30 21:59:59-04:00,2000
GAS,2026-08-30 22:00:00-04:00,2026-08-30 22:59:59-04:00,0
GAS,2026-08-30 23:00:00-04:00,2026-08-30 23:59:59-04:00,0
GAS,2026-08-31 00:00:00-04:00,2026-08-31 00:59:59-04:00,0
GAS,2026-08-31 01:00:00-04:00,2026-08-31 01:59:59-04:00,0
GAS,2026-08-31 02:00:00-04:00,2026-08-31 02:59:59-04:00,2000
GAS,2026-08-31 03:00:00-04:00,2026-08-31 03:59:59-04:00,0
GAS,2026-08-31 04:00:00-04:00,2026-08-31 04:59:59-04:00,0
GAS,2026-08-31 05:00:00-04:00,2026-08-31 05:59:59-04:00,0
GAS,2026-08-31 06:00:00-04:00,2026-08-31 06:59:59-04:00,0
GAS,2026-08-31 07:00:00-04:00,2026-08-31 07:59:59-04:00,2000
GAS,2026-08-31 08:00:00-04:00,2026-08-31 08:59:59-04:00,0
GAS,2026-08-31 09:00:00-04:00,2026-08-31 09:59:59-04:00,0
GAS,2026-08-31 10:00:00-04:00,2026-08-31 10:59:59-04:00,0
GAS,2026-08-31 11:00:00-04:00,2026-08-31 11:59:59-04:00,0
GAS,2026-08-31 12:00:00-04:00,2026-08-31 12:59:59-04:00,2000
GAS,2026-08-31 13:00:00-04:00,2026-08-31 13:59:59-04:00,0
GAS,2026-08-31 14:00:00-04:00,2026-08-31 14:59:59-04:00,0
GAS,2026-08-31 15:00:00-04:00,2026-08-31 15:59:59-04:00,0
GAS,2026-08-31 16:00:00-04:00,2026-08-31 16:59:59-04:00,2000
GAS,2026-08-31 17:00:00-04:00,2026-08-31 17:59:59-04:00,0
GAS,2026-08-31 18:00:00-04:00,2026-08-31 18:59:59-04:00,0
GAS,2026-08-31 19:00:00-04:00,2026-08-31 19:59:59-04:00,0
GAS,2026-08-31 20:00:00-04:00,2026-08-31 20:59:59-04:00,0
GAS,2026-08-31 21:00:00-04:00,2026-08-31 21:59:59-04:00,2000
GAS,2026-08-31 22:00:00-04:00,2026-08-31 22:59:59-04:00,0
GAS,2026-08-31 23:00:00-04:00,2026-08-31 23:59:59-04:00,0
GAS,2026-09-01 00:00:00-04:00,2026-09-01 00:59:59-04:00,0
GAS,2026-09-01 01:00:00-04:00,2026-09-01 01:59:59-04:00,0
GAS,2026-09-01 02:00:00-04:00,2026-09-01 02:59:59-04:00,2000
GAS,2026-09-01 03:00:00-04:00,2026-09-01 03:59:59-04:00,0
GAS,2026-09-01 04:00:00-04:00,2026-09-01 04:59:59-04:00,0
GAS,2026-09-01 05:00:00-04:00,2026-09-01 05:59:59-04:00,0
GAS,2026-09-01 06:00:00-04:00,2026-09-01 06:59:59-04:00,0
GAS,2026-09-01 07:00:00-04:00,2026-09-01 07:59:59-04:00,2000
GAS,2026-09-01 08:00:00-04:00,2026-09-01 08:59:59-04:00,0
GAS,2026-09-01 09:00:00-04:00,2026-09-01 09:59:59-04:00,0
GAS,2026-09-01 10:00:00-04:00,2026-09-01 10:59:59-04:00,0
GAS,2026-09-01 11:00:00-04:00,2026-09-01 11:59:59-04:00,0
GAS,2026-09-01 12:00:00-04:00,2026-09-01 12:59:59-04:00,2000
GAS,2026-09-01 13:00:00-04:00,2026-09-01 13:59:59-04:00,0
GAS,2026-09-01 14:00:00-04:00,2026-09-01 14:59:59-04:00,0
GAS,2026-09-01 15:00:00-04:00,2026-09-01 15:59:59-04:00,0
GAS,2026-09-01 16:00:00-04:00,2026-09-01 16:59:59-04:00,0
GAS,2026-09-01 17:00:00-04:00,2026-09-01 17:59:59-04:00,2000
GAS,2026-09-01 18:00:00-04:00,2026-09-01 18:59:59-04:00,0
GAS,2026-09-01 19:00:00-04:00,2026-09-01 19:59:59-04:00,0
GAS,2026-09-01 20:00:00-04:00,2026-09-01 20:59:59-04:00,10000
GAS,2026-09-01 21:00:00-04:00,2026-09-01 21:59:59-04:00,0
GAS,2026-09-01 22:00:00-04:00,2026-09-01 22:59:59-04:00,2000
GAS,2026-09-01 23:00:00-04:00,2026-09-01 23:59:59-04:00,0
GAS,2026-09-02 00:00:00-04:00,2026-09-02 00:59:59-04:00,0
GAS,2026-09-02 01:00:00-04:00,2026-09-02 01:59:59-04:00,0
GAS,2026-09-02 02:00:00-04:00,2026-09-02 02:59:59-04:00,0
GAS,2026-09-02 03:00:00-04:00,2026-09-02 03:59:59-04:00,2000
GAS,2026-09-02 04:00:00-04:00,2026-09-02 04:59:59-04:00,0
GAS,2026-09-02 05:00:00-04:00,2026-09-02 05:59:59-04:00,0
GAS,2026-09-02 06:00:00-04:00,2026-09-02 06:59:59-04:00,0
GAS,2026-09-02 07:00:00-04:00,2026-09-02 07:59:59-04:00,0
GAS,2026-09-02 08:00:00-04:00,2026-09-02 08:59:59-04:00,0
GAS,2026-09-02 09:00:00-04:00,2026-09-02 09:59:59-04:00,2000
GAS,2026-09-02 10:00:00-04:00,2026-09-02 10:59:59-04:00,0
GAS,2026-09-02 11:00:00-04:00,2026-09-02 11:59:59-04:00,0
GAS,2026-09-02 12:00:00-04:00,2026-09-02 12:59:59-04:00,0
GAS,2026-09-02 13:00:00-04:00,2026-09-02 13:59:59-04:00,2000
GAS,2026-09-02 14:00:00-04:00,2026-09-02 14:59:59-04:00,0
GAS,2026-09-02 15:00:00-04:00,2026-09-02 15:59:59-04:00,0
GAS,2026-09-02 16:00:00-04:00,2026-09-02 16:59:59-04:00,0
GAS,2026-09-02 17:00:00-04:00,2026-09-02 17:59:59-04:00,0
GAS,2026-09-02 18:00:00-04:00,2026-09-02 18:59:59-04:00,2000
GAS,2026-09-02 19:00:00-04:00,2026-09-02 19:59:59-04:00,4000
GAS,2026-09-02 20:00:00-04:00,2026-09-02 20:59:59-04:00,0
GAS,2026-09-02 21:00:00-04:00,2026-09-02 21:59:59-04:00,0
GAS,2026-09-02 22:00:00-04:00,2026-09-02 22:59:59-04:00,0
GAS,2026-09-02 23:00:00-04:00,2026-09-02 23:59:59-04:00,2000
GAS,2026-09-03 00:00:00-04:00,2026-09-03 00:59:59-04:00,0
GAS,2026-09-03 01:00:00-04:00,2026-09-03 01:59:59-04:00,0
GAS,2026-09-03 02:00:00-04:00,2026-09-03 02:59:59-04:00,0
GAS,2026-09-03 03:00:00-04:00,2026-09-03 03:59:59-04:00,0
GAS,2026-09-03 04:00:00-04:00,2026-09-03 04:59:59-04:00,2000
GAS,2026-09-03 05:00:00-04:00,2026-09-03 05:59:59-04:00,0
GAS,2026-09-03 06:00:00-04:00,2026-09-03 06:59:59-04:00,0
GAS,2026-09-03 07:00:00-04:00,2026-09-03 07:59:59-04:00,0
GAS,2026-09-03 08:00:00-04:00,2026-09-03 08:59:59-04:00,0
GAS,2026-09-03 09:00:00-04:00,2026-09-03 09:59:59-04:00,2000
GAS,2026-09-03 10:00:00-04:00,2026-09-03 10:59:59-04:00,0
GAS,2026-09-03 11:00:00-04:00,2026-09-03 11:59:59-04:00,0
GAS,2026-09-03 12:00:00-04:00,2026-09-03 12:59:59-04:00,0
GAS,2026-09-03 13:00:00-04:00,2026-09-03 13:59:59-04:00,2000
GAS,2026-09-03 14:00:00-04:00,2026-09-03 14:59:59-04:00,0
GAS,2026-09-03 15:00:00-04:00,2026-09-03 15:59:59-04:00,0
GAS,2026-09-03 16:00:00-04:00,2026-09-03 16:59:59-04:00,0
GAS,2026-09-03 17:00:00-04:00,2026-09-03 17:59:59-04:00,0
GAS,2026-09-03 18:00:00-04:00,2026-09-03 18:59:59-04:00,2000
GAS,2026-09-03 19:00:00-04:00,2026-09-03 19:59:59-04:00,0
GAS,2026-09-03 20:00:00-04:00,2026-09-03 20:59:59-04:00,8000
GAS,2026-09-03 21:00:00-04:00,2026-09-03 21:59:59-04:00,0
GAS,2026-09-03 22:00:00-04:00,2026-09-03 22:59:59-04:00,0
GAS,2026-09-03 23:00:00-04:00,2026-09-03 23:59:59-04:00,0
GAS,2026-09-04 00:00:00-04:00,2026-09-04 00:59:59-04:00,2000
GAS,2026-09-04 01:00:00-04:00,2026-09-04 01:59:59-04:00,0
GAS,2026-09-04 02:00:00-04:00,2026-09-04 02:59:59-04:00,0
GAS,2026-09-04 03:00:00-04:00,2026-09-04 03:59:59-04:00,0
GAS,2026-09-04 04:00:00-04:00,2026-09-04 04:59:59-04:00,0
GAS,2026-09-04 05:00:00-04:00,2026-09-04 05:59:59-04:00,2000
GAS,2026-09-04 06:00:00-04:00,2026-09-04 06:59:59-04:00,0
GAS,2026-09-04 07:00:00-04:00,2026-09-04 07:59:59-04:00,0
GAS,2026-09-04 08:00:00-04:00,2026-09-04 08:59:59-04:00,0
GAS,2026-09-04 09:00:00-04:00,2026-09-04 09:59:59-04:00,6000
GAS,2026-09-04 10:00:00-04:00,2026-09-04 10:59:59-04:00,0
GAS,2026-09-04 11:00:00-04:00,2026-09-04 11:59:59-04:00,0
GAS,2026-09-04 12:00:00-04:00,2026-09-04 12:59:59-04:00,2000
GAS,2026-09-04 13:00:00-04:00,2026-09-04 13:59:59-04:00,0
GAS,2026-09-04 14:00:00-04:00,2026-09-04 14:59:59-04:00,0
GAS,2026-09-04 15:00:00-04:00,2026-09-04 15:59:59-04:00,0
GAS,2026-09-04 16:00:00-04:00,2026-09-04 16:59:59-04:00,2000
GAS,2026-09-04 17:00:00-04:00,2026-09-04 17:59:59-04:00,0
GAS,2026-09-04 18:00:00-04:00,2026-09-04 18:59:59-04:00,0
GAS,2026-09-04 19:00:00-04:00,2026-09-04 19:59:59-04:00,0
GAS,2026-09-04 20:00:00-04:00,2026-09-04 20:59:59-04:00,0
GAS,2026-09-04 21:00:00-04:00,2026-09-04 21:59:59-04:00,2000
GAS,2026-09-04 22:00:00-04:00,2026-09-04 22:59:59-04:00,0
GAS,2026-09-04 23:00:00-04:00,2026-09-04 23:59:59-04:00,0
GAS,2026-09-05 00:00:00-04:00,2026-09-05 00:59:59-04:00,0
GAS,2026-09-05 01:00:00-04:00,2026-09-05 01:59:59-04:00,0
GAS,2026-09-05 02:00:00-04:00,2026-09-05 02:59:59-04:00,2000
GAS,2026-09-05 03:00:00-04:00,2026-09-05 03:59:59-04:00,0
GAS,2026-09-05 04:00:00-04:00,2026-09-05 04:59:59-04:00,0
GAS,2026-09-05 05:00:00-04:00,2026-09-05 05:59:59-04:00,0
GAS,2026-09-05 06:00:00-04:00,2026-09-05 06:59:59-04:00,0
GAS,2026-09-05 07:00:00-04:00,2026-09-05 07:59:59-04:00,2000
GAS,2026-09-05 08:00:00-04:00,2026-09-05 08:59:59-04:00,0
GAS,2026-09-05 09:00:00-04:00,2026-09-05 09:59:59-04:00,0
GAS,2026-09-05 10:00:00-04:00,2026-09-05 10:59:59-04:00,0
GAS,2026-09-05 11:00:00-04:00,2026-09-05 11:59:59-04:00,0
GAS,2026-09-05 12:00:00-04:00,2026-09-05 12:59:59-04:00,2000
GAS,2026-09-05 13:00:00-04:00,2026-09-05 13:59:59-04:00,0
GAS,2026-09-05 14:00:00-04:00,2026-09-05 14:59:59-04:00,0
GAS,2026-09-05 15:00:00-04:00,2026-09-05 15:59:59-04:00,0
GAS,2026-09-05 16:00:00-04:00,2026-09-05 16:59:59-04:00,0
GAS,2026-09-05 17:00:00-04:00,2026-09-05 17:59:59-04:00,2000
GAS,2026-09-05 18:00:00-04:00,2026-09-05 18:59:59-04:00,0
GAS,2026-09-05 19:00:00-04:00,2026-09-05 19:59:59-04:00,0
GAS,2026-09-05 20:00:00-04:00,2026-09-05 20:59:59-04:00,0
GAS,2026-09-05 21:00:00-04:00,2026-09-05 21:59:59-04:00,0
GAS,2026-09-05 22:00:00-04:00,2026-09-05 22:59:59-04:00,2000
GAS,2026-09-05 23:00:00-04:00,2026-09-05 23:59:59-04:00,0
GAS,2026-09-06 00:00:00-04:00,2026-09-06 00:59:59-04:00,0
GAS,2026-09-06 01:00:00-04:00,2026-09-06 01:59:59-04:00,0
GAS,2026-09-06 02:00:00-04:00,2026-09-06 02:59:59-04:00,0
GAS,2026-09-06 03:00:00-04:00,2026-09-06 03:59:59-04:00,2000
GAS,2026-09-06 04:00:00-04:00,2026-09-06 04:59:59-04:00,0
GAS,2026-09-06 05:00:00-04:00,2026-09-06 05:59:59-04:00,0
GAS,2026-09-06 06:00:00-04:00,2026-09-06 06:59:59-04:00,0
GAS,2026-09-06 07:00:00-04:00,2026-09-06 07:59:59-04:00,0
GAS,2026-09-06 08:00:00-04:00,2026-09-06 08:59:59-04:00,2000
GAS,2026-09-06 09:00:00-04:00,2026-09-06 09:59:59-04:00,0
GAS,2026-09-06 10:00:00-04:00,2026-09-06 10:59:59-04:00,0
GAS,2026-09-06 11:00:00-04:00,2026-09-06 11:59:59-04:00,0
GAS,2026-09-06 12:00:00-04:00,2026-09-06 12:59:59-04:00,0
GAS,2026-09-06 13:00:00-04:00,2026-09-06 13:59:59-04:00,2000
GAS,2026-09-06 14:00:00-04:00,2026-09-06 14:59:59-04:00,0
GAS,2026-09-06 15:00:00-04:00,2026-09-06 15:59:59-04:00,0
GAS,2026-09-06 16:00:00-04:00,2026-09-06 16:59:59-04:00,0
GAS,2026-09-06 17:00:00-04:00,2026-09-06 17:59:59-04:00,6000
GAS,2026-09-06 18:00:00-04:00,2026-09-06 18:59:59-04:00,2000
GAS,2026-09-06 19:00:00-04:00,2026-09-06 19:59:59-04:00,0
GAS,2026-09-06 20:00:00-04:00,2026-09-06 20:59:59-04:00,0
GAS,2026-09-06 21:00:00-04:00,2026-09-06 21:59:59-04:00,0
GAS,2026-09-06 22:00:00-04:00,2026-09-06 22:59:59-04:00,0
GAS,2026-09-06 23:00:00-04:00,2026-09-06 23:59:59-04:00,2000
